{"0001_memory": 0.4842348098754883, "0002_memory": 0.30752450227737427, "0003_memory": 0.43425673246383667, "0004_memory": 0.43017929792404175, "0005_memory": 0.3648499846458435, "0006_memory": 0.37956178188323975, "0007_memory": 0.3838997185230255, "0008_memory": 0.4549529552459717, "0009_memory": 0.31990087032318115, "0010_memory": 0.3754739463329315, "0011_memory": 0.4610779285430908, "0012_memory": 0.3521365523338318, "0013_memory": 0.3738308846950531, "0014_memory": 0.4293525815010071, "0015_memory": 0.4313191771507263, "0016_memory": 0.4941355288028717, "0017_memory": 0.43856945633888245, "0018_memory": 0.36243683099746704, "0019_memory": 0.33505767583847046, "0020_memory": 0.35432663559913635, "0021_memory": 0.39494773745536804, "0022_memory": 0.37046074867248535, "0023_memory": 0.03162278234958649, "0024_memory": 0.25177955627441406, "0025_memory": 0.20193760097026825, "0026_memory": 0.41991183161735535, "0027_memory": 0.42054855823516846, "0028_memory": 0.38804343342781067, "0029_memory": 0.32327333092689514, "0030_memory": 0.43304142355918884, "0031_memory": 0.36545300483703613, "0032_memory": 0.3065468668937683, "0033_memory": 0.46187108755111694, "0034_memory": 0.3486466407775879, "0035_memory": 0.37650200724601746, "0036_memory": 0.4474058747291565, "0037_memory": 0.3382667899131775, "0038_memory": 0.45107755064964294, "0039_memory": 0.32152533531188965, "0040_memory": 0.3436276316642761, "0041_memory": 0.3429899513721466, "0042_memory": 0.3635571599006653, "0043_memory": 0.3549683690071106, "0044_memory": 0.3398958742618561, "0045_memory": 0.3084269165992737, "0046_memory": 0.3113725483417511, "0047_memory": 0.32213008403778076, "0048_memory": 0.3800605833530426, "0049_memory": 0.3878211975097656, "0050_memory": 0.42993515729904175, "0051_memory": 0.35694825649261475, "0052_memory": 0.3326033353805542, "0053_memory": 0.46793901920318604, "0054_memory": 0.34794119000434875, "0055_memory": 0.3284096121788025, "0056_memory": 0.36996954679489136, "0057_memory": 0.36489224433898926, "0058_memory": 0.43036019802093506, "0059_memory": 0.42423176765441895, "0060_memory": 0.3911391496658325, "0061_memory": 0.34241920709609985, "0062_memory": 0.3210364580154419, "0063_memory": 0.3116818070411682, "0064_memory": 0.3517375588417053, "0065_memory": 0.45781445503234863, "0066_memory": 0.3996964693069458, "0067_memory": 0.41954708099365234, "0068_memory": 0.4337185323238373, "0069_memory": 0.4001970887184143, "0070_memory": 0.2816150188446045, "0071_memory": 0.33288097381591797, "0072_memory": 0.5067868232727051, "0073_memory": 0.3823215067386627, "0074_memory": 0.2082483023405075, "0075_memory": 0.3905879259109497, "0076_memory": 0.3355039060115814, "0077_memory": 0.370090126991272, "0078_memory": 0.3381199240684509, "0079_memory": 0.401941180229187, "0080_memory": 0.39505141973495483, "0081_memory": 0.32535094022750854, "0082_memory": 0.47145307064056396, "0083_memory": 0.39403849840164185, "0084_memory": 0.38482725620269775, "0085_memory": 0.3831968307495117, "0086_memory": 0.39663439989089966, "0087_memory": 0.47711193561553955, "0088_memory": 0.31552326679229736, "0089_memory": 0.36136341094970703, "0090_memory": 0.4673706591129303, "0091_memory": 0.37837424874305725, "0092_memory": 0.4240584969520569, "0093_memory": 0.3371945023536682, "0094_memory": 0.31629592180252075, "0095_memory": 0.3464275598526001, "0096_memory": 0.28141751885414124, "0097_memory": 0.3201122581958771, "0098_memory": 0.3003854751586914, "0099_memory": 0.34574154019355774, "0100_memory": 0.3367616534233093, "0101_memory": 0.34405919909477234, "0102_memory": 0.4038291573524475, "0103_memory": 0.3178621828556061, "0104_memory": 0.3934583067893982, "0105_memory": 0.4378422200679779, "0106_memory": 0.401695191860199, "0107_memory": 0.364546537399292, "0108_memory": 0.3927832841873169, "0109_memory": 0.3169096112251282, "0110_memory": 0.3114653527736664, "0111_memory": 0.36399728059768677, "0112_memory": 0.38269364833831787, "0113_memory": 0.37053078413009644, "0114_memory": 0.33195948600769043, "0115_memory": 0.3578965961933136, "0116_memory": 0.3557771146297455, "0117_memory": 0.3854769766330719, "0118_memory": 0.3550158143043518, "0119_memory": 0.2964385449886322, "0120_memory": 0.3352445960044861, "0121_memory": 0.32161688804626465, "0122_memory": 0.4019896388053894, "0123_memory": 0.38425490260124207, "0124_memory": 0.38216423988342285, "0125_memory": 0.2784814238548279, "0126_memory": 0.345140278339386, "0127_memory": 0.34237849712371826, "0128_memory": 0.29790157079696655, "0129_memory": 0.3218958377838135, "0130_memory": 0.3108101487159729, "0131_memory": 0.39951878786087036, "0132_memory": 0.37319210171699524, "0133_memory": 0.34032320976257324, "0134_memory": 0.3482058346271515, "0135_memory": 0.40323877334594727, "0136_memory": 0.4312870502471924, "0137_memory": 0.3515121340751648, "0138_memory": 0.48730868101119995, "0139_memory": 0.40180379152297974, "0140_memory": 0.33204877376556396, "0141_memory": 0.44470304250717163, "0142_memory": 0.46011975407600403, "0143_memory": 0.4615117609500885, "0144_memory": 0.45309919118881226, "0145_memory": 0.4984445869922638}