{"0001_memory": 0.4856523871421814, "0002_memory": 0.3178836703300476, "0003_memory": 0.4345289468765259, "0004_memory": 0.4341176450252533, "0005_memory": 0.37089866399765015, "0006_memory": 0.373263418674469, "0007_memory": 0.3839779496192932, "0008_memory": 0.4607882499694824, "0009_memory": 0.3164183795452118, "0010_memory": 0.37790918350219727, "0011_memory": 0.46646326780319214, "0012_memory": 0.35159286856651306, "0013_memory": 0.37524473667144775, "0014_memory": 0.4287910759449005, "0015_memory": 0.43659377098083496, "0016_memory": 0.49727559089660645, "0017_memory": 0.4424147605895996, "0018_memory": 0.35393834114074707, "0019_memory": 0.34893596172332764, "0020_memory": 0.3615747094154358, "0021_memory": 0.398953378200531, "0022_memory": 0.37470847368240356, "0023_memory": 0.2082483023405075, "0024_memory": 0.2757328152656555, "0025_memory": 0.24789495766162872, "0026_memory": 0.42147138714790344, "0027_memory": 0.42191967368125916, "0028_memory": 0.39215877652168274, "0029_memory": 0.3266623020172119, "0030_memory": 0.43489235639572144, "0031_memory": 0.3657202124595642, "0032_memory": 0.28925877809524536, "0033_memory": 0.4674241542816162, "0034_memory": 0.3475119173526764, "0035_memory": 0.38155245780944824, "0036_memory": 0.452022910118103, "0037_memory": 0.34569934010505676, "0038_memory": 0.4527912139892578, "0039_memory": 0.32160839438438416, "0040_memory": 0.34829992055892944, "0041_memory": 0.3543514609336853, "0042_memory": 0.3732006847858429, "0043_memory": 0.35796311497688293, "0044_memory": 0.34486252069473267, "0045_memory": 0.3037254512310028, "0046_memory": 0.3145816922187805, "0047_memory": 0.32608726620674133, "0048_memory": 0.3889375329017639, "0049_memory": 0.39457404613494873, "0050_memory": 0.43202632665634155, "0051_memory": 0.35215991735458374, "0052_memory": 0.3400190472602844, "0053_memory": 0.47307777404785156, "0054_memory": 0.3460066318511963, "0055_memory": 0.3272774815559387, "0056_memory": 0.38064461946487427, "0057_memory": 0.36512893438339233, "0058_memory": 0.4388808012008667, "0059_memory": 0.4367620348930359, "0060_memory": 0.3890380263328552, "0061_memory": 0.34423795342445374, "0062_memory": 0.3198069632053375, "0063_memory": 0.3128455579280853, "0064_memory": 0.3543856739997864, "0065_memory": 0.4615938663482666, "0066_memory": 0.4125943183898926, "0067_memory": 0.42426300048828125, "0068_memory": 0.44070857763290405, "0069_memory": 0.4067540764808655, "0070_memory": 0.262879878282547, "0071_memory": 0.34107476472854614, "0072_memory": 0.5105816125869751, "0073_memory": 0.3879348039627075, "0074_memory": 0.03162278234958649, "0075_memory": 0.39717334508895874, "0076_memory": 0.3373550474643707, "0077_memory": 0.3695128858089447, "0078_memory": 0.3465495705604553, "0079_memory": 0.4013843536376953, "0080_memory": 0.4018617272377014, "0081_memory": 0.307353675365448, "0082_memory": 0.47040683031082153, "0083_memory": 0.41231703758239746, "0084_memory": 0.38208645582199097, "0085_memory": 0.3856830894947052, "0086_memory": 0.40848833322525024, "0087_memory": 0.47890231013298035, "0088_memory": 0.3197927474975586, "0089_memory": 0.36197617650032043, "0090_memory": 0.46485376358032227, "0091_memory": 0.38363176584243774, "0092_memory": 0.4301835894584656, "0093_memory": 0.34569117426872253, "0094_memory": 0.3278278708457947, "0095_memory": 0.3461046814918518, "0096_memory": 0.3007723093032837, "0097_memory": 0.31789475679397583, "0098_memory": 0.3279000520706177, "0099_memory": 0.35033243894577026, "0100_memory": 0.34999117255210876, "0101_memory": 0.3533884882926941, "0102_memory": 0.40593773126602173, "0103_memory": 0.32423797249794006, "0104_memory": 0.39652517437934875, "0105_memory": 0.4474523961544037, "0106_memory": 0.3986494243144989, "0107_memory": 0.3658730983734131, "0108_memory": 0.39411622285842896, "0109_memory": 0.3129076063632965, "0110_memory": 0.31745684146881104, "0111_memory": 0.3692648112773895, "0112_memory": 0.38449394702911377, "0113_memory": 0.3738839328289032, "0114_memory": 0.3300642967224121, "0115_memory": 0.35806503891944885, "0116_memory": 0.3638792634010315, "0117_memory": 0.4006519913673401, "0118_memory": 0.35372021794319153, "0119_memory": 0.2859269976615906, "0120_memory": 0.33731380105018616, "0121_memory": 0.31672152876853943, "0122_memory": 0.39779746532440186, "0123_memory": 0.39339679479599, "0124_memory": 0.38687556982040405, "0125_memory": 0.29547959566116333, "0126_memory": 0.3459681272506714, "0127_memory": 0.3441044092178345, "0128_memory": 0.3076748251914978, "0129_memory": 0.3250170648097992, "0130_memory": 0.3148001432418823, "0131_memory": 0.4079607427120209, "0132_memory": 0.3812771737575531, "0133_memory": 0.32238173484802246, "0134_memory": 0.3639097213745117, "0135_memory": 0.4054363965988159, "0136_memory": 0.4340696930885315, "0137_memory": 0.3546884059906006, "0138_memory": 0.4916590452194214, "0139_memory": 0.40357786417007446, "0140_memory": 0.34224438667297363, "0141_memory": 0.44972389936447144, "0142_memory": 0.4604254961013794, "0143_memory": 0.46686020493507385, "0144_memory": 0.4535587430000305, "0145_memory": 0.5035309791564941}