{"0001_memory": 0.4971126914024353, "0002_memory": 0.3722701966762543, "0003_memory": 0.4724891185760498, "0004_memory": 0.4297043979167938, "0005_memory": 0.4164811372756958, "0006_memory": 0.3438393473625183, "0007_memory": 0.33821457624435425, "0008_memory": 0.4722597002983093, "0009_memory": 0.38967427611351013, "0010_memory": 0.3582862913608551, "0011_memory": 0.47272059321403503, "0012_memory": 0.4003380537033081, "0013_memory": 0.32071197032928467, "0014_memory": 0.4159325063228607, "0015_memory": 0.4733000695705414, "0016_memory": 0.5057624578475952, "0017_memory": 0.4787830412387848, "0018_memory": 0.30301904678344727, "0019_memory": 0.32868319749832153, "0020_memory": 0.321897029876709, "0021_memory": 0.3831309378147125, "0022_memory": 0.32145968079566956, "0023_memory": 0.36136341094970703, "0024_memory": 0.3728629946708679, "0025_memory": 0.35470104217529297, "0026_memory": 0.409503698348999, "0027_memory": 0.45490726828575134, "0028_memory": 0.3609076142311096, "0029_memory": 0.3802313506603241, "0030_memory": 0.45672667026519775, "0031_memory": 0.4030241072177887, "0032_memory": 0.3896609842777252, "0033_memory": 0.47212427854537964, "0034_memory": 0.37521255016326904, "0035_memory": 0.42992037534713745, "0036_memory": 0.4551973044872284, "0037_memory": 0.3993214964866638, "0038_memory": 0.4610731303691864, "0039_memory": 0.3646281063556671, "0040_memory": 0.3850197196006775, "0041_memory": 0.4101506769657135, "0042_memory": 0.39762118458747864, "0043_memory": 0.3237996995449066, "0044_memory": 0.32607024908065796, "0045_memory": 0.3773135542869568, "0046_memory": 0.37866735458374023, "0047_memory": 0.3561760187149048, "0048_memory": 0.33570170402526855, "0049_memory": 0.3735887110233307, "0050_memory": 0.4670413136482239, "0051_memory": 0.2638166844844818, "0052_memory": 0.3890703022480011, "0053_memory": 0.482296884059906, "0054_memory": 0.36866819858551025, "0055_memory": 0.33573707938194275, "0056_memory": 0.4268549680709839, "0057_memory": 0.3149385452270508, "0058_memory": 0.4659917950630188, "0059_memory": 0.46601811051368713, "0060_memory": 0.3438100218772888, "0061_memory": 0.3668277859687805, "0062_memory": 0.35756632685661316, "0063_memory": 0.3328973054885864, "0064_memory": 0.21249225735664368, "0065_memory": 0.4712520241737366, "0066_memory": 0.40117061138153076, "0067_memory": 0.4047490954399109, "0068_memory": 0.47558361291885376, "0069_memory": 0.44400131702423096, "0070_memory": 0.3844382166862488, "0071_memory": 0.3692874610424042, "0072_memory": 0.5129297375679016, "0073_memory": 0.3644420802593231, "0074_memory": 0.36197617650032043, "0075_memory": 0.3812153935432434, "0076_memory": 0.39406782388687134, "0077_memory": 0.4169650673866272, "0078_memory": 0.3684372007846832, "0079_memory": 0.38819876313209534, "0080_memory": 0.3797929883003235, "0081_memory": 0.3877177834510803, "0082_memory": 0.48436108231544495, "0083_memory": 0.3961619436740875, "0084_memory": 0.4264356791973114, "0085_memory": 0.33751243352890015, "0086_memory": 0.39249834418296814, "0087_memory": 0.4879128932952881, "0088_memory": 0.3892787992954254, "0089_memory": 0.03162278234958649, "0090_memory": 0.4751439094543457, "0091_memory": 0.4330047369003296, "0092_memory": 0.42438805103302, "0093_memory": 0.4034014940261841, "0094_memory": 0.35180243849754333, "0095_memory": 0.4021884799003601, "0096_memory": 0.37308159470558167, "0097_memory": 0.3946481943130493, "0098_memory": 0.3934362530708313, "0099_memory": 0.36543452739715576, "0100_memory": 0.349588543176651, "0101_memory": 0.3726184368133545, "0102_memory": 0.39110225439071655, "0103_memory": 0.36295372247695923, "0104_memory": 0.4308580756187439, "0105_memory": 0.44841089844703674, "0106_memory": 0.38844382762908936, "0107_memory": 0.4110623598098755, "0108_memory": 0.3455870747566223, "0109_memory": 0.34881770610809326, "0110_memory": 0.3822268843650818, "0111_memory": 0.2902832329273224, "0112_memory": 0.37247976660728455, "0113_memory": 0.3024473786354065, "0114_memory": 0.3447803258895874, "0115_memory": 0.30772221088409424, "0116_memory": 0.2840932607650757, "0117_memory": 0.38334405422210693, "0118_memory": 0.22218914330005646, "0119_memory": 0.3910908102989197, "0120_memory": 0.3573422431945801, "0121_memory": 0.33315882086753845, "0122_memory": 0.38888677954673767, "0123_memory": 0.36702489852905273, "0124_memory": 0.3165823519229889, "0125_memory": 0.37538230419158936, "0126_memory": 0.37252292037010193, "0127_memory": 0.396574467420578, "0128_memory": 0.3732634484767914, "0129_memory": 0.38848429918289185, "0130_memory": 0.3878154456615448, "0131_memory": 0.39291077852249146, "0132_memory": 0.3130660057067871, "0133_memory": 0.359960675239563, "0134_memory": 0.2649134397506714, "0135_memory": 0.37492281198501587, "0136_memory": 0.4223719835281372, "0137_memory": 0.34730440378189087, "0138_memory": 0.49964356422424316, "0139_memory": 0.3926893472671509, "0140_memory": 0.3351067900657654, "0141_memory": 0.45288538932800293, "0142_memory": 0.4681636095046997, "0143_memory": 0.4759751558303833, "0144_memory": 0.464729368686676, "0145_memory": 0.5081257224082947}