{"0001_memory": 0.48173362016677856, "0002_memory": 0.3478645086288452, "0003_memory": 0.41711923480033875, "0004_memory": 0.4419718384742737, "0005_memory": 0.33704906702041626, "0006_memory": 0.38408932089805603, "0007_memory": 0.38716742396354675, "0008_memory": 0.46036672592163086, "0009_memory": 0.33847880363464355, "0010_memory": 0.3950864374637604, "0011_memory": 0.45544546842575073, "0012_memory": 0.31034162640571594, "0013_memory": 0.3860376477241516, "0014_memory": 0.42911311984062195, "0015_memory": 0.413982093334198, "0016_memory": 0.49344494938850403, "0017_memory": 0.41593414545059204, "0018_memory": 0.36438772082328796, "0019_memory": 0.36763936281204224, "0020_memory": 0.37791603803634644, "0021_memory": 0.402147114276886, "0022_memory": 0.3843541741371155, "0023_memory": 0.32535094022750854, "0024_memory": 0.33846694231033325, "0025_memory": 0.33542269468307495, "0026_memory": 0.4315950870513916, "0027_memory": 0.4030212163925171, "0028_memory": 0.4063628911972046, "0029_memory": 0.3330736458301544, "0030_memory": 0.40977710485458374, "0031_memory": 0.32919394969940186, "0032_memory": 0.3288283348083496, "0033_memory": 0.4643440246582031, "0034_memory": 0.3689863681793213, "0035_memory": 0.3411738872528076, "0036_memory": 0.45965445041656494, "0037_memory": 0.3077913224697113, "0038_memory": 0.4606236517429352, "0039_memory": 0.3393092155456543, "0040_memory": 0.30189716815948486, "0041_memory": 0.3196192979812622, "0042_memory": 0.33628973364830017, "0043_memory": 0.374674916267395, "0044_memory": 0.3732198178768158, "0045_memory": 0.3255836069583893, "0046_memory": 0.25377821922302246, "0047_memory": 0.3514045178890228, "0048_memory": 0.39706194400787354, "0049_memory": 0.4169920086860657, "0050_memory": 0.4098535478115082, "0051_memory": 0.37880939245224, "0052_memory": 0.3127623498439789, "0053_memory": 0.47155240178108215, "0054_memory": 0.3738328218460083, "0055_memory": 0.35654085874557495, "0056_memory": 0.33823272585868835, "0057_memory": 0.3829297125339508, "0058_memory": 0.41224509477615356, "0059_memory": 0.41213715076446533, "0060_memory": 0.39540916681289673, "0061_memory": 0.3650462031364441, "0062_memory": 0.3418036103248596, "0063_memory": 0.3494839668273926, "0064_memory": 0.3802248537540436, "0065_memory": 0.4638962149620056, "0066_memory": 0.42817842960357666, "0067_memory": 0.4393896460533142, "0068_memory": 0.4173840880393982, "0069_memory": 0.3870953321456909, "0070_memory": 0.34250324964523315, "0071_memory": 0.3694143295288086, "0072_memory": 0.5046188831329346, "0073_memory": 0.4090598225593567, "0074_memory": 0.307353675365448, "0075_memory": 0.40753549337387085, "0076_memory": 0.24835821986198425, "0077_memory": 0.3236876130104065, "0078_memory": 0.3663697838783264, "0079_memory": 0.40335917472839355, "0080_memory": 0.4165000915527344, "0081_memory": 0.03162278234958649, "0082_memory": 0.4701930284500122, "0083_memory": 0.4246331453323364, "0084_memory": 0.34692832827568054, "0085_memory": 0.38997477293014526, "0086_memory": 0.42317110300064087, "0087_memory": 0.47692936658859253, "0088_memory": 0.3311918377876282, "0089_memory": 0.3877177834510803, "0090_memory": 0.4576173424720764, "0091_memory": 0.3385302424430847, "0092_memory": 0.4285469055175781, "0093_memory": 0.3133634924888611, "0094_memory": 0.3609778881072998, "0095_memory": 0.29010656476020813, "0096_memory": 0.34646010398864746, "0097_memory": 0.3443603217601776, "0098_memory": 0.33519458770751953, "0099_memory": 0.37715569138526917, "0100_memory": 0.3793465793132782, "0101_memory": 0.3702583909034729, "0102_memory": 0.40770870447158813, "0103_memory": 0.3455882668495178, "0104_memory": 0.3769584000110626, "0105_memory": 0.46024608612060547, "0106_memory": 0.4065992832183838, "0107_memory": 0.341655433177948, "0108_memory": 0.4017297625541687, "0109_memory": 0.3443937599658966, "0110_memory": 0.28323161602020264, "0111_memory": 0.3857780992984772, "0112_memory": 0.4032445251941681, "0113_memory": 0.3857724070549011, "0114_memory": 0.3649585247039795, "0115_memory": 0.37299054861068726, "0116_memory": 0.3842746317386627, "0117_memory": 0.4138343036174774, "0118_memory": 0.3672313094139099, "0119_memory": 0.32696694135665894, "0120_memory": 0.3700439929962158, "0121_memory": 0.3618590831756592, "0122_memory": 0.4166133403778076, "0123_memory": 0.4131513833999634, "0124_memory": 0.3948322832584381, "0125_memory": 0.3503216803073883, "0126_memory": 0.36341696977615356, "0127_memory": 0.2710110545158386, "0128_memory": 0.34661126136779785, "0129_memory": 0.3124699592590332, "0130_memory": 0.3164665102958679, "0131_memory": 0.4210454821586609, "0132_memory": 0.3922222852706909, "0133_memory": 0.34976911544799805, "0134_memory": 0.38030436635017395, "0135_memory": 0.40931302309036255, "0136_memory": 0.44158077239990234, "0137_memory": 0.3838779330253601, "0138_memory": 0.4882245361804962, "0139_memory": 0.4096042513847351, "0140_memory": 0.3752315640449524, "0141_memory": 0.4583463668823242, "0142_memory": 0.45387163758277893, "0143_memory": 0.4665307402610779, "0144_memory": 0.45017731189727783, "0145_memory": 0.49800437688827515}