{"0001_memory": 0.4098578989505768, "0002_memory": 0.4206155240535736, "0003_memory": 0.47478601336479187, "0004_memory": 0.24325641989707947, "0005_memory": 0.43872106075286865, "0006_memory": 0.3936937749385834, "0007_memory": 0.3773565888404846, "0008_memory": 0.36130601167678833, "0009_memory": 0.42668813467025757, "0010_memory": 0.3933820128440857, "0011_memory": 0.3383103013038635, "0012_memory": 0.4390108585357666, "0013_memory": 0.385800838470459, "0014_memory": 0.03162278234958649, "0015_memory": 0.46570366621017456, "0016_memory": 0.40457087755203247, "0017_memory": 0.4696081280708313, "0018_memory": 0.40755486488342285, "0019_memory": 0.40988218784332275, "0020_memory": 0.41074323654174805, "0021_memory": 0.34705406427383423, "0022_memory": 0.392630398273468, "0023_memory": 0.4293525815010071, "0024_memory": 0.4178401231765747, "0025_memory": 0.42928093671798706, "0026_memory": 0.2325424700975418, "0027_memory": 0.4643956422805786, "0028_memory": 0.4075314402580261, "0029_memory": 0.4339999556541443, "0030_memory": 0.4700359106063843, "0031_memory": 0.4351256489753723, "0032_memory": 0.42582792043685913, "0033_memory": 0.3191676735877991, "0034_memory": 0.4275549650192261, "0035_memory": 0.435202956199646, "0036_memory": 0.2923068404197693, "0037_memory": 0.4305694103240967, "0038_memory": 0.3062719702720642, "0039_memory": 0.425042986869812, "0040_memory": 0.4318268895149231, "0041_memory": 0.44071853160858154, "0042_memory": 0.4352502226829529, "0043_memory": 0.40369752049446106, "0044_memory": 0.4129077196121216, "0045_memory": 0.4235445559024811, "0046_memory": 0.4325345754623413, "0047_memory": 0.42744725942611694, "0048_memory": 0.3932686746120453, "0049_memory": 0.3829333782196045, "0050_memory": 0.46828049421310425, "0051_memory": 0.4110536277294159, "0052_memory": 0.4355713725090027, "0053_memory": 0.38715416193008423, "0054_memory": 0.43608558177948, "0055_memory": 0.4192190170288086, "0056_memory": 0.4404192864894867, "0057_memory": 0.39794468879699707, "0058_memory": 0.47089511156082153, "0059_memory": 0.46900588274002075, "0060_memory": 0.39209824800491333, "0061_memory": 0.42197638750076294, "0062_memory": 0.429405152797699, "0063_memory": 0.4318619668483734, "0064_memory": 0.4084222912788391, "0065_memory": 0.31349509954452515, "0066_memory": 0.27765029668807983, "0067_memory": 0.2651207447052002, "0068_memory": 0.4736347198486328, "0069_memory": 0.46009561419487, "0070_memory": 0.4381728768348694, "0071_memory": 0.42361465096473694, "0072_memory": 0.4217687249183655, "0073_memory": 0.38018888235092163, "0074_memory": 0.4287910759449005, "0075_memory": 0.3536648154258728, "0076_memory": 0.424007773399353, "0077_memory": 0.4365566670894623, "0078_memory": 0.4162784814834595, "0079_memory": 0.3365107774734497, "0080_memory": 0.31181800365448, "0081_memory": 0.42911311984062195, "0082_memory": 0.3781380355358124, "0083_memory": 0.33775344491004944, "0084_memory": 0.4396142363548279, "0085_memory": 0.3882371485233307, "0086_memory": 0.2926435172557831, "0087_memory": 0.39506635069847107, "0088_memory": 0.4274299144744873, "0089_memory": 0.4159325063228607, "0090_memory": 0.3307996988296509, "0091_memory": 0.4410631060600281, "0092_memory": 0.20961759984493256, "0093_memory": 0.4387489855289459, "0094_memory": 0.4302961230278015, "0095_memory": 0.4358924925327301, "0096_memory": 0.4255187511444092, "0097_memory": 0.42370015382766724, "0098_memory": 0.430245578289032, "0099_memory": 0.42572280764579773, "0100_memory": 0.42046964168548584, "0101_memory": 0.4201715588569641, "0102_memory": 0.34111255407333374, "0103_memory": 0.4282514452934265, "0104_memory": 0.44596463441848755, "0105_memory": 0.28918978571891785, "0106_memory": 0.32564911246299744, "0107_memory": 0.43654149770736694, "0108_memory": 0.3920721411705017, "0109_memory": 0.4247632622718811, "0110_memory": 0.437630295753479, "0111_memory": 0.404243528842926, "0112_memory": 0.3741416335105896, "0113_memory": 0.40262287855148315, "0114_memory": 0.42464733123779297, "0115_memory": 0.4019753932952881, "0116_memory": 0.41887378692626953, "0117_memory": 0.3858318626880646, "0118_memory": 0.41053611040115356, "0119_memory": 0.43978577852249146, "0120_memory": 0.4273379445075989, "0121_memory": 0.4193938970565796, "0122_memory": 0.31025734543800354, "0123_memory": 0.40077662467956543, "0124_memory": 0.406103253364563, "0125_memory": 0.4309684634208679, "0126_memory": 0.41814231872558594, "0127_memory": 0.42811769247055054, "0128_memory": 0.41951289772987366, "0129_memory": 0.4316393733024597, "0130_memory": 0.4360108971595764, "0131_memory": 0.3807951807975769, "0132_memory": 0.39868491888046265, "0133_memory": 0.4304262399673462, "0134_memory": 0.4090121388435364, "0135_memory": 0.34318214654922485, "0136_memory": 0.22310957312583923, "0137_memory": 0.41753560304641724, "0138_memory": 0.3969005346298218, "0139_memory": 0.3569393754005432, "0140_memory": 0.4270422160625458, "0141_memory": 0.29197371006011963, "0142_memory": 0.33649682998657227, "0143_memory": 0.37043315172195435, "0144_memory": 0.3450610339641571, "0145_memory": 0.4063658118247986}