{"0001_memory": 0.4073735177516937, "0002_memory": 0.4437286853790283, "0003_memory": 0.4811626076698303, "0004_memory": 0.03162278234958649, "0005_memory": 0.4419829249382019, "0006_memory": 0.3948419690132141, "0007_memory": 0.4068406820297241, "0008_memory": 0.33507096767425537, "0009_memory": 0.44389018416404724, "0010_memory": 0.3952081799507141, "0011_memory": 0.32045042514801025, "0012_memory": 0.4404938817024231, "0013_memory": 0.3900163173675537, "0014_memory": 0.24325641989707947, "0015_memory": 0.4786606431007385, "0016_memory": 0.40423184633255005, "0017_memory": 0.4860265552997589, "0018_memory": 0.4335430860519409, "0019_memory": 0.4356153905391693, "0020_memory": 0.43704909086227417, "0021_memory": 0.38094502687454224, "0022_memory": 0.41760241985321045, "0023_memory": 0.43017929792404175, "0024_memory": 0.43307721614837646, "0025_memory": 0.4347716271877289, "0026_memory": 0.30129504203796387, "0027_memory": 0.47561439871788025, "0028_memory": 0.4065154790878296, "0029_memory": 0.4468654692173004, "0030_memory": 0.4866306185722351, "0031_memory": 0.4586220979690552, "0032_memory": 0.443866491317749, "0033_memory": 0.2995530366897583, "0034_memory": 0.4409440755844116, "0035_memory": 0.4560345411300659, "0036_memory": 0.23496215045452118, "0037_memory": 0.45028823614120483, "0038_memory": 0.25401216745376587, "0039_memory": 0.45176073908805847, "0040_memory": 0.4518156051635742, "0041_memory": 0.4544793665409088, "0042_memory": 0.4559297263622284, "0043_memory": 0.4326525330543518, "0044_memory": 0.4305342137813568, "0045_memory": 0.4446895718574524, "0046_memory": 0.43304288387298584, "0047_memory": 0.45174944400787354, "0048_memory": 0.41935816407203674, "0049_memory": 0.389168381690979, "0050_memory": 0.4848223328590393, "0051_memory": 0.42640793323516846, "0052_memory": 0.4340687096118927, "0053_memory": 0.37042295932769775, "0054_memory": 0.4468047618865967, "0055_memory": 0.43075132369995117, "0056_memory": 0.44446316361427307, "0057_memory": 0.41568368673324585, "0058_memory": 0.4838497042655945, "0059_memory": 0.48084795475006104, "0060_memory": 0.39763957262039185, "0061_memory": 0.4431426525115967, "0062_memory": 0.44786524772644043, "0063_memory": 0.44261467456817627, "0064_memory": 0.4203486442565918, "0065_memory": 0.2915257215499878, "0066_memory": 0.3263992667198181, "0067_memory": 0.3128993511199951, "0068_memory": 0.4828876852989197, "0069_memory": 0.46796488761901855, "0070_memory": 0.44379374384880066, "0071_memory": 0.4394984841346741, "0072_memory": 0.4194934666156769, "0073_memory": 0.39320075511932373, "0074_memory": 0.4341176450252533, "0075_memory": 0.37940698862075806, "0076_memory": 0.4468591809272766, "0077_memory": 0.45886629819869995, "0078_memory": 0.43766504526138306, "0079_memory": 0.36709702014923096, "0080_memory": 0.3397168517112732, "0081_memory": 0.4419718384742737, "0082_memory": 0.37411826848983765, "0083_memory": 0.3574014902114868, "0084_memory": 0.4605408012866974, "0085_memory": 0.40238332748413086, "0086_memory": 0.33522146940231323, "0087_memory": 0.38795191049575806, "0088_memory": 0.4473608136177063, "0089_memory": 0.4297043979167938, "0090_memory": 0.31589972972869873, "0091_memory": 0.45497891306877136, "0092_memory": 0.20122988522052765, "0093_memory": 0.43866267800331116, "0094_memory": 0.4391747713088989, "0095_memory": 0.4558752179145813, "0096_memory": 0.4430570602416992, "0097_memory": 0.44628503918647766, "0098_memory": 0.4437448978424072, "0099_memory": 0.44389259815216064, "0100_memory": 0.4356546401977539, "0101_memory": 0.44264450669288635, "0102_memory": 0.38086453080177307, "0103_memory": 0.45209741592407227, "0104_memory": 0.45744025707244873, "0105_memory": 0.21592462062835693, "0106_memory": 0.3639744520187378, "0107_memory": 0.4463895559310913, "0108_memory": 0.41632819175720215, "0109_memory": 0.44169580936431885, "0110_memory": 0.4336889386177063, "0111_memory": 0.4159807562828064, "0112_memory": 0.3912738859653473, "0113_memory": 0.4228091239929199, "0114_memory": 0.42900335788726807, "0115_memory": 0.4336703419685364, "0116_memory": 0.4361926019191742, "0117_memory": 0.39874398708343506, "0118_memory": 0.4227204918861389, "0119_memory": 0.44744813442230225, "0120_memory": 0.4348038136959076, "0121_memory": 0.427194207906723, "0122_memory": 0.3394004702568054, "0123_memory": 0.40022242069244385, "0124_memory": 0.4222561717033386, "0125_memory": 0.4443238377571106, "0126_memory": 0.44428741931915283, "0127_memory": 0.45255717635154724, "0128_memory": 0.44763004779815674, "0129_memory": 0.4491422176361084, "0130_memory": 0.43399688601493835, "0131_memory": 0.39385849237442017, "0132_memory": 0.4201910197734833, "0133_memory": 0.44088828563690186, "0134_memory": 0.42207860946655273, "0135_memory": 0.3674275279045105, "0136_memory": 0.2945738434791565, "0137_memory": 0.43371903896331787, "0138_memory": 0.39281919598579407, "0139_memory": 0.3854469656944275, "0140_memory": 0.43250608444213867, "0141_memory": 0.23192502558231354, "0142_memory": 0.3153351843357086, "0143_memory": 0.3514101505279541, "0144_memory": 0.3176027536392212, "0145_memory": 0.40503042936325073}