{"0001_memory": 0.48308873176574707, "0002_memory": 0.3285648822784424, "0003_memory": 0.45356041193008423, "0004_memory": 0.4431426525115967, "0005_memory": 0.3969160318374634, "0006_memory": 0.3740707039833069, "0007_memory": 0.3492213487625122, "0008_memory": 0.467498779296875, "0009_memory": 0.33766409754753113, "0010_memory": 0.3820231556892395, "0011_memory": 0.4642065167427063, "0012_memory": 0.3773057460784912, "0013_memory": 0.3636513948440552, "0014_memory": 0.42197638750076294, "0015_memory": 0.444935142993927, "0016_memory": 0.492491751909256, "0017_memory": 0.4526582360267639, "0018_memory": 0.3519911766052246, "0019_memory": 0.32288694381713867, "0020_memory": 0.3453283905982971, "0021_memory": 0.37832608819007874, "0022_memory": 0.3442973494529724, "0023_memory": 0.34241920709609985, "0024_memory": 0.33426886796951294, "0025_memory": 0.34043067693710327, "0026_memory": 0.4085959196090698, "0027_memory": 0.4339335560798645, "0028_memory": 0.3873518705368042, "0029_memory": 0.33331918716430664, "0030_memory": 0.43757006525993347, "0031_memory": 0.36883437633514404, "0032_memory": 0.3398735523223877, "0033_memory": 0.4545881748199463, "0034_memory": 0.2944355607032776, "0035_memory": 0.3954600691795349, "0036_memory": 0.43253543972969055, "0037_memory": 0.3569456934928894, "0038_memory": 0.4450836777687073, "0039_memory": 0.3283764719963074, "0040_memory": 0.3536117672920227, "0041_memory": 0.36813920736312866, "0042_memory": 0.3797825574874878, "0043_memory": 0.34090086817741394, "0044_memory": 0.3117266893386841, "0045_memory": 0.33014875650405884, "0046_memory": 0.3664136528968811, "0047_memory": 0.3261372148990631, "0048_memory": 0.3451148271560669, "0049_memory": 0.3808857798576355, "0050_memory": 0.43775707483291626, "0051_memory": 0.36015474796295166, "0052_memory": 0.36463862657546997, "0053_memory": 0.4739804267883301, "0054_memory": 0.333956241607666, "0055_memory": 0.31649449467658997, "0056_memory": 0.40545517206192017, "0057_memory": 0.3469981551170349, "0058_memory": 0.4424239993095398, "0059_memory": 0.4487939774990082, "0060_memory": 0.38128429651260376, "0061_memory": 0.03162278234958649, "0062_memory": 0.33313775062561035, "0063_memory": 0.32702937722206116, "0064_memory": 0.3632076680660248, "0065_memory": 0.4501744210720062, "0066_memory": 0.3989110589027405, "0067_memory": 0.411318838596344, "0068_memory": 0.4568730890750885, "0069_memory": 0.4186769127845764, "0070_memory": 0.3548615276813507, "0071_memory": 0.26753348112106323, "0072_memory": 0.5025591850280762, "0073_memory": 0.3643336594104767, "0074_memory": 0.34423795342445374, "0075_memory": 0.3653126358985901, "0076_memory": 0.35497528314590454, "0077_memory": 0.3852670192718506, "0078_memory": 0.2859300971031189, "0079_memory": 0.39823073148727417, "0080_memory": 0.40078458189964294, "0081_memory": 0.3650462031364441, "0082_memory": 0.4685137867927551, "0083_memory": 0.4149514138698578, "0084_memory": 0.3973391354084015, "0085_memory": 0.363067626953125, "0086_memory": 0.3981586694717407, "0087_memory": 0.47822362184524536, "0088_memory": 0.3287392854690552, "0089_memory": 0.3668277859687805, "0090_memory": 0.46067631244659424, "0091_memory": 0.40472346544265747, "0092_memory": 0.43686243891716003, "0093_memory": 0.381478488445282, "0094_memory": 0.30868539214134216, "0095_memory": 0.3659508228302002, "0096_memory": 0.3333684206008911, "0097_memory": 0.3362717628479004, "0098_memory": 0.3433965742588043, "0099_memory": 0.25072431564331055, "0100_memory": 0.32829129695892334, "0101_memory": 0.23750461637973785, "0102_memory": 0.3910742402076721, "0103_memory": 0.32942983508110046, "0104_memory": 0.40576010942459106, "0105_memory": 0.44654834270477295, "0106_memory": 0.4061511158943176, "0107_memory": 0.3852270245552063, "0108_memory": 0.3526792824268341, "0109_memory": 0.33486151695251465, "0110_memory": 0.341421902179718, "0111_memory": 0.3563007116317749, "0112_memory": 0.37508583068847656, "0113_memory": 0.35420066118240356, "0114_memory": 0.32814735174179077, "0115_memory": 0.33150798082351685, "0116_memory": 0.37017154693603516, "0117_memory": 0.37456610798835754, "0118_memory": 0.3612864017486572, "0119_memory": 0.360443115234375, "0120_memory": 0.2883707880973816, "0121_memory": 0.32192039489746094, "0122_memory": 0.3968273997306824, "0123_memory": 0.38649168610572815, "0124_memory": 0.362033486366272, "0125_memory": 0.33463001251220703, "0126_memory": 0.2648107409477234, "0127_memory": 0.3612092137336731, "0128_memory": 0.33178383111953735, "0129_memory": 0.35166847705841064, "0130_memory": 0.36149710416793823, "0131_memory": 0.3882489800453186, "0132_memory": 0.352645605802536, "0133_memory": 0.3173314929008484, "0134_memory": 0.34655874967575073, "0135_memory": 0.4022179841995239, "0136_memory": 0.4226651191711426, "0137_memory": 0.3359164297580719, "0138_memory": 0.4865814447402954, "0139_memory": 0.386860191822052, "0140_memory": 0.32386231422424316, "0141_memory": 0.44015058875083923, "0142_memory": 0.4646342992782593, "0143_memory": 0.46655094623565674, "0144_memory": 0.4586014747619629, "0145_memory": 0.4984026253223419}