{"0001_memory": 0.4759707450866699, "0002_memory": 0.38783401250839233, "0003_memory": 0.4679000675678253, "0004_memory": 0.389168381690979, "0005_memory": 0.4277814030647278, "0006_memory": 0.2996760606765747, "0007_memory": 0.32569289207458496, "0008_memory": 0.44700226187705994, "0009_memory": 0.40463417768478394, "0010_memory": 0.2654775381088257, "0011_memory": 0.4420182704925537, "0012_memory": 0.42832618951797485, "0013_memory": 0.3028828501701355, "0014_memory": 0.3829333782196045, "0015_memory": 0.4590599834918976, "0016_memory": 0.4786638617515564, "0017_memory": 0.46719929575920105, "0018_memory": 0.37689876556396484, "0019_memory": 0.374500572681427, "0020_memory": 0.3788781762123108, "0021_memory": 0.3205838203430176, "0022_memory": 0.33685773611068726, "0023_memory": 0.3878211975097656, "0024_memory": 0.37204617261886597, "0025_memory": 0.3830406069755554, "0026_memory": 0.37593647837638855, "0027_memory": 0.46255725622177124, "0028_memory": 0.30580469965934753, "0029_memory": 0.408944696187973, "0030_memory": 0.4736504554748535, "0031_memory": 0.43162184953689575, "0032_memory": 0.40792882442474365, "0033_memory": 0.4195094108581543, "0034_memory": 0.38935279846191406, "0035_memory": 0.42941784858703613, "0036_memory": 0.3973500728607178, "0037_memory": 0.41287854313850403, "0038_memory": 0.4097626209259033, "0039_memory": 0.4015631079673767, "0040_memory": 0.41652923822402954, "0041_memory": 0.41763028502464294, "0042_memory": 0.42796987295150757, "0043_memory": 0.37215882539749146, "0044_memory": 0.3688996434211731, "0045_memory": 0.40567266941070557, "0046_memory": 0.40204349160194397, "0047_memory": 0.40132296085357666, "0048_memory": 0.3337162435054779, "0049_memory": 0.03162278234958649, "0050_memory": 0.4708039164543152, "0051_memory": 0.3696715235710144, "0052_memory": 0.4094974398612976, "0053_memory": 0.45794111490249634, "0054_memory": 0.38739505410194397, "0055_memory": 0.34752389788627625, "0056_memory": 0.42469048500061035, "0057_memory": 0.33946195244789124, "0058_memory": 0.46704554557800293, "0059_memory": 0.4625561237335205, "0060_memory": 0.31539759039878845, "0061_memory": 0.3808857798576355, "0062_memory": 0.40360569953918457, "0063_memory": 0.3969210386276245, "0064_memory": 0.35911238193511963, "0065_memory": 0.4231090545654297, "0066_memory": 0.3602072298526764, "0067_memory": 0.3704220652580261, "0068_memory": 0.46696093678474426, "0069_memory": 0.4501391053199768, "0070_memory": 0.40778177976608276, "0071_memory": 0.37645334005355835, "0072_memory": 0.4932486414909363, "0073_memory": 0.21196414530277252, "0074_memory": 0.39457404613494873, "0075_memory": 0.3079613745212555, "0076_memory": 0.4110860228538513, "0077_memory": 0.4257134199142456, "0078_memory": 0.37681347131729126, "0079_memory": 0.3369670510292053, "0080_memory": 0.3371845483779907, "0081_memory": 0.4169920086860657, "0082_memory": 0.4569128155708313, "0083_memory": 0.3538817763328552, "0084_memory": 0.43226414918899536, "0085_memory": 0.3219844102859497, "0086_memory": 0.35195592045783997, "0087_memory": 0.4658466875553131, "0088_memory": 0.40530094504356384, "0089_memory": 0.3735887110233307, "0090_memory": 0.4369804263114929, "0091_memory": 0.436440110206604, "0092_memory": 0.39408957958221436, "0093_memory": 0.42087826132774353, "0094_memory": 0.3923720121383667, "0095_memory": 0.40793848037719727, "0096_memory": 0.39123356342315674, "0097_memory": 0.40912652015686035, "0098_memory": 0.40782856941223145, "0099_memory": 0.3838614225387573, "0100_memory": 0.36693039536476135, "0101_memory": 0.3821543753147125, "0102_memory": 0.33126145601272583, "0103_memory": 0.4059580862522125, "0104_memory": 0.43319886922836304, "0105_memory": 0.39749443531036377, "0106_memory": 0.3440118730068207, "0107_memory": 0.42027801275253296, "0108_memory": 0.3354341387748718, "0109_memory": 0.39620324969291687, "0110_memory": 0.3977062702178955, "0111_memory": 0.3450199365615845, "0112_memory": 0.25482553243637085, "0113_memory": 0.3474029004573822, "0114_memory": 0.3723527789115906, "0115_memory": 0.37654566764831543, "0116_memory": 0.38128820061683655, "0117_memory": 0.2852689027786255, "0118_memory": 0.36311233043670654, "0119_memory": 0.4169697165489197, "0120_memory": 0.38373899459838867, "0121_memory": 0.36198416352272034, "0122_memory": 0.34720343351364136, "0123_memory": 0.24886897206306458, "0124_memory": 0.34913742542266846, "0125_memory": 0.3949861526489258, "0126_memory": 0.38121992349624634, "0127_memory": 0.41722583770751953, "0128_memory": 0.3974287509918213, "0129_memory": 0.4048897624015808, "0130_memory": 0.3964582085609436, "0131_memory": 0.29810240864753723, "0132_memory": 0.3395177721977234, "0133_memory": 0.38056957721710205, "0134_memory": 0.35670414566993713, "0135_memory": 0.34236976504325867, "0136_memory": 0.38460707664489746, "0137_memory": 0.37493038177490234, "0138_memory": 0.47070688009262085, "0139_memory": 0.3006277084350586, "0140_memory": 0.3681994378566742, "0141_memory": 0.40312957763671875, "0142_memory": 0.42966753244400024, "0143_memory": 0.4461095929145813, "0144_memory": 0.43771788477897644, "0145_memory": 0.48321497440338135}