{"0001_memory": 0.47910287976264954, "0002_memory": 0.37170618772506714, "0003_memory": 0.46611809730529785, "0004_memory": 0.4068406820297241, "0005_memory": 0.40405890345573425, "0006_memory": 0.29686087369918823, "0007_memory": 0.03162278234958649, "0008_memory": 0.45721006393432617, "0009_memory": 0.3652441203594208, "0010_memory": 0.3139599561691284, "0011_memory": 0.44430428743362427, "0012_memory": 0.4058365225791931, "0013_memory": 0.2826681137084961, "0014_memory": 0.3773565888404846, "0015_memory": 0.4549502730369568, "0016_memory": 0.4841962158679962, "0017_memory": 0.4657112956047058, "0018_memory": 0.32621559500694275, "0019_memory": 0.3362540006637573, "0020_memory": 0.34092602133750916, "0021_memory": 0.33643385767936707, "0022_memory": 0.2728460431098938, "0023_memory": 0.3838997185230255, "0024_memory": 0.3720543384552002, "0025_memory": 0.38214778900146484, "0026_memory": 0.3737788796424866, "0027_memory": 0.4484015703201294, "0028_memory": 0.31436318159103394, "0029_memory": 0.37752607464790344, "0030_memory": 0.45445525646209717, "0031_memory": 0.4012546241283417, "0032_memory": 0.3782612085342407, "0033_memory": 0.4358510971069336, "0034_memory": 0.34615159034729004, "0035_memory": 0.4179787039756775, "0036_memory": 0.41804057359695435, "0037_memory": 0.388335645198822, "0038_memory": 0.41885966062545776, "0039_memory": 0.3581778407096863, "0040_memory": 0.38659995794296265, "0041_memory": 0.3961142599582672, "0042_memory": 0.40256983041763306, "0043_memory": 0.3360305428504944, "0044_memory": 0.34307369589805603, "0045_memory": 0.37257811427116394, "0046_memory": 0.3901282250881195, "0047_memory": 0.3783189356327057, "0048_memory": 0.26673614978790283, "0049_memory": 0.32569289207458496, "0050_memory": 0.45241740345954895, "0051_memory": 0.31764715909957886, "0052_memory": 0.3947245478630066, "0053_memory": 0.46826601028442383, "0054_memory": 0.3747618794441223, "0055_memory": 0.3460484445095062, "0056_memory": 0.4186423718929291, "0057_memory": 0.2920036315917969, "0058_memory": 0.4605830907821655, "0059_memory": 0.462019681930542, "0060_memory": 0.2855977416038513, "0061_memory": 0.3492213487625122, "0062_memory": 0.37555500864982605, "0063_memory": 0.3649793565273285, "0064_memory": 0.3317180275917053, "0065_memory": 0.4288818836212158, "0066_memory": 0.3770838975906372, "0067_memory": 0.38794973492622375, "0068_memory": 0.4641872048377991, "0069_memory": 0.4335516393184662, "0070_memory": 0.3959089517593384, "0071_memory": 0.3545195460319519, "0072_memory": 0.49590519070625305, "0073_memory": 0.3181435465812683, "0074_memory": 0.3839779496192932, "0075_memory": 0.34012284874916077, "0076_memory": 0.3836089074611664, "0077_memory": 0.40407609939575195, "0078_memory": 0.3522361218929291, "0079_memory": 0.3571452498435974, "0080_memory": 0.37490272521972656, "0081_memory": 0.38716742396354675, "0082_memory": 0.46195048093795776, "0083_memory": 0.37759286165237427, "0084_memory": 0.41611284017562866, "0085_memory": 0.2399481236934662, "0086_memory": 0.3719997704029083, "0087_memory": 0.47237837314605713, "0088_memory": 0.3762596547603607, "0089_memory": 0.33821457624435425, "0090_memory": 0.4382236897945404, "0091_memory": 0.41544821858406067, "0092_memory": 0.3941991329193115, "0093_memory": 0.40094518661499023, "0094_memory": 0.3733600378036499, "0095_memory": 0.38848382234573364, "0096_memory": 0.3695939779281616, "0097_memory": 0.38300883769989014, "0098_memory": 0.3870404064655304, "0099_memory": 0.3576027750968933, "0100_memory": 0.35377660393714905, "0101_memory": 0.34776055812835693, "0102_memory": 0.3464457094669342, "0103_memory": 0.37289538979530334, "0104_memory": 0.4218823313713074, "0105_memory": 0.41897767782211304, "0106_memory": 0.35649144649505615, "0107_memory": 0.41279152035713196, "0108_memory": 0.20583221316337585, "0109_memory": 0.3637952208518982, "0110_memory": 0.3944826126098633, "0111_memory": 0.31095799803733826, "0112_memory": 0.3215739130973816, "0113_memory": 0.3091014623641968, "0114_memory": 0.3651508390903473, "0115_memory": 0.33041614294052124, "0116_memory": 0.34036558866500854, "0117_memory": 0.3341764807701111, "0118_memory": 0.3206654191017151, "0119_memory": 0.39609676599502563, "0120_memory": 0.36548706889152527, "0121_memory": 0.3601389527320862, "0122_memory": 0.3729158639907837, "0123_memory": 0.3219767212867737, "0124_memory": 0.30778729915618896, "0125_memory": 0.3789389729499817, "0126_memory": 0.3500104546546936, "0127_memory": 0.38482680916786194, "0128_memory": 0.3679409921169281, "0129_memory": 0.3850129246711731, "0130_memory": 0.38951927423477173, "0131_memory": 0.34398144483566284, "0132_memory": 0.28545790910720825, "0133_memory": 0.36756590008735657, "0134_memory": 0.31872010231018066, "0135_memory": 0.3625604510307312, "0136_memory": 0.3885264992713928, "0137_memory": 0.3574863076210022, "0138_memory": 0.4764775037765503, "0139_memory": 0.3444094657897949, "0140_memory": 0.3636610805988312, "0141_memory": 0.41542941331863403, "0142_memory": 0.44412553310394287, "0143_memory": 0.4603424072265625, "0144_memory": 0.4468115270137787, "0145_memory": 0.4884088635444641}