{"0001_memory": 0.4607955813407898, "0002_memory": 0.4182097315788269, "0003_memory": 0.4599202275276184, "0004_memory": 0.3574014902114868, "0005_memory": 0.4173204004764557, "0006_memory": 0.36413756012916565, "0007_memory": 0.37759286165237427, "0008_memory": 0.4076334238052368, "0009_memory": 0.42760610580444336, "0010_memory": 0.35719162225723267, "0011_memory": 0.4017649292945862, "0012_memory": 0.42606133222579956, "0013_memory": 0.3640306293964386, "0014_memory": 0.33775344491004944, "0015_memory": 0.4621945917606354, "0016_memory": 0.4641197919845581, "0017_memory": 0.47049927711486816, "0018_memory": 0.38949066400527954, "0019_memory": 0.39316800236701965, "0020_memory": 0.397664874792099, "0021_memory": 0.30119630694389343, "0022_memory": 0.38799920678138733, "0023_memory": 0.39403849840164185, "0024_memory": 0.41251689195632935, "0025_memory": 0.41210460662841797, "0026_memory": 0.3202013075351715, "0027_memory": 0.45921438932418823, "0028_memory": 0.37692350149154663, "0029_memory": 0.42938005924224854, "0030_memory": 0.4635731279850006, "0031_memory": 0.43600937724113464, "0032_memory": 0.4218955338001251, "0033_memory": 0.4091450572013855, "0034_memory": 0.42004749178886414, "0035_memory": 0.4397748112678528, "0036_memory": 0.391958087682724, "0037_memory": 0.4356326758861542, "0038_memory": 0.399155855178833, "0039_memory": 0.4233158826828003, "0040_memory": 0.4375791847705841, "0041_memory": 0.43551892042160034, "0042_memory": 0.4309597611427307, "0043_memory": 0.39029431343078613, "0044_memory": 0.39267441630363464, "0045_memory": 0.4244946241378784, "0046_memory": 0.4097345471382141, "0047_memory": 0.427472859621048, "0048_memory": 0.39351093769073486, "0049_memory": 0.3538817763328552, "0050_memory": 0.46100324392318726, "0051_memory": 0.3855683505535126, "0052_memory": 0.4209725856781006, "0053_memory": 0.4354073405265808, "0054_memory": 0.4129537343978882, "0055_memory": 0.3900079131126404, "0056_memory": 0.42626437544822693, "0057_memory": 0.38581210374832153, "0058_memory": 0.4602276384830475, "0059_memory": 0.45494890213012695, "0060_memory": 0.37599417567253113, "0061_memory": 0.4149514138698578, "0062_memory": 0.41610246896743774, "0063_memory": 0.4057146906852722, "0064_memory": 0.3784220516681671, "0065_memory": 0.4069620668888092, "0066_memory": 0.28920722007751465, "0067_memory": 0.31451475620269775, "0068_memory": 0.462538480758667, "0069_memory": 0.4404871165752411, "0070_memory": 0.39698249101638794, "0071_memory": 0.4049041271209717, "0072_memory": 0.47776269912719727, "0073_memory": 0.3500426411628723, "0074_memory": 0.41231703758239746, "0075_memory": 0.31663233041763306, "0076_memory": 0.4313717484474182, "0077_memory": 0.44006526470184326, "0078_memory": 0.4030721187591553, "0079_memory": 0.26339486241340637, "0080_memory": 0.24546165764331818, "0081_memory": 0.4246331453323364, "0082_memory": 0.43791258335113525, "0083_memory": 0.03162278234958649, "0084_memory": 0.44996121525764465, "0085_memory": 0.3738847076892853, "0086_memory": 0.2761605978012085, "0087_memory": 0.4512237012386322, "0088_memory": 0.42390573024749756, "0089_memory": 0.3961619436740875, "0090_memory": 0.4125167727470398, "0091_memory": 0.4461020529270172, "0092_memory": 0.34065282344818115, "0093_memory": 0.4175528883934021, "0094_memory": 0.41042494773864746, "0095_memory": 0.4424917697906494, "0096_memory": 0.4142080247402191, "0097_memory": 0.43054497241973877, "0098_memory": 0.4164086580276489, "0099_memory": 0.41746580600738525, "0100_memory": 0.39126157760620117, "0101_memory": 0.4129805564880371, "0102_memory": 0.2876667082309723, "0103_memory": 0.41906291246414185, "0104_memory": 0.4493176341056824, "0105_memory": 0.3802010715007782, "0106_memory": 0.22045210003852844, "0107_memory": 0.42731931805610657, "0108_memory": 0.3917170763015747, "0109_memory": 0.4151473045349121, "0110_memory": 0.40957456827163696, "0111_memory": 0.38633596897125244, "0112_memory": 0.34186750650405884, "0113_memory": 0.3935297727584839, "0114_memory": 0.39319369196891785, "0115_memory": 0.3857521414756775, "0116_memory": 0.38830921053886414, "0117_memory": 0.3442513048648834, "0118_memory": 0.38831883668899536, "0119_memory": 0.4203011691570282, "0120_memory": 0.4131075441837311, "0121_memory": 0.39302369952201843, "0122_memory": 0.26801997423171997, "0123_memory": 0.36263835430145264, "0124_memory": 0.40120887756347656, "0125_memory": 0.4200538992881775, "0126_memory": 0.410662978887558, "0127_memory": 0.4362458288669586, "0128_memory": 0.4186044931411743, "0129_memory": 0.4214979410171509, "0130_memory": 0.41411975026130676, "0131_memory": 0.34306812286376953, "0132_memory": 0.39358627796173096, "0133_memory": 0.4071553945541382, "0134_memory": 0.3833622336387634, "0135_memory": 0.25962817668914795, "0136_memory": 0.33539441227912903, "0137_memory": 0.4021191895008087, "0138_memory": 0.45277664065361023, "0139_memory": 0.3295050859451294, "0140_memory": 0.39541736245155334, "0141_memory": 0.389455109834671, "0142_memory": 0.39720606803894043, "0143_memory": 0.42153850197792053, "0144_memory": 0.39403724670410156, "0145_memory": 0.4690782427787781}