{"0001_memory": 0.2828065752983093, "0002_memory": 0.4707186222076416, "0003_memory": 0.4867898225784302, "0004_memory": 0.37411826848983765, "0005_memory": 0.46344539523124695, "0006_memory": 0.4584335386753082, "0007_memory": 0.46195048093795776, "0008_memory": 0.22685855627059937, "0009_memory": 0.47002166509628296, "0010_memory": 0.4621443450450897, "0011_memory": 0.29880332946777344, "0012_memory": 0.4712126851081848, "0013_memory": 0.46203485131263733, "0014_memory": 0.3781380355358124, "0015_memory": 0.4797099232673645, "0016_memory": 0.23525671660900116, "0017_memory": 0.483876496553421, "0018_memory": 0.4692845344543457, "0019_memory": 0.4628610610961914, "0020_memory": 0.46833083033561707, "0021_memory": 0.43083298206329346, "0022_memory": 0.46287864446640015, "0023_memory": 0.47145307064056396, "0024_memory": 0.46538078784942627, "0025_memory": 0.47113925218582153, "0026_memory": 0.39208370447158813, "0027_memory": 0.49310657382011414, "0028_memory": 0.4723643660545349, "0029_memory": 0.4737734794616699, "0030_memory": 0.4899398386478424, "0031_memory": 0.45951390266418457, "0032_memory": 0.4774820804595947, "0033_memory": 0.33467257022857666, "0034_memory": 0.46942758560180664, "0035_memory": 0.46029162406921387, "0036_memory": 0.35651686787605286, "0037_memory": 0.45632344484329224, "0038_memory": 0.34703171253204346, "0039_memory": 0.47308117151260376, "0040_memory": 0.4574037790298462, "0041_memory": 0.4608556628227234, "0042_memory": 0.4569666087627411, "0043_memory": 0.47035640478134155, "0044_memory": 0.45915961265563965, "0045_memory": 0.47724366188049316, "0046_memory": 0.4758242070674896, "0047_memory": 0.4757006764411926, "0048_memory": 0.4664977490901947, "0049_memory": 0.4569128155708313, "0050_memory": 0.4771934747695923, "0051_memory": 0.4800589084625244, "0052_memory": 0.4599097967147827, "0053_memory": 0.2397974580526352, "0054_memory": 0.4858299493789673, "0055_memory": 0.46160954236984253, "0056_memory": 0.472561240196228, "0057_memory": 0.4626961052417755, "0058_memory": 0.4837277829647064, "0059_memory": 0.48077231645584106, "0060_memory": 0.4724045395851135, "0061_memory": 0.4685137867927551, "0062_memory": 0.4847131371498108, "0063_memory": 0.48496559262275696, "0064_memory": 0.4802890717983246, "0065_memory": 0.3421597480773926, "0066_memory": 0.4028969407081604, "0067_memory": 0.40567266941070557, "0068_memory": 0.4895144999027252, "0069_memory": 0.4804110527038574, "0070_memory": 0.48799028992652893, "0071_memory": 0.4704211950302124, "0072_memory": 0.27070721983909607, "0073_memory": 0.45000171661376953, "0074_memory": 0.47040683031082153, "0075_memory": 0.43281030654907227, "0076_memory": 0.4681587815284729, "0077_memory": 0.4726893901824951, "0078_memory": 0.47403770685195923, "0079_memory": 0.43074241280555725, "0080_memory": 0.41976499557495117, "0081_memory": 0.4701930284500122, "0082_memory": 0.03162278234958649, "0083_memory": 0.43791258335113525, "0084_memory": 0.45330727100372314, "0085_memory": 0.46754831075668335, "0086_memory": 0.4065706729888916, "0087_memory": 0.26052120327949524, "0088_memory": 0.4682210683822632, "0089_memory": 0.48436108231544495, "0090_memory": 0.30986642837524414, "0091_memory": 0.4684077203273773, "0092_memory": 0.3790341019630432, "0093_memory": 0.46814092993736267, "0094_memory": 0.4770917296409607, "0095_memory": 0.4638952612876892, "0096_memory": 0.4678328335285187, "0097_memory": 0.4742555618286133, "0098_memory": 0.47215086221694946, "0099_memory": 0.47105705738067627, "0100_memory": 0.46402788162231445, "0101_memory": 0.4741784930229187, "0102_memory": 0.42907166481018066, "0103_memory": 0.4811069965362549, "0104_memory": 0.461592435836792, "0105_memory": 0.3648415207862854, "0106_memory": 0.432387113571167, "0107_memory": 0.45580989122390747, "0108_memory": 0.4644288420677185, "0109_memory": 0.48635929822921753, "0110_memory": 0.4744443893432617, "0111_memory": 0.47082120180130005, "0112_memory": 0.44050151109695435, "0113_memory": 0.46857786178588867, "0114_memory": 0.4743027985095978, "0115_memory": 0.4700581431388855, "0116_memory": 0.4824005663394928, "0117_memory": 0.4537377953529358, "0118_memory": 0.473755419254303, "0119_memory": 0.48777005076408386, "0120_memory": 0.46923476457595825, "0121_memory": 0.4709441661834717, "0122_memory": 0.4069826900959015, "0123_memory": 0.46594884991645813, "0124_memory": 0.4731210470199585, "0125_memory": 0.46572864055633545, "0126_memory": 0.47428327798843384, "0127_memory": 0.46146872639656067, "0128_memory": 0.4697083532810211, "0129_memory": 0.46989673376083374, "0130_memory": 0.4745953679084778, "0131_memory": 0.4510365426540375, "0132_memory": 0.46853309869766235, "0133_memory": 0.47730278968811035, "0134_memory": 0.47509121894836426, "0135_memory": 0.435606449842453, "0136_memory": 0.39292198419570923, "0137_memory": 0.4630492031574249, "0138_memory": 0.20441089570522308, "0139_memory": 0.43961256742477417, "0140_memory": 0.47341930866241455, "0141_memory": 0.3621784448623657, "0142_memory": 0.26557695865631104, "0143_memory": 0.19448505342006683, "0144_memory": 0.2448686957359314, "0145_memory": 0.2552439272403717}