{"0001_memory": 0.48204612731933594, "0002_memory": 0.37223583459854126, "0003_memory": 0.3712991178035736, "0004_memory": 0.44446316361427307, "0005_memory": 0.2429502159357071, "0006_memory": 0.427876353263855, "0007_memory": 0.4186423718929291, "0008_memory": 0.45492762327194214, "0009_memory": 0.3838481307029724, "0010_memory": 0.43166449666023254, "0011_memory": 0.4512605369091034, "0012_memory": 0.3111490309238434, "0013_memory": 0.4246896505355835, "0014_memory": 0.4404192864894867, "0015_memory": 0.38589972257614136, "0016_memory": 0.48604556918144226, "0017_memory": 0.3851866126060486, "0018_memory": 0.4116600453853607, "0019_memory": 0.4059133529663086, "0020_memory": 0.4064180850982666, "0021_memory": 0.4192731976509094, "0022_memory": 0.4136841297149658, "0023_memory": 0.36996954679489136, "0024_memory": 0.36738523840904236, "0025_memory": 0.3756510019302368, "0026_memory": 0.44012022018432617, "0027_memory": 0.34372907876968384, "0028_memory": 0.44190043210983276, "0029_memory": 0.37353748083114624, "0030_memory": 0.3657594323158264, "0031_memory": 0.31749826669692993, "0032_memory": 0.38409626483917236, "0033_memory": 0.4635351300239563, "0034_memory": 0.40599650144577026, "0035_memory": 0.30055922269821167, "0036_memory": 0.4615281820297241, "0037_memory": 0.3352589011192322, "0038_memory": 0.4700971841812134, "0039_memory": 0.39402198791503906, "0040_memory": 0.33979976177215576, "0041_memory": 0.33795660734176636, "0042_memory": 0.3159448504447937, "0043_memory": 0.39555132389068604, "0044_memory": 0.40205880999565125, "0045_memory": 0.383328914642334, "0046_memory": 0.33308088779449463, "0047_memory": 0.39942440390586853, "0048_memory": 0.41825392842292786, "0049_memory": 0.42469048500061035, "0050_memory": 0.3697173595428467, "0051_memory": 0.41508328914642334, "0052_memory": 0.3120720386505127, "0053_memory": 0.46284300088882446, "0054_memory": 0.4164341688156128, "0055_memory": 0.3951553702354431, "0056_memory": 0.03162278234958649, "0057_memory": 0.40602433681488037, "0058_memory": 0.37242379784584045, "0059_memory": 0.3708629012107849, "0060_memory": 0.42523664236068726, "0061_memory": 0.40545517206192017, "0062_memory": 0.388175904750824, "0063_memory": 0.39517486095428467, "0064_memory": 0.3970448970794678, "0065_memory": 0.4722854495048523, "0066_memory": 0.4315325915813446, "0067_memory": 0.4407680034637451, "0068_memory": 0.3691259026527405, "0069_memory": 0.333772212266922, "0070_memory": 0.39091378450393677, "0071_memory": 0.3967045545578003, "0072_memory": 0.500231146812439, "0073_memory": 0.4234558641910553, "0074_memory": 0.38064461946487427, "0075_memory": 0.42209571599960327, "0076_memory": 0.34875836968421936, "0077_memory": 0.32487499713897705, "0078_memory": 0.3999127745628357, "0079_memory": 0.41417089104652405, "0080_memory": 0.42060133814811707, "0081_memory": 0.33823272585868835, "0082_memory": 0.472561240196228, "0083_memory": 0.42626437544822693, "0084_memory": 0.32424497604370117, "0085_memory": 0.4243004322052002, "0086_memory": 0.43160557746887207, "0087_memory": 0.47269582748413086, "0088_memory": 0.37665170431137085, "0089_memory": 0.4268549680709839, "0090_memory": 0.4630996882915497, "0091_memory": 0.26839298009872437, "0092_memory": 0.43979814648628235, "0093_memory": 0.31142133474349976, "0094_memory": 0.39161738753318787, "0095_memory": 0.3545844554901123, "0096_memory": 0.3768159747123718, "0097_memory": 0.3891434669494629, "0098_memory": 0.3679315447807312, "0099_memory": 0.4094867706298828, "0100_memory": 0.4034267067909241, "0101_memory": 0.4078013300895691, "0102_memory": 0.4247989058494568, "0103_memory": 0.3943966031074524, "0104_memory": 0.33134573698043823, "0105_memory": 0.45847463607788086, "0106_memory": 0.42480039596557617, "0107_memory": 0.2751837372779846, "0108_memory": 0.4259168803691864, "0109_memory": 0.3885180354118347, "0110_memory": 0.3319541811943054, "0111_memory": 0.4134898781776428, "0112_memory": 0.4252397418022156, "0113_memory": 0.41081058979034424, "0114_memory": 0.392675518989563, "0115_memory": 0.4069807231426239, "0116_memory": 0.4213748574256897, "0117_memory": 0.43054646253585815, "0118_memory": 0.41548067331314087, "0119_memory": 0.3889662027359009, "0120_memory": 0.3959053158760071, "0121_memory": 0.3856242299079895, "0122_memory": 0.42775046825408936, "0123_memory": 0.43797722458839417, "0124_memory": 0.4257633686065674, "0125_memory": 0.38391023874282837, "0126_memory": 0.40705472230911255, "0127_memory": 0.33950379490852356, "0128_memory": 0.3861042261123657, "0129_memory": 0.35649651288986206, "0130_memory": 0.3554877042770386, "0131_memory": 0.4330495595932007, "0132_memory": 0.41814643144607544, "0133_memory": 0.406830370426178, "0134_memory": 0.41534340381622314, "0135_memory": 0.42297857999801636, "0136_memory": 0.4501163065433502, "0137_memory": 0.40052247047424316, "0138_memory": 0.4820253849029541, "0139_memory": 0.4262971580028534, "0140_memory": 0.40087029337882996, "0141_memory": 0.46421244740486145, "0142_memory": 0.447072297334671, "0143_memory": 0.45764079689979553, "0144_memory": 0.44664567708969116, "0145_memory": 0.49229538440704346}