{"0001_memory": 0.48327454924583435, "0002_memory": 0.35733896493911743, "0003_memory": 0.46367037296295166, "0004_memory": 0.4228091239929199, "0005_memory": 0.4096619486808777, "0006_memory": 0.33720308542251587, "0007_memory": 0.3091014623641968, "0008_memory": 0.46860942244529724, "0009_memory": 0.37999123334884644, "0010_memory": 0.34322792291641235, "0011_memory": 0.4640882611274719, "0012_memory": 0.4036945104598999, "0013_memory": 0.3260355591773987, "0014_memory": 0.40262287855148315, "0015_memory": 0.45706993341445923, "0016_memory": 0.4878776967525482, "0017_memory": 0.4634208083152771, "0018_memory": 0.3212100863456726, "0019_memory": 0.3268158733844757, "0020_memory": 0.32529085874557495, "0021_memory": 0.3676135540008545, "0022_memory": 0.27452126145362854, "0023_memory": 0.37053078413009644, "0024_memory": 0.35962146520614624, "0025_memory": 0.3672410845756531, "0026_memory": 0.3896656036376953, "0027_memory": 0.44458574056625366, "0028_memory": 0.35095441341400146, "0029_memory": 0.3789787292480469, "0030_memory": 0.44908004999160767, "0031_memory": 0.39274218678474426, "0032_memory": 0.38522058725357056, "0033_memory": 0.4487612843513489, "0034_memory": 0.36015063524246216, "0035_memory": 0.40339165925979614, "0036_memory": 0.4244474172592163, "0037_memory": 0.3760073482990265, "0038_memory": 0.4353708028793335, "0039_memory": 0.3618848919868469, "0040_memory": 0.3851364552974701, "0041_memory": 0.39207008481025696, "0042_memory": 0.395669162273407, "0043_memory": 0.3125327229499817, "0044_memory": 0.3239406943321228, "0045_memory": 0.3764991760253906, "0046_memory": 0.3769994378089905, "0047_memory": 0.3637019395828247, "0048_memory": 0.28979042172431946, "0049_memory": 0.3474029004573822, "0050_memory": 0.44402751326560974, "0051_memory": 0.31166911125183105, "0052_memory": 0.3864145576953888, "0053_memory": 0.47145676612854004, "0054_memory": 0.37904223799705505, "0055_memory": 0.33401307463645935, "0056_memory": 0.41081058979034424, "0057_memory": 0.24531440436840057, "0058_memory": 0.4518622159957886, "0059_memory": 0.453325092792511, "0060_memory": 0.3329131007194519, "0061_memory": 0.35420066118240356, "0062_memory": 0.3377542495727539, "0063_memory": 0.35482051968574524, "0064_memory": 0.29725220799446106, "0065_memory": 0.44548118114471436, "0066_memory": 0.37204957008361816, "0067_memory": 0.39131736755371094, "0068_memory": 0.4635300636291504, "0069_memory": 0.4325953722000122, "0070_memory": 0.3893832266330719, "0071_memory": 0.3516896367073059, "0072_memory": 0.5059987902641296, "0073_memory": 0.3436581790447235, "0074_memory": 0.3738839328289032, "0075_memory": 0.3604077696800232, "0076_memory": 0.37800729274749756, "0077_memory": 0.401821494102478, "0078_memory": 0.35244661569595337, "0079_memory": 0.3801511228084564, "0080_memory": 0.3829704523086548, "0081_memory": 0.3857724070549011, "0082_memory": 0.46857786178588867, "0083_memory": 0.3935297727584839, "0084_memory": 0.4131692051887512, "0085_memory": 0.3199411630630493, "0086_memory": 0.36132633686065674, "0087_memory": 0.478374719619751, "0088_memory": 0.3769414722919464, "0089_memory": 0.3024473786354065, "0090_memory": 0.45914873480796814, "0091_memory": 0.4186335504055023, "0092_memory": 0.41637688875198364, "0093_memory": 0.38865774869918823, "0094_memory": 0.3402322232723236, "0095_memory": 0.3910914659500122, "0096_memory": 0.36152076721191406, "0097_memory": 0.36645394563674927, "0098_memory": 0.3725897967815399, "0099_memory": 0.3532036542892456, "0100_memory": 0.3355787992477417, "0101_memory": 0.3586769104003906, "0102_memory": 0.3782534897327423, "0103_memory": 0.36027878522872925, "0104_memory": 0.4121744930744171, "0105_memory": 0.4304652214050293, "0106_memory": 0.3894573450088501, "0107_memory": 0.3937966823577881, "0108_memory": 0.30380886793136597, "0109_memory": 0.35767674446105957, "0110_memory": 0.3846819996833801, "0111_memory": 0.20091354846954346, "0112_memory": 0.3514559864997864, "0113_memory": 0.03162278234958649, "0114_memory": 0.3616279363632202, "0115_memory": 0.3210875689983368, "0116_memory": 0.30677494406700134, "0117_memory": 0.36286962032318115, "0118_memory": 0.2804182469844818, "0119_memory": 0.39639347791671753, "0120_memory": 0.35175690054893494, "0121_memory": 0.3370526432991028, "0122_memory": 0.3818433880805969, "0123_memory": 0.34775930643081665, "0124_memory": 0.22699372470378876, "0125_memory": 0.3691108524799347, "0126_memory": 0.36150163412094116, "0127_memory": 0.3863438665866852, "0128_memory": 0.3668345808982849, "0129_memory": 0.3825299143791199, "0130_memory": 0.3908993601799011, "0131_memory": 0.369390070438385, "0132_memory": 0.27054738998413086, "0133_memory": 0.37298959493637085, "0134_memory": 0.25366365909576416, "0135_memory": 0.39231839776039124, "0136_memory": 0.40597566962242126, "0137_memory": 0.33397817611694336, "0138_memory": 0.4867755174636841, "0139_memory": 0.36495211720466614, "0140_memory": 0.35707730054855347, "0141_memory": 0.4244195818901062, "0142_memory": 0.4583313465118408, "0143_memory": 0.4632553458213806, "0144_memory": 0.46235769987106323, "0145_memory": 0.4969239830970764}