{"0001_memory": 0.4797855615615845, "0002_memory": 0.3486289978027344, "0003_memory": 0.4597768485546112, "0004_memory": 0.41568368673324585, "0005_memory": 0.40773463249206543, "0006_memory": 0.3205062747001648, "0007_memory": 0.2920036315917969, "0008_memory": 0.46432554721832275, "0009_memory": 0.37354180216789246, "0010_memory": 0.33432015776634216, "0011_memory": 0.4559336304664612, "0012_memory": 0.3996891379356384, "0013_memory": 0.31700730323791504, "0014_memory": 0.39794468879699707, "0015_memory": 0.4527587592601776, "0016_memory": 0.48879528045654297, "0017_memory": 0.4659077525138855, "0018_memory": 0.31532174348831177, "0019_memory": 0.3246625065803528, "0020_memory": 0.3291233479976654, "0021_memory": 0.35506671667099, "0022_memory": 0.23879331350326538, "0023_memory": 0.36489224433898926, "0024_memory": 0.35650280117988586, "0025_memory": 0.36516711115837097, "0026_memory": 0.37983906269073486, "0027_memory": 0.441264808177948, "0028_memory": 0.3404240012168884, "0029_memory": 0.36904147267341614, "0030_memory": 0.44606924057006836, "0031_memory": 0.38892829418182373, "0032_memory": 0.3609485626220703, "0033_memory": 0.4403853118419647, "0034_memory": 0.34974026679992676, "0035_memory": 0.40990880131721497, "0036_memory": 0.42112380266189575, "0037_memory": 0.37703508138656616, "0038_memory": 0.425557017326355, "0039_memory": 0.35704606771469116, "0040_memory": 0.3803442418575287, "0041_memory": 0.38375842571258545, "0042_memory": 0.396728515625, "0043_memory": 0.3218840956687927, "0044_memory": 0.3189946413040161, "0045_memory": 0.3771229386329651, "0046_memory": 0.3815827965736389, "0047_memory": 0.3660874366760254, "0048_memory": 0.2755635976791382, "0049_memory": 0.33946195244789124, "0050_memory": 0.4464106559753418, "0051_memory": 0.31489819288253784, "0052_memory": 0.38426831364631653, "0053_memory": 0.46959614753723145, "0054_memory": 0.37913966178894043, "0055_memory": 0.3288060128688812, "0056_memory": 0.40602433681488037, "0057_memory": 0.03162278234958649, "0058_memory": 0.4496805667877197, "0059_memory": 0.4528205394744873, "0060_memory": 0.3287569284439087, "0061_memory": 0.3469981551170349, "0062_memory": 0.36374300718307495, "0063_memory": 0.35346686840057373, "0064_memory": 0.28888681530952454, "0065_memory": 0.4362949728965759, "0066_memory": 0.3749150037765503, "0067_memory": 0.3870850205421448, "0068_memory": 0.4596487283706665, "0069_memory": 0.4245296120643616, "0070_memory": 0.39329010248184204, "0071_memory": 0.332295298576355, "0072_memory": 0.5019850134849548, "0073_memory": 0.3270787000656128, "0074_memory": 0.36512893438339233, "0075_memory": 0.3439827561378479, "0076_memory": 0.386915385723114, "0077_memory": 0.40294167399406433, "0078_memory": 0.3586215376853943, "0079_memory": 0.3720252513885498, "0080_memory": 0.37721675634384155, "0081_memory": 0.3829297125339508, "0082_memory": 0.4626961052417755, "0083_memory": 0.38581210374832153, "0084_memory": 0.4076952338218689, "0085_memory": 0.31009620428085327, "0086_memory": 0.37309888005256653, "0087_memory": 0.4773603081703186, "0088_memory": 0.3734292984008789, "0089_memory": 0.3149385452270508, "0090_memory": 0.44752487540245056, "0091_memory": 0.41265013813972473, "0092_memory": 0.4130623936653137, "0093_memory": 0.3982381522655487, "0094_memory": 0.34819287061691284, "0095_memory": 0.3871528208255768, "0096_memory": 0.3569180965423584, "0097_memory": 0.3861769437789917, "0098_memory": 0.3787885904312134, "0099_memory": 0.3490331768989563, "0100_memory": 0.33877792954444885, "0101_memory": 0.35485923290252686, "0102_memory": 0.37104132771492004, "0103_memory": 0.3572535514831543, "0104_memory": 0.4162929654121399, "0105_memory": 0.4186418652534485, "0106_memory": 0.38383716344833374, "0107_memory": 0.4010375142097473, "0108_memory": 0.29456576704978943, "0109_memory": 0.35940760374069214, "0110_memory": 0.3750181198120117, "0111_memory": 0.26340579986572266, "0112_memory": 0.33390259742736816, "0113_memory": 0.24531440436840057, "0114_memory": 0.3599962592124939, "0115_memory": 0.31966716051101685, "0116_memory": 0.33064526319503784, "0117_memory": 0.35118645429611206, "0118_memory": 0.2915009558200836, "0119_memory": 0.3931936025619507, "0120_memory": 0.3428193926811218, "0121_memory": 0.3455771207809448, "0122_memory": 0.36847662925720215, "0123_memory": 0.342070609331131, "0124_memory": 0.21592167019844055, "0125_memory": 0.3602861762046814, "0126_memory": 0.358206570148468, "0127_memory": 0.3825889825820923, "0128_memory": 0.3629680275917053, "0129_memory": 0.37775421142578125, "0130_memory": 0.38270699977874756, "0131_memory": 0.3617985248565674, "0132_memory": 0.21027730405330658, "0133_memory": 0.36438092589378357, "0134_memory": 0.2810556888580322, "0135_memory": 0.3797537088394165, "0136_memory": 0.39656776189804077, "0137_memory": 0.33455100655555725, "0138_memory": 0.4822613596916199, "0139_memory": 0.3589332103729248, "0140_memory": 0.3496992290019989, "0141_memory": 0.42095303535461426, "0142_memory": 0.45747309923171997, "0143_memory": 0.4629647731781006, "0144_memory": 0.45328426361083984, "0145_memory": 0.4937556982040405}