{"0001_memory": 0.4794969856739044, "0002_memory": 0.39517760276794434, "0003_memory": 0.46673667430877686, "0004_memory": 0.3948419690132141, "0005_memory": 0.4212517738342285, "0006_memory": 0.03162278234958649, "0007_memory": 0.29686087369918823, "0008_memory": 0.44780802726745605, "0009_memory": 0.4003756642341614, "0010_memory": 0.2572139501571655, "0011_memory": 0.44531309604644775, "0012_memory": 0.4110034108161926, "0013_memory": 0.21879547834396362, "0014_memory": 0.3936937749385834, "0015_memory": 0.45881038904190063, "0016_memory": 0.4889979660511017, "0017_memory": 0.4732115864753723, "0018_memory": 0.3446069657802582, "0019_memory": 0.36614328622817993, "0020_memory": 0.37467730045318604, "0021_memory": 0.3437767028808594, "0022_memory": 0.3204164505004883, "0023_memory": 0.37956178188323975, "0024_memory": 0.3898969292640686, "0025_memory": 0.3867826759815216, "0026_memory": 0.3873558044433594, "0027_memory": 0.45380789041519165, "0028_memory": 0.22085915505886078, "0029_memory": 0.40765172243118286, "0030_memory": 0.4655664563179016, "0031_memory": 0.4261314272880554, "0032_memory": 0.3882896304130554, "0033_memory": 0.44001439213752747, "0034_memory": 0.3820655941963196, "0035_memory": 0.43273600935935974, "0036_memory": 0.4196300208568573, "0037_memory": 0.41285619139671326, "0038_memory": 0.4254029095172882, "0039_memory": 0.39009520411491394, "0040_memory": 0.41202306747436523, "0041_memory": 0.4115883708000183, "0042_memory": 0.4236065149307251, "0043_memory": 0.3700633943080902, "0044_memory": 0.3663387596607208, "0045_memory": 0.3952564597129822, "0046_memory": 0.38893184065818787, "0047_memory": 0.4012625813484192, "0048_memory": 0.3219614326953888, "0049_memory": 0.2996760606765747, "0050_memory": 0.4720739722251892, "0051_memory": 0.3486413359642029, "0052_memory": 0.40265655517578125, "0053_memory": 0.4629598557949066, "0054_memory": 0.3748098611831665, "0055_memory": 0.351051390171051, "0056_memory": 0.427876353263855, "0057_memory": 0.3205062747001648, "0058_memory": 0.4714341163635254, "0059_memory": 0.4696788787841797, "0060_memory": 0.26353269815444946, "0061_memory": 0.3740707039833069, "0062_memory": 0.38752663135528564, "0063_memory": 0.3784232437610626, "0064_memory": 0.34068143367767334, "0065_memory": 0.4378764033317566, "0066_memory": 0.38114672899246216, "0067_memory": 0.39257675409317017, "0068_memory": 0.4664252996444702, "0069_memory": 0.44213148951530457, "0070_memory": 0.40109527111053467, "0071_memory": 0.37697452306747437, "0072_memory": 0.5005950927734375, "0073_memory": 0.30460765957832336, "0074_memory": 0.373263418674469, "0075_memory": 0.34040892124176025, "0076_memory": 0.4069089889526367, "0077_memory": 0.42411017417907715, "0078_memory": 0.37231069803237915, "0079_memory": 0.337744802236557, "0080_memory": 0.3575526475906372, "0081_memory": 0.38408932089805603, "0082_memory": 0.4584335386753082, "0083_memory": 0.36413756012916565, "0084_memory": 0.4237450361251831, "0085_memory": 0.28337687253952026, "0086_memory": 0.37245696783065796, "0087_memory": 0.47290605306625366, "0088_memory": 0.38887283205986023, "0089_memory": 0.3438393473625183, "0090_memory": 0.43876808881759644, "0091_memory": 0.4351232945919037, "0092_memory": 0.39072567224502563, "0093_memory": 0.40637916326522827, "0094_memory": 0.3765411972999573, "0095_memory": 0.4069337546825409, "0096_memory": 0.3946235179901123, "0097_memory": 0.4077368974685669, "0098_memory": 0.41209882497787476, "0099_memory": 0.3848170042037964, "0100_memory": 0.3735305666923523, "0101_memory": 0.37721508741378784, "0102_memory": 0.3511926233768463, "0103_memory": 0.3902674913406372, "0104_memory": 0.4341188371181488, "0105_memory": 0.41303718090057373, "0106_memory": 0.34814319014549255, "0107_memory": 0.4238526225090027, "0108_memory": 0.31394195556640625, "0109_memory": 0.3860349655151367, "0110_memory": 0.3952729105949402, "0111_memory": 0.33250367641448975, "0112_memory": 0.3023657500743866, "0113_memory": 0.33720308542251587, "0114_memory": 0.35879841446876526, "0115_memory": 0.3627581000328064, "0116_memory": 0.361255407333374, "0117_memory": 0.32386547327041626, "0118_memory": 0.321722149848938, "0119_memory": 0.3988635241985321, "0120_memory": 0.3759973347187042, "0121_memory": 0.3596334755420685, "0122_memory": 0.349452942609787, "0123_memory": 0.27954721450805664, "0124_memory": 0.33636051416397095, "0125_memory": 0.3947109580039978, "0126_memory": 0.37552329897880554, "0127_memory": 0.4092347025871277, "0128_memory": 0.397675096988678, "0129_memory": 0.405543714761734, "0130_memory": 0.3989967405796051, "0131_memory": 0.33226799964904785, "0132_memory": 0.32487040758132935, "0133_memory": 0.35455429553985596, "0134_memory": 0.33220380544662476, "0135_memory": 0.3489997386932373, "0136_memory": 0.3960149586200714, "0137_memory": 0.370455265045166, "0138_memory": 0.48061686754226685, "0139_memory": 0.34353959560394287, "0140_memory": 0.36989736557006836, "0141_memory": 0.4174410104751587, "0142_memory": 0.44035154581069946, "0143_memory": 0.45348143577575684, "0144_memory": 0.43720734119415283, "0145_memory": 0.4935939311981201}