{"0001_memory": 0.47370782494544983, "0002_memory": 0.39232170581817627, "0003_memory": 0.3681245446205139, "0004_memory": 0.45744025707244873, "0005_memory": 0.3322818875312805, "0006_memory": 0.4341188371181488, "0007_memory": 0.4218823313713074, "0008_memory": 0.46848827600479126, "0009_memory": 0.3846602439880371, "0010_memory": 0.4380626082420349, "0011_memory": 0.4746878147125244, "0012_memory": 0.3481700122356415, "0013_memory": 0.42098477482795715, "0014_memory": 0.44596463441848755, "0015_memory": 0.375293493270874, "0016_memory": 0.4783070683479309, "0017_memory": 0.3864380717277527, "0018_memory": 0.4210582971572876, "0019_memory": 0.4098856449127197, "0020_memory": 0.40895989537239075, "0021_memory": 0.43353575468063354, "0022_memory": 0.4185233414173126, "0023_memory": 0.3934583067893982, "0024_memory": 0.38805288076400757, "0025_memory": 0.3866884112358093, "0026_memory": 0.4357078969478607, "0027_memory": 0.32309243083000183, "0028_memory": 0.4460020065307617, "0029_memory": 0.3819669485092163, "0030_memory": 0.3505568504333496, "0031_memory": 0.3305202126502991, "0032_memory": 0.3957628309726715, "0033_memory": 0.4651646912097931, "0034_memory": 0.40460193157196045, "0035_memory": 0.30386781692504883, "0036_memory": 0.4613029360771179, "0037_memory": 0.3219596743583679, "0038_memory": 0.4597592055797577, "0039_memory": 0.40518832206726074, "0040_memory": 0.3262496590614319, "0041_memory": 0.33742982149124146, "0042_memory": 0.3327268362045288, "0043_memory": 0.41564249992370605, "0044_memory": 0.404949426651001, "0045_memory": 0.38315320014953613, "0046_memory": 0.3740527033805847, "0047_memory": 0.4036576449871063, "0048_memory": 0.4239821434020996, "0049_memory": 0.43319886922836304, "0050_memory": 0.35653120279312134, "0051_memory": 0.4185006618499756, "0052_memory": 0.3346399962902069, "0053_memory": 0.46632814407348633, "0054_memory": 0.4294261336326599, "0055_memory": 0.4042600989341736, "0056_memory": 0.33134573698043823, "0057_memory": 0.4162929654121399, "0058_memory": 0.3621266484260559, "0059_memory": 0.3610574007034302, "0060_memory": 0.4377083480358124, "0061_memory": 0.40576010942459106, "0062_memory": 0.4116099774837494, "0063_memory": 0.4161820411682129, "0064_memory": 0.42189130187034607, "0065_memory": 0.46356838941574097, "0066_memory": 0.4288886487483978, "0067_memory": 0.4426220953464508, "0068_memory": 0.3772401213645935, "0069_memory": 0.27603501081466675, "0070_memory": 0.3968461751937866, "0071_memory": 0.40078315138816833, "0072_memory": 0.4897017478942871, "0073_memory": 0.4279232621192932, "0074_memory": 0.39652517437934875, "0075_memory": 0.42929598689079285, "0076_memory": 0.36325669288635254, "0077_memory": 0.34534788131713867, "0078_memory": 0.41066277027130127, "0079_memory": 0.4442552328109741, "0080_memory": 0.4358421564102173, "0081_memory": 0.3769584000110626, "0082_memory": 0.461592435836792, "0083_memory": 0.4493176341056824, "0084_memory": 0.2578468918800354, "0085_memory": 0.42630890011787415, "0086_memory": 0.4313862919807434, "0087_memory": 0.46660470962524414, "0088_memory": 0.37717536091804504, "0089_memory": 0.4308580756187439, "0090_memory": 0.4710867404937744, "0091_memory": 0.3300127387046814, "0092_memory": 0.4562477469444275, "0093_memory": 0.34695369005203247, "0094_memory": 0.40174779295921326, "0095_memory": 0.3517509698867798, "0096_memory": 0.39061224460601807, "0097_memory": 0.3847607970237732, "0098_memory": 0.38520047068595886, "0099_memory": 0.39726218581199646, "0100_memory": 0.41182470321655273, "0101_memory": 0.4087728261947632, "0102_memory": 0.4428727626800537, "0103_memory": 0.4149858355522156, "0104_memory": 0.03162278234958649, "0105_memory": 0.4600522518157959, "0106_memory": 0.4482573866844177, "0107_memory": 0.32668164372444153, "0108_memory": 0.43312281370162964, "0109_memory": 0.4161628186702728, "0110_memory": 0.37742429971694946, "0111_memory": 0.41126495599746704, "0112_memory": 0.4265299141407013, "0113_memory": 0.4121744930744171, "0114_memory": 0.415271520614624, "0115_memory": 0.4130728840827942, "0116_memory": 0.4288310408592224, "0117_memory": 0.43354228138923645, "0118_memory": 0.4224315881729126, "0119_memory": 0.41098514199256897, "0120_memory": 0.40473806858062744, "0121_memory": 0.4115646481513977, "0122_memory": 0.4353901743888855, "0123_memory": 0.4335628151893616, "0124_memory": 0.4254094064235687, "0125_memory": 0.3993743062019348, "0126_memory": 0.4106218218803406, "0127_memory": 0.34391021728515625, "0128_memory": 0.38966038823127747, "0129_memory": 0.37733885645866394, "0130_memory": 0.39054176211357117, "0131_memory": 0.4376470446586609, "0132_memory": 0.41970500349998474, "0133_memory": 0.42325878143310547, "0134_memory": 0.41649794578552246, "0135_memory": 0.4431460499763489, "0136_memory": 0.4483375549316406, "0137_memory": 0.41446053981781006, "0138_memory": 0.47659775614738464, "0139_memory": 0.4354100525379181, "0140_memory": 0.4225483238697052, "0141_memory": 0.45906051993370056, "0142_memory": 0.46822500228881836, "0143_memory": 0.45942553877830505, "0144_memory": 0.46684154868125916, "0145_memory": 0.4853328466415405}