{"0001_memory": 0.46797388792037964, "0002_memory": 0.39305222034454346, "0003_memory": 0.4637722373008728, "0004_memory": 0.39385849237442017, "0005_memory": 0.4263243079185486, "0006_memory": 0.33226799964904785, "0007_memory": 0.34398144483566284, "0008_memory": 0.4418792724609375, "0009_memory": 0.3986583650112152, "0010_memory": 0.3153470754623413, "0011_memory": 0.4338787794113159, "0012_memory": 0.4285162687301636, "0013_memory": 0.3401235342025757, "0014_memory": 0.3807951807975769, "0015_memory": 0.45891326665878296, "0016_memory": 0.47977662086486816, "0017_memory": 0.4681565463542938, "0018_memory": 0.3791281282901764, "0019_memory": 0.3666951656341553, "0020_memory": 0.3728463649749756, "0021_memory": 0.28901615738868713, "0022_memory": 0.3480139970779419, "0023_memory": 0.39951878786087036, "0024_memory": 0.38746753334999084, "0025_memory": 0.39303258061408997, "0026_memory": 0.3609970808029175, "0027_memory": 0.4647359848022461, "0028_memory": 0.3380378782749176, "0029_memory": 0.4007332921028137, "0030_memory": 0.4726574420928955, "0031_memory": 0.4316437244415283, "0032_memory": 0.41489964723587036, "0033_memory": 0.41612833738327026, "0034_memory": 0.39920473098754883, "0035_memory": 0.4282509982585907, "0036_memory": 0.39930611848831177, "0037_memory": 0.41646814346313477, "0038_memory": 0.4037700593471527, "0039_memory": 0.4055843949317932, "0040_memory": 0.4167981743812561, "0041_memory": 0.41370919346809387, "0042_memory": 0.4249979853630066, "0043_memory": 0.3800864815711975, "0044_memory": 0.35912972688674927, "0045_memory": 0.41009998321533203, "0046_memory": 0.41658490896224976, "0047_memory": 0.40673691034317017, "0048_memory": 0.3532564043998718, "0049_memory": 0.29810240864753723, "0050_memory": 0.4640899896621704, "0051_memory": 0.386401891708374, "0052_memory": 0.4212980568408966, "0053_memory": 0.45615848898887634, "0054_memory": 0.39901942014694214, "0055_memory": 0.3655761778354645, "0056_memory": 0.4330495595932007, "0057_memory": 0.3617985248565674, "0058_memory": 0.46303319931030273, "0059_memory": 0.4588019549846649, "0060_memory": 0.35038506984710693, "0061_memory": 0.3882489800453186, "0062_memory": 0.413799524307251, "0063_memory": 0.4134412407875061, "0064_memory": 0.38571831583976746, "0065_memory": 0.41149407625198364, "0066_memory": 0.3470214605331421, "0067_memory": 0.3563545346260071, "0068_memory": 0.46721237897872925, "0069_memory": 0.45956581830978394, "0070_memory": 0.4206933379173279, "0071_memory": 0.3850550949573517, "0072_memory": 0.48894187808036804, "0073_memory": 0.28255683183670044, "0074_memory": 0.4079607427120209, "0075_memory": 0.27347391843795776, "0076_memory": 0.41314953565597534, "0077_memory": 0.42927229404449463, "0078_memory": 0.3911559283733368, "0079_memory": 0.3195449113845825, "0080_memory": 0.337812215089798, "0081_memory": 0.4210454821586609, "0082_memory": 0.4510365426540375, "0083_memory": 0.34306812286376953, "0084_memory": 0.43235868215560913, "0085_memory": 0.34101584553718567, "0086_memory": 0.34069061279296875, "0087_memory": 0.4621884226799011, "0088_memory": 0.3968433737754822, "0089_memory": 0.39291077852249146, "0090_memory": 0.4268186092376709, "0091_memory": 0.4338669180870056, "0092_memory": 0.39611658453941345, "0093_memory": 0.42239344120025635, "0094_memory": 0.40655818581581116, "0095_memory": 0.41548317670822144, "0096_memory": 0.3881992697715759, "0097_memory": 0.41173815727233887, "0098_memory": 0.3953545391559601, "0099_memory": 0.3934645652770996, "0100_memory": 0.36281150579452515, "0101_memory": 0.3899261951446533, "0102_memory": 0.2916373014450073, "0103_memory": 0.4071998596191406, "0104_memory": 0.4376470446586609, "0105_memory": 0.3909538984298706, "0106_memory": 0.33777880668640137, "0107_memory": 0.4254816174507141, "0108_memory": 0.3452587127685547, "0109_memory": 0.4157524108886719, "0110_memory": 0.41596364974975586, "0111_memory": 0.3639680743217468, "0112_memory": 0.26024582982063293, "0113_memory": 0.369390070438385, "0114_memory": 0.38388746976852417, "0115_memory": 0.3836723566055298, "0116_memory": 0.39909571409225464, "0117_memory": 0.22200195491313934, "0118_memory": 0.3800576329231262, "0119_memory": 0.42092418670654297, "0120_memory": 0.39738619327545166, "0121_memory": 0.38351333141326904, "0122_memory": 0.33572378754615784, "0123_memory": 0.31767332553863525, "0124_memory": 0.3693951964378357, "0125_memory": 0.39462000131607056, "0126_memory": 0.38086187839508057, "0127_memory": 0.41295790672302246, "0128_memory": 0.3803965449333191, "0129_memory": 0.4000919759273529, "0130_memory": 0.40998420119285583, "0131_memory": 0.03162278234958649, "0132_memory": 0.3612709045410156, "0133_memory": 0.395751953125, "0134_memory": 0.3763681650161743, "0135_memory": 0.3358023762702942, "0136_memory": 0.3556618094444275, "0137_memory": 0.3654082715511322, "0138_memory": 0.4566724896430969, "0139_memory": 0.25129610300064087, "0140_memory": 0.37513673305511475, "0141_memory": 0.39754927158355713, "0142_memory": 0.43663620948791504, "0143_memory": 0.4465031623840332, "0144_memory": 0.43507298827171326, "0145_memory": 0.48337921500205994}