{"0001_memory": 0.4830204248428345, "0002_memory": 0.32279425859451294, "0003_memory": 0.45093053579330444, "0004_memory": 0.4348038136959076, "0005_memory": 0.3849222660064697, "0006_memory": 0.3759973347187042, "0007_memory": 0.36548706889152527, "0008_memory": 0.46329551935195923, "0009_memory": 0.33645451068878174, "0010_memory": 0.38214534521102905, "0011_memory": 0.4682103097438812, "0012_memory": 0.36995208263397217, "0013_memory": 0.36151760816574097, "0014_memory": 0.4273379445075989, "0015_memory": 0.44803526997566223, "0016_memory": 0.49512678384780884, "0017_memory": 0.4564182758331299, "0018_memory": 0.36035794019699097, "0019_memory": 0.3422784209251404, "0020_memory": 0.35680946707725525, "0021_memory": 0.38860052824020386, "0022_memory": 0.3490399718284607, "0023_memory": 0.3352445960044861, "0024_memory": 0.32056498527526855, "0025_memory": 0.32564422488212585, "0026_memory": 0.4139823019504547, "0027_memory": 0.43584391474723816, "0028_memory": 0.38296347856521606, "0029_memory": 0.325307160615921, "0030_memory": 0.43601545691490173, "0031_memory": 0.3650319576263428, "0032_memory": 0.3516732156276703, "0033_memory": 0.46227186918258667, "0034_memory": 0.2214389443397522, "0035_memory": 0.4013817310333252, "0036_memory": 0.4454519748687744, "0037_memory": 0.34794917702674866, "0038_memory": 0.45018237829208374, "0039_memory": 0.32261407375335693, "0040_memory": 0.3596894145011902, "0041_memory": 0.3740122616291046, "0042_memory": 0.3749659061431885, "0043_memory": 0.35409432649612427, "0044_memory": 0.3192504048347473, "0045_memory": 0.34355705976486206, "0046_memory": 0.34822046756744385, "0047_memory": 0.31858837604522705, "0048_memory": 0.3609344959259033, "0049_memory": 0.38373899459838867, "0050_memory": 0.433843731880188, "0051_memory": 0.36044424772262573, "0052_memory": 0.3577384352684021, "0053_memory": 0.4688866436481476, "0054_memory": 0.3462604880332947, "0055_memory": 0.3259913921356201, "0056_memory": 0.3959053158760071, "0057_memory": 0.3428193926811218, "0058_memory": 0.4390115737915039, "0059_memory": 0.43872734904289246, "0060_memory": 0.38501492142677307, "0061_memory": 0.2883707880973816, "0062_memory": 0.31095701456069946, "0063_memory": 0.28897425532341003, "0064_memory": 0.357016384601593, "0065_memory": 0.45701926946640015, "0066_memory": 0.4049617052078247, "0067_memory": 0.41106826066970825, "0068_memory": 0.4569566249847412, "0069_memory": 0.4199768900871277, "0070_memory": 0.351809561252594, "0071_memory": 0.2628163695335388, "0072_memory": 0.5042977333068848, "0073_memory": 0.37010282278060913, "0074_memory": 0.33731380105018616, "0075_memory": 0.3781384229660034, "0076_memory": 0.3716399371623993, "0077_memory": 0.3893173933029175, "0078_memory": 0.33328843116760254, "0079_memory": 0.4023513197898865, "0080_memory": 0.3969944715499878, "0081_memory": 0.3700439929962158, "0082_memory": 0.46923476457595825, "0083_memory": 0.4131075441837311, "0084_memory": 0.405536949634552, "0085_memory": 0.37773942947387695, "0086_memory": 0.4000765085220337, "0087_memory": 0.4744443893432617, "0088_memory": 0.3416970372200012, "0089_memory": 0.3573422431945801, "0090_memory": 0.46537527441978455, "0091_memory": 0.4081366956233978, "0092_memory": 0.4328824579715729, "0093_memory": 0.37496066093444824, "0094_memory": 0.23818154633045197, "0095_memory": 0.37479060888290405, "0096_memory": 0.29966843128204346, "0097_memory": 0.346823513507843, "0098_memory": 0.33924227952957153, "0099_memory": 0.2820456027984619, "0100_memory": 0.34011462330818176, "0101_memory": 0.30725324153900146, "0102_memory": 0.394816130399704, "0103_memory": 0.3247073292732239, "0104_memory": 0.40473806858062744, "0105_memory": 0.44291409850120544, "0106_memory": 0.40621834993362427, "0107_memory": 0.37728050351142883, "0108_memory": 0.3648535907268524, "0109_memory": 0.30798935890197754, "0110_memory": 0.3335837721824646, "0111_memory": 0.3502922058105469, "0112_memory": 0.3859625458717346, "0113_memory": 0.35175690054893494, "0114_memory": 0.3378497362136841, "0115_memory": 0.34544241428375244, "0116_memory": 0.36546504497528076, "0117_memory": 0.3928315043449402, "0118_memory": 0.35310712456703186, "0119_memory": 0.3628580570220947, "0120_memory": 0.03162278234958649, "0121_memory": 0.3294903039932251, "0122_memory": 0.3973334729671478, "0123_memory": 0.38717418909072876, "0124_memory": 0.360537588596344, "0125_memory": 0.3277468681335449, "0126_memory": 0.32433950901031494, "0127_memory": 0.37189027667045593, "0128_memory": 0.3239856958389282, "0129_memory": 0.33860450983047485, "0130_memory": 0.34218543767929077, "0131_memory": 0.39738619327545166, "0132_memory": 0.35039883852005005, "0133_memory": 0.33500370383262634, "0134_memory": 0.34916263818740845, "0135_memory": 0.3991841673851013, "0136_memory": 0.428768128156662, "0137_memory": 0.34918832778930664, "0138_memory": 0.4880141615867615, "0139_memory": 0.3954645097255707, "0140_memory": 0.32839006185531616, "0141_memory": 0.4437975287437439, "0142_memory": 0.46350711584091187, "0143_memory": 0.46314066648483276, "0144_memory": 0.4570090174674988, "0145_memory": 0.49882054328918457}