{"0001_memory": 0.45506221055984497, "0002_memory": 0.39771127700805664, "0003_memory": 0.45473116636276245, "0004_memory": 0.36709702014923096, "0005_memory": 0.4204143285751343, "0006_memory": 0.337744802236557, "0007_memory": 0.3571452498435974, "0008_memory": 0.41474735736846924, "0009_memory": 0.41219133138656616, "0010_memory": 0.34898141026496887, "0011_memory": 0.4027548134326935, "0012_memory": 0.417146235704422, "0013_memory": 0.3466595411300659, "0014_memory": 0.3365107774734497, "0015_memory": 0.4563888609409332, "0016_memory": 0.45265209674835205, "0017_memory": 0.45828694105148315, "0018_memory": 0.373105525970459, "0019_memory": 0.3714039921760559, "0020_memory": 0.37305259704589844, "0021_memory": 0.2574920654296875, "0022_memory": 0.3697192966938019, "0023_memory": 0.401941180229187, "0024_memory": 0.3997315764427185, "0025_memory": 0.40675169229507446, "0026_memory": 0.3268832266330719, "0027_memory": 0.4500352144241333, "0028_memory": 0.36286357045173645, "0029_memory": 0.41649794578552246, "0030_memory": 0.4581630229949951, "0031_memory": 0.42192542552948, "0032_memory": 0.387873113155365, "0033_memory": 0.4031333923339844, "0034_memory": 0.40509146451950073, "0035_memory": 0.4232933521270752, "0036_memory": 0.3876054286956787, "0037_memory": 0.4216713607311249, "0038_memory": 0.39680343866348267, "0039_memory": 0.4026966691017151, "0040_memory": 0.4232925772666931, "0041_memory": 0.4242202043533325, "0042_memory": 0.41798585653305054, "0043_memory": 0.36360931396484375, "0044_memory": 0.3760105073451996, "0045_memory": 0.3967452049255371, "0046_memory": 0.40146422386169434, "0047_memory": 0.4070231318473816, "0048_memory": 0.3648669421672821, "0049_memory": 0.3369670510292053, "0050_memory": 0.4540652632713318, "0051_memory": 0.3768918812274933, "0052_memory": 0.4184337258338928, "0053_memory": 0.433566153049469, "0054_memory": 0.3996594548225403, "0055_memory": 0.3822261095046997, "0056_memory": 0.41417089104652405, "0057_memory": 0.3720252513885498, "0058_memory": 0.45479616522789, "0059_memory": 0.45513445138931274, "0060_memory": 0.3500765562057495, "0061_memory": 0.39823073148727417, "0062_memory": 0.3899143934249878, "0063_memory": 0.4005277752876282, "0064_memory": 0.3665294051170349, "0065_memory": 0.4074849486351013, "0066_memory": 0.30751729011535645, "0067_memory": 0.32246142625808716, "0068_memory": 0.4552370309829712, "0069_memory": 0.4514096975326538, "0070_memory": 0.41044992208480835, "0071_memory": 0.3920094966888428, "0072_memory": 0.4687168598175049, "0073_memory": 0.331450879573822, "0074_memory": 0.4013843536376953, "0075_memory": 0.28017038106918335, "0076_memory": 0.40760427713394165, "0077_memory": 0.42253267765045166, "0078_memory": 0.38228318095207214, "0079_memory": 0.03162278234958649, "0080_memory": 0.2709316611289978, "0081_memory": 0.40335917472839355, "0082_memory": 0.43074241280555725, "0083_memory": 0.26339486241340637, "0084_memory": 0.4388764500617981, "0085_memory": 0.35078343749046326, "0086_memory": 0.29728126525878906, "0087_memory": 0.44560787081718445, "0088_memory": 0.3987049460411072, "0089_memory": 0.38819876313209534, "0090_memory": 0.40494558215141296, "0091_memory": 0.426247239112854, "0092_memory": 0.35289353132247925, "0093_memory": 0.4176674783229828, "0094_memory": 0.4009817838668823, "0095_memory": 0.42427098751068115, "0096_memory": 0.40343552827835083, "0097_memory": 0.40650802850723267, "0098_memory": 0.41244620084762573, "0099_memory": 0.3995567560195923, "0100_memory": 0.38650739192962646, "0101_memory": 0.39510661363601685, "0102_memory": 0.23335207998752594, "0103_memory": 0.39891666173934937, "0104_memory": 0.4442552328109741, "0105_memory": 0.39179322123527527, "0106_memory": 0.24858766794204712, "0107_memory": 0.41755813360214233, "0108_memory": 0.3659377098083496, "0109_memory": 0.39397376775741577, "0110_memory": 0.41115057468414307, "0111_memory": 0.3839905261993408, "0112_memory": 0.3226066529750824, "0113_memory": 0.3801511228084564, "0114_memory": 0.38385725021362305, "0115_memory": 0.37218528985977173, "0116_memory": 0.38784968852996826, "0117_memory": 0.32858675718307495, "0118_memory": 0.38140439987182617, "0119_memory": 0.4097210466861725, "0120_memory": 0.4023513197898865, "0121_memory": 0.37724852561950684, "0122_memory": 0.27703672647476196, "0123_memory": 0.3532737195491791, "0124_memory": 0.38367727398872375, "0125_memory": 0.4093460738658905, "0126_memory": 0.39237719774246216, "0127_memory": 0.41759228706359863, "0128_memory": 0.4087829887866974, "0129_memory": 0.42039617896080017, "0130_memory": 0.4149591326713562, "0131_memory": 0.3195449113845825, "0132_memory": 0.37527287006378174, "0133_memory": 0.3930506408214569, "0134_memory": 0.38093239068984985, "0135_memory": 0.20170021057128906, "0136_memory": 0.3372505009174347, "0137_memory": 0.3739567995071411, "0138_memory": 0.44750359654426575, "0139_memory": 0.2908162474632263, "0140_memory": 0.38510918617248535, "0141_memory": 0.3905412256717682, "0142_memory": 0.3954716920852661, "0143_memory": 0.41966402530670166, "0144_memory": 0.4002115726470947, "0145_memory": 0.4602195620536804}