{"0001_memory": 0.39810246229171753, "0002_memory": 0.44733861088752747, "0003_memory": 0.49176353216171265, "0004_memory": 0.23192502558231354, "0005_memory": 0.46073466539382935, "0006_memory": 0.4174410104751587, "0007_memory": 0.41542941331863403, "0008_memory": 0.3372432589530945, "0009_memory": 0.44540995359420776, "0010_memory": 0.4106166958808899, "0011_memory": 0.310037761926651, "0012_memory": 0.46536245942115784, "0013_memory": 0.4177033305168152, "0014_memory": 0.29197371006011963, "0015_memory": 0.48063671588897705, "0016_memory": 0.3938635289669037, "0017_memory": 0.4897245168685913, "0018_memory": 0.45010578632354736, "0019_memory": 0.43795838952064514, "0020_memory": 0.43916648626327515, "0021_memory": 0.38621795177459717, "0022_memory": 0.41866838932037354, "0023_memory": 0.44470304250717163, "0024_memory": 0.4371146559715271, "0025_memory": 0.43741512298583984, "0026_memory": 0.3219038248062134, "0027_memory": 0.48619699478149414, "0028_memory": 0.4246319830417633, "0029_memory": 0.4443981945514679, "0030_memory": 0.4811001420021057, "0031_memory": 0.45890378952026367, "0032_memory": 0.4537128806114197, "0033_memory": 0.27105116844177246, "0034_memory": 0.44365745782852173, "0035_memory": 0.44261011481285095, "0036_memory": 0.16855937242507935, "0037_memory": 0.4450777769088745, "0038_memory": 0.22029463946819305, "0039_memory": 0.455569326877594, "0040_memory": 0.4539446532726288, "0041_memory": 0.45417726039886475, "0042_memory": 0.4547494053840637, "0043_memory": 0.4412582218647003, "0044_memory": 0.4340552091598511, "0045_memory": 0.45198869705200195, "0046_memory": 0.44745802879333496, "0047_memory": 0.4510633051395416, "0048_memory": 0.4167950749397278, "0049_memory": 0.40312957763671875, "0050_memory": 0.4846530556678772, "0051_memory": 0.4490225315093994, "0052_memory": 0.4537229537963867, "0053_memory": 0.36164820194244385, "0054_memory": 0.45960402488708496, "0055_memory": 0.44061291217803955, "0056_memory": 0.46421244740486145, "0057_memory": 0.42095303535461426, "0058_memory": 0.4832168221473694, "0059_memory": 0.48325932025909424, "0060_memory": 0.4254985451698303, "0061_memory": 0.44015058875083923, "0062_memory": 0.4553840756416321, "0063_memory": 0.4578486680984497, "0064_memory": 0.44757789373397827, "0065_memory": 0.24477523565292358, "0066_memory": 0.332667738199234, "0067_memory": 0.3337211012840271, "0068_memory": 0.48811811208724976, "0069_memory": 0.4773280620574951, "0070_memory": 0.4592701196670532, "0071_memory": 0.43940964341163635, "0072_memory": 0.4110450744628906, "0073_memory": 0.3910462260246277, "0074_memory": 0.44972389936447144, "0075_memory": 0.38660091161727905, "0076_memory": 0.449688196182251, "0077_memory": 0.4656027853488922, "0078_memory": 0.44392991065979004, "0079_memory": 0.3905412256717682, "0080_memory": 0.37434372305870056, "0081_memory": 0.4583463668823242, "0082_memory": 0.3621784448623657, "0083_memory": 0.389455109834671, "0084_memory": 0.4520552158355713, "0085_memory": 0.4213080406188965, "0086_memory": 0.3484601378440857, "0087_memory": 0.3811487555503845, "0088_memory": 0.4491640627384186, "0089_memory": 0.45288538932800293, "0090_memory": 0.29163551330566406, "0091_memory": 0.46508097648620605, "0092_memory": 0.25352874398231506, "0093_memory": 0.46050891280174255, "0094_memory": 0.4476965367794037, "0095_memory": 0.4565621018409729, "0096_memory": 0.44197767972946167, "0097_memory": 0.4439687132835388, "0098_memory": 0.4418724477291107, "0099_memory": 0.43425285816192627, "0100_memory": 0.4416404366493225, "0101_memory": 0.44406360387802124, "0102_memory": 0.39237499237060547, "0103_memory": 0.4607001543045044, "0104_memory": 0.45906051993370056, "0105_memory": 0.18034930527210236, "0106_memory": 0.39075836539268494, "0107_memory": 0.4569934904575348, "0108_memory": 0.42202043533325195, "0109_memory": 0.46404698491096497, "0110_memory": 0.4569052457809448, "0111_memory": 0.4284220337867737, "0112_memory": 0.39253491163253784, "0113_memory": 0.4244195818901062, "0114_memory": 0.45291778445243835, "0115_memory": 0.445374071598053, "0116_memory": 0.46030139923095703, "0117_memory": 0.39872056245803833, "0118_memory": 0.4416577219963074, "0119_memory": 0.4625181555747986, "0120_memory": 0.4437975287437439, "0121_memory": 0.4480637311935425, "0122_memory": 0.3612084984779358, "0123_memory": 0.41170936822891235, "0124_memory": 0.42991435527801514, "0125_memory": 0.44548535346984863, "0126_memory": 0.44593292474746704, "0127_memory": 0.4546242952346802, "0128_memory": 0.44565361738204956, "0129_memory": 0.45078903436660767, "0130_memory": 0.45347148180007935, "0131_memory": 0.39754927158355713, "0132_memory": 0.4184446334838867, "0133_memory": 0.4561249017715454, "0134_memory": 0.43542832136154175, "0135_memory": 0.3986208438873291, "0136_memory": 0.3180379271507263, "0137_memory": 0.4388984441757202, "0138_memory": 0.3824436664581299, "0139_memory": 0.39216727018356323, "0140_memory": 0.4487595856189728, "0141_memory": 0.03162278234958649, "0142_memory": 0.3127540946006775, "0143_memory": 0.3412555456161499, "0144_memory": 0.31953638792037964, "0145_memory": 0.4026593863964081}