{"0001_memory": 0.4833315312862396, "0002_memory": 0.31201809644699097, "0003_memory": 0.4332274794578552, "0004_memory": 0.4473608136177063, "0005_memory": 0.3645869791507721, "0006_memory": 0.38887283205986023, "0007_memory": 0.3762596547603607, "0008_memory": 0.46856802701950073, "0009_memory": 0.2219392955303192, "0010_memory": 0.4002181887626648, "0011_memory": 0.46196210384368896, "0012_memory": 0.350890189409256, "0013_memory": 0.39334264397621155, "0014_memory": 0.4274299144744873, "0015_memory": 0.4220286011695862, "0016_memory": 0.49127787351608276, "0017_memory": 0.43712788820266724, "0018_memory": 0.36447232961654663, "0019_memory": 0.3446773290634155, "0020_memory": 0.357699453830719, "0021_memory": 0.38522088527679443, "0022_memory": 0.3635866045951843, "0023_memory": 0.31552326679229736, "0024_memory": 0.31637346744537354, "0025_memory": 0.31958872079849243, "0026_memory": 0.4161348044872284, "0027_memory": 0.40868496894836426, "0028_memory": 0.41282469034194946, "0029_memory": 0.2571883201599121, "0030_memory": 0.40597957372665405, "0031_memory": 0.3370131552219391, "0032_memory": 0.2838856875896454, "0033_memory": 0.45592254400253296, "0034_memory": 0.3461343050003052, "0035_memory": 0.36953091621398926, "0036_memory": 0.44898614287376404, "0037_memory": 0.3216651380062103, "0038_memory": 0.44482699036598206, "0039_memory": 0.3252830505371094, "0040_memory": 0.317122220993042, "0041_memory": 0.3216221034526825, "0042_memory": 0.33254140615463257, "0043_memory": 0.35922276973724365, "0044_memory": 0.347476065158844, "0045_memory": 0.2625293731689453, "0046_memory": 0.325356662273407, "0047_memory": 0.32512420415878296, "0048_memory": 0.37818965315818787, "0049_memory": 0.40530094504356384, "0050_memory": 0.40571749210357666, "0051_memory": 0.3746783137321472, "0052_memory": 0.3349975347518921, "0053_memory": 0.4749118387699127, "0054_memory": 0.37892425060272217, "0055_memory": 0.35542815923690796, "0056_memory": 0.37665170431137085, "0057_memory": 0.3734292984008789, "0058_memory": 0.41721534729003906, "0059_memory": 0.4232040047645569, "0060_memory": 0.39908820390701294, "0061_memory": 0.3287392854690552, "0062_memory": 0.3411261737346649, "0063_memory": 0.3518216013908386, "0064_memory": 0.37949591875076294, "0065_memory": 0.44986045360565186, "0066_memory": 0.41087883710861206, "0067_memory": 0.42307808995246887, "0068_memory": 0.43797314167022705, "0069_memory": 0.39760273694992065, "0070_memory": 0.32140064239501953, "0071_memory": 0.3190354108810425, "0072_memory": 0.5027380585670471, "0073_memory": 0.3941488564014435, "0074_memory": 0.3197927474975586, "0075_memory": 0.3816610872745514, "0076_memory": 0.32051482796669006, "0077_memory": 0.35012418031692505, "0078_memory": 0.34808146953582764, "0079_memory": 0.3987049460411072, "0080_memory": 0.41408345103263855, "0081_memory": 0.3311918377876282, "0082_memory": 0.4682210683822632, "0083_memory": 0.42390573024749756, "0084_memory": 0.3724046051502228, "0085_memory": 0.37600177526474, "0086_memory": 0.4027668833732605, "0087_memory": 0.4784473180770874, "0088_memory": 0.03162278234958649, "0089_memory": 0.3892787992954254, "0090_memory": 0.46284449100494385, "0091_memory": 0.37936294078826904, "0092_memory": 0.4395734667778015, "0093_memory": 0.34170424938201904, "0094_memory": 0.3494836091995239, "0095_memory": 0.3186303973197937, "0096_memory": 0.314824640750885, "0097_memory": 0.23626098036766052, "0098_memory": 0.2844095230102539, "0099_memory": 0.33689355850219727, "0100_memory": 0.35368192195892334, "0101_memory": 0.3405687212944031, "0102_memory": 0.3937106132507324, "0103_memory": 0.31282955408096313, "0104_memory": 0.37717536091804504, "0105_memory": 0.44414061307907104, "0106_memory": 0.42009925842285156, "0107_memory": 0.348082959651947, "0108_memory": 0.3843333125114441, "0109_memory": 0.34760385751724243, "0110_memory": 0.32030701637268066, "0111_memory": 0.37136635184288025, "0112_memory": 0.39308440685272217, "0113_memory": 0.3769414722919464, "0114_memory": 0.36148467659950256, "0115_memory": 0.36302030086517334, "0116_memory": 0.38169026374816895, "0117_memory": 0.4015212059020996, "0118_memory": 0.3799799978733063, "0119_memory": 0.3056061565876007, "0120_memory": 0.3416970372200012, "0121_memory": 0.3617333769798279, "0122_memory": 0.39515241980552673, "0123_memory": 0.41031450033187866, "0124_memory": 0.38786500692367554, "0125_memory": 0.3248063921928406, "0126_memory": 0.3363204300403595, "0127_memory": 0.310363233089447, "0128_memory": 0.3130817115306854, "0129_memory": 0.29398566484451294, "0130_memory": 0.31559914350509644, "0131_memory": 0.3968433737754822, "0132_memory": 0.3799360990524292, "0133_memory": 0.36480066180229187, "0134_memory": 0.3738047480583191, "0135_memory": 0.4133405387401581, "0136_memory": 0.41666173934936523, "0137_memory": 0.34881943464279175, "0138_memory": 0.47928622364997864, "0139_memory": 0.3971009850502014, "0140_memory": 0.370170533657074, "0141_memory": 0.4491640627384186, "0142_memory": 0.4657072126865387, "0143_memory": 0.4677080512046814, "0144_memory": 0.46504318714141846, "0145_memory": 0.4952516257762909}