{"0001_memory": 0.48710712790489197, "0002_memory": 0.41066494584083557, "0003_memory": 0.4776676595211029, "0004_memory": 0.4065154790878296, "0005_memory": 0.43663012981414795, "0006_memory": 0.22085915505886078, "0007_memory": 0.31436318159103394, "0008_memory": 0.45447030663490295, "0009_memory": 0.4169284701347351, "0010_memory": 0.24408458173274994, "0011_memory": 0.4532325267791748, "0012_memory": 0.4184301793575287, "0013_memory": 0.26689714193344116, "0014_memory": 0.4075314402580261, "0015_memory": 0.46877944469451904, "0016_memory": 0.4938803017139435, "0017_memory": 0.48101499676704407, "0018_memory": 0.37613993883132935, "0019_memory": 0.3693011999130249, "0020_memory": 0.38397860527038574, "0021_memory": 0.3492369055747986, "0022_memory": 0.3381434679031372, "0023_memory": 0.38804343342781067, "0024_memory": 0.4016152620315552, "0025_memory": 0.3959871232509613, "0026_memory": 0.3999384045600891, "0027_memory": 0.47294729948043823, "0028_memory": 0.03162278234958649, "0029_memory": 0.4214630722999573, "0030_memory": 0.48061054944992065, "0031_memory": 0.425184965133667, "0032_memory": 0.4110954999923706, "0033_memory": 0.4508286714553833, "0034_memory": 0.393532931804657, "0035_memory": 0.4399831295013428, "0036_memory": 0.4279056191444397, "0037_memory": 0.41213515400886536, "0038_memory": 0.4367346465587616, "0039_memory": 0.4083508849143982, "0040_memory": 0.42368483543395996, "0041_memory": 0.4200669527053833, "0042_memory": 0.42981648445129395, "0043_memory": 0.38465142250061035, "0044_memory": 0.3653602600097656, "0045_memory": 0.41087567806243896, "0046_memory": 0.39928463101387024, "0047_memory": 0.4099862277507782, "0048_memory": 0.3315066695213318, "0049_memory": 0.30580469965934753, "0050_memory": 0.4837258458137512, "0051_memory": 0.36923718452453613, "0052_memory": 0.4158378839492798, "0053_memory": 0.47202974557876587, "0054_memory": 0.3743414282798767, "0055_memory": 0.3687421381473541, "0056_memory": 0.44190043210983276, "0057_memory": 0.3404240012168884, "0058_memory": 0.48109740018844604, "0059_memory": 0.4775109887123108, "0060_memory": 0.28554561734199524, "0061_memory": 0.3873518705368042, "0062_memory": 0.4021480083465576, "0063_memory": 0.390001505613327, "0064_memory": 0.3608190417289734, "0065_memory": 0.4466477036476135, "0066_memory": 0.3923553228378296, "0067_memory": 0.3994581699371338, "0068_memory": 0.4759472906589508, "0069_memory": 0.4586629569530487, "0070_memory": 0.4096442461013794, "0071_memory": 0.38969558477401733, "0072_memory": 0.5041462182998657, "0073_memory": 0.30852243304252625, "0074_memory": 0.39215877652168274, "0075_memory": 0.34689754247665405, "0076_memory": 0.41703808307647705, "0077_memory": 0.43364909291267395, "0078_memory": 0.385796457529068, "0079_memory": 0.36286357045173645, "0080_memory": 0.37028229236602783, "0081_memory": 0.4063628911972046, "0082_memory": 0.4723643660545349, "0083_memory": 0.37692350149154663, "0084_memory": 0.43950533866882324, "0085_memory": 0.3033287525177002, "0086_memory": 0.3842748999595642, "0087_memory": 0.4796409010887146, "0088_memory": 0.41282469034194946, "0089_memory": 0.3609076142311096, "0090_memory": 0.44866013526916504, "0091_memory": 0.4408808946609497, "0092_memory": 0.3998602330684662, "0093_memory": 0.41573387384414673, "0094_memory": 0.39262840151786804, "0095_memory": 0.4183053970336914, "0096_memory": 0.38826555013656616, "0097_memory": 0.4139593243598938, "0098_memory": 0.42512187361717224, "0099_memory": 0.39308080077171326, "0100_memory": 0.3802504539489746, "0101_memory": 0.3725387156009674, "0102_memory": 0.3616129159927368, "0103_memory": 0.4082150459289551, "0104_memory": 0.4460020065307617, "0105_memory": 0.4210284352302551, "0106_memory": 0.3591698408126831, "0107_memory": 0.4417320489883423, "0108_memory": 0.3226225674152374, "0109_memory": 0.4037303328514099, "0110_memory": 0.4080047011375427, "0111_memory": 0.34695693850517273, "0112_memory": 0.3178211450576782, "0113_memory": 0.35095441341400146, "0114_memory": 0.36913663148880005, "0115_memory": 0.3788936138153076, "0116_memory": 0.37436604499816895, "0117_memory": 0.31854426860809326, "0118_memory": 0.3484653830528259, "0119_memory": 0.4065610468387604, "0120_memory": 0.38296347856521606, "0121_memory": 0.3647272288799286, "0122_memory": 0.3791249394416809, "0123_memory": 0.2675730586051941, "0124_memory": 0.3483341932296753, "0125_memory": 0.4092262387275696, "0126_memory": 0.3867301642894745, "0127_memory": 0.423393189907074, "0128_memory": 0.41104695200920105, "0129_memory": 0.42258793115615845, "0130_memory": 0.4135928750038147, "0131_memory": 0.3380378782749176, "0132_memory": 0.32647639513015747, "0133_memory": 0.37396952509880066, "0134_memory": 0.3414347767829895, "0135_memory": 0.3560107946395874, "0136_memory": 0.4118107855319977, "0137_memory": 0.38208138942718506, "0138_memory": 0.4835497736930847, "0139_memory": 0.3497922420501709, "0140_memory": 0.36805474758148193, "0141_memory": 0.4246319830417633, "0142_memory": 0.4513459801673889, "0143_memory": 0.46331772208213806, "0144_memory": 0.45067161321640015, "0145_memory": 0.49845200777053833}