{"0001_memory": 0.48742979764938354, "0002_memory": 0.3793215751647949, "0003_memory": 0.47212812304496765, "0004_memory": 0.4222561717033386, "0005_memory": 0.4171772599220276, "0006_memory": 0.33636051416397095, "0007_memory": 0.30778729915618896, "0008_memory": 0.47040754556655884, "0009_memory": 0.3900070786476135, "0010_memory": 0.3467959761619568, "0011_memory": 0.46771103143692017, "0012_memory": 0.4051204323768616, "0013_memory": 0.3196839988231659, "0014_memory": 0.406103253364563, "0015_memory": 0.46242403984069824, "0016_memory": 0.4937111437320709, "0017_memory": 0.47295868396759033, "0018_memory": 0.3357471227645874, "0019_memory": 0.3372732102870941, "0020_memory": 0.34118640422821045, "0021_memory": 0.36932575702667236, "0022_memory": 0.2773303985595703, "0023_memory": 0.38216423988342285, "0024_memory": 0.3705136477947235, "0025_memory": 0.37907975912094116, "0026_memory": 0.3915535807609558, "0027_memory": 0.45247212052345276, "0028_memory": 0.3483341932296753, "0029_memory": 0.3871469497680664, "0030_memory": 0.4566967487335205, "0031_memory": 0.40385574102401733, "0032_memory": 0.39315301179885864, "0033_memory": 0.45073825120925903, "0034_memory": 0.36647140979766846, "0035_memory": 0.4185795187950134, "0036_memory": 0.42932915687561035, "0037_memory": 0.39520522952079773, "0038_memory": 0.4368242621421814, "0039_memory": 0.37351346015930176, "0040_memory": 0.38732293248176575, "0041_memory": 0.39555713534355164, "0042_memory": 0.40867945551872253, "0043_memory": 0.3354640603065491, "0044_memory": 0.33391839265823364, "0045_memory": 0.3782258927822113, "0046_memory": 0.3899027705192566, "0047_memory": 0.37785592675209045, "0048_memory": 0.28969624638557434, "0049_memory": 0.34913742542266846, "0050_memory": 0.4570956528186798, "0051_memory": 0.3250386714935303, "0052_memory": 0.3881528973579407, "0053_memory": 0.48039114475250244, "0054_memory": 0.3852669298648834, "0055_memory": 0.3521922826766968, "0056_memory": 0.4257633686065674, "0057_memory": 0.21592167019844055, "0058_memory": 0.4593110680580139, "0059_memory": 0.4653923511505127, "0060_memory": 0.3332808017730713, "0061_memory": 0.362033486366272, "0062_memory": 0.3749479651451111, "0063_memory": 0.36518362164497375, "0064_memory": 0.3257112503051758, "0065_memory": 0.44626104831695557, "0066_memory": 0.38666319847106934, "0067_memory": 0.3901149034500122, "0068_memory": 0.4692443311214447, "0069_memory": 0.44481953978538513, "0070_memory": 0.40194758772850037, "0071_memory": 0.35921546816825867, "0072_memory": 0.5044465065002441, "0073_memory": 0.34125447273254395, "0074_memory": 0.38687556982040405, "0075_memory": 0.35712099075317383, "0076_memory": 0.3946274518966675, "0077_memory": 0.40684670209884644, "0078_memory": 0.3739270567893982, "0079_memory": 0.38367727398872375, "0080_memory": 0.3879561126232147, "0081_memory": 0.3948322832584381, "0082_memory": 0.4731210470199585, "0083_memory": 0.40120887756347656, "0084_memory": 0.42272812128067017, "0085_memory": 0.3226599097251892, "0086_memory": 0.3837047815322876, "0087_memory": 0.4822395145893097, "0088_memory": 0.38786500692367554, "0089_memory": 0.3165823519229889, "0090_memory": 0.4605563282966614, "0091_memory": 0.42379093170166016, "0092_memory": 0.4211323857307434, "0093_memory": 0.4040476679801941, "0094_memory": 0.3657514452934265, "0095_memory": 0.4006863236427307, "0096_memory": 0.37765949964523315, "0097_memory": 0.39629292488098145, "0098_memory": 0.39362549781799316, "0099_memory": 0.3653835654258728, "0100_memory": 0.3478943109512329, "0101_memory": 0.36874085664749146, "0102_memory": 0.38025081157684326, "0103_memory": 0.3786366879940033, "0104_memory": 0.4254094064235687, "0105_memory": 0.4306388199329376, "0106_memory": 0.39525747299194336, "0107_memory": 0.4140473008155823, "0108_memory": 0.3120698928833008, "0109_memory": 0.36460715532302856, "0110_memory": 0.3870863914489746, "0111_memory": 0.2679222822189331, "0112_memory": 0.3537609875202179, "0113_memory": 0.22699372470378876, "0114_memory": 0.3751539885997772, "0115_memory": 0.33047768473625183, "0116_memory": 0.3436043858528137, "0117_memory": 0.36073213815689087, "0118_memory": 0.30723798274993896, "0119_memory": 0.4023251533508301, "0120_memory": 0.360537588596344, "0121_memory": 0.3640163540840149, "0122_memory": 0.3856332004070282, "0123_memory": 0.33685487508773804, "0124_memory": 0.03162278234958649, "0125_memory": 0.37987929582595825, "0126_memory": 0.36872798204421997, "0127_memory": 0.3968343436717987, "0128_memory": 0.37965482473373413, "0129_memory": 0.39052748680114746, "0130_memory": 0.3927501440048218, "0131_memory": 0.3693951964378357, "0132_memory": 0.2540135383605957, "0133_memory": 0.38304147124290466, "0134_memory": 0.29434412717819214, "0135_memory": 0.3911657929420471, "0136_memory": 0.40716052055358887, "0137_memory": 0.3401119112968445, "0138_memory": 0.48545631766319275, "0139_memory": 0.3626627027988434, "0140_memory": 0.35898536443710327, "0141_memory": 0.42991435527801514, "0142_memory": 0.46792590618133545, "0143_memory": 0.4719119966030121, "0144_memory": 0.4640551805496216, "0145_memory": 0.4971221387386322}