{"0001_memory": 0.27497243881225586, "0002_memory": 0.47116976976394653, "0003_memory": 0.4845429062843323, "0004_memory": 0.37042295932769775, "0005_memory": 0.45687711238861084, "0006_memory": 0.4629598557949066, "0007_memory": 0.46826601028442383, "0008_memory": 0.21654799580574036, "0009_memory": 0.47529447078704834, "0010_memory": 0.46175122261047363, "0011_memory": 0.30052468180656433, "0012_memory": 0.4651772677898407, "0013_memory": 0.46184036135673523, "0014_memory": 0.38715416193008423, "0015_memory": 0.4867504835128784, "0016_memory": 0.2864581346511841, "0017_memory": 0.4922993779182434, "0018_memory": 0.47701120376586914, "0019_memory": 0.4674779176712036, "0020_memory": 0.4702152609825134, "0021_memory": 0.43544214963912964, "0022_memory": 0.4692031145095825, "0023_memory": 0.46793901920318604, "0024_memory": 0.4663606286048889, "0025_memory": 0.466189444065094, "0026_memory": 0.40213334560394287, "0027_memory": 0.49112021923065186, "0028_memory": 0.47202974557876587, "0029_memory": 0.4762418270111084, "0030_memory": 0.4987404942512512, "0031_memory": 0.46861332654953003, "0032_memory": 0.4832592010498047, "0033_memory": 0.3358543813228607, "0034_memory": 0.474918395280838, "0035_memory": 0.4669482111930847, "0036_memory": 0.3587271273136139, "0037_memory": 0.4582233428955078, "0038_memory": 0.3563268184661865, "0039_memory": 0.4779931902885437, "0040_memory": 0.4642027020454407, "0041_memory": 0.4672934114933014, "0042_memory": 0.46512681245803833, "0043_memory": 0.47258591651916504, "0044_memory": 0.4624650478363037, "0045_memory": 0.4804326295852661, "0046_memory": 0.46652156114578247, "0047_memory": 0.47734397649765015, "0048_memory": 0.46832525730133057, "0049_memory": 0.45794111490249634, "0050_memory": 0.49515318870544434, "0051_memory": 0.479004442691803, "0052_memory": 0.45275095105171204, "0053_memory": 0.03162278234958649, "0054_memory": 0.48422491550445557, "0055_memory": 0.4645470380783081, "0056_memory": 0.46284300088882446, "0057_memory": 0.46959614753723145, "0058_memory": 0.49016302824020386, "0059_memory": 0.4831993579864502, "0060_memory": 0.46965911984443665, "0061_memory": 0.4739804267883301, "0062_memory": 0.4810118079185486, "0063_memory": 0.48158666491508484, "0064_memory": 0.47417405247688293, "0065_memory": 0.3461712598800659, "0066_memory": 0.40485715866088867, "0067_memory": 0.4108509421348572, "0068_memory": 0.48741817474365234, "0069_memory": 0.47643983364105225, "0070_memory": 0.4833446145057678, "0071_memory": 0.4729886054992676, "0072_memory": 0.3021252751350403, "0073_memory": 0.4547247886657715, "0074_memory": 0.47307777404785156, "0075_memory": 0.4387124180793762, "0076_memory": 0.46958979964256287, "0077_memory": 0.4779977798461914, "0078_memory": 0.47391581535339355, "0079_memory": 0.433566153049469, "0080_memory": 0.4176349639892578, "0081_memory": 0.47155240178108215, "0082_memory": 0.2397974580526352, "0083_memory": 0.4354073405265808, "0084_memory": 0.4660594165325165, "0085_memory": 0.46846306324005127, "0086_memory": 0.41496193408966064, "0087_memory": 0.20225362479686737, "0088_memory": 0.4749118387699127, "0089_memory": 0.482296884059906, "0090_memory": 0.32142728567123413, "0091_memory": 0.47560328245162964, "0092_memory": 0.3765074908733368, "0093_memory": 0.46483707427978516, "0094_memory": 0.4721474051475525, "0095_memory": 0.47161364555358887, "0096_memory": 0.4693194031715393, "0097_memory": 0.47644540667533875, "0098_memory": 0.4727974534034729, "0099_memory": 0.47090694308280945, "0100_memory": 0.46592843532562256, "0101_memory": 0.4769214391708374, "0102_memory": 0.4337429404258728, "0103_memory": 0.4834538996219635, "0104_memory": 0.46632814407348633, "0105_memory": 0.3645796775817871, "0106_memory": 0.4357679784297943, "0107_memory": 0.4560301899909973, "0108_memory": 0.4723566174507141, "0109_memory": 0.48710834980010986, "0110_memory": 0.4668329358100891, "0111_memory": 0.4730834662914276, "0112_memory": 0.4521923065185547, "0113_memory": 0.47145676612854004, "0114_memory": 0.470009446144104, "0115_memory": 0.4757678210735321, "0116_memory": 0.48303893208503723, "0117_memory": 0.4574572741985321, "0118_memory": 0.47619661688804626, "0119_memory": 0.4869135916233063, "0120_memory": 0.4688866436481476, "0121_memory": 0.46626150608062744, "0122_memory": 0.4159126877784729, "0123_memory": 0.4647846817970276, "0124_memory": 0.48039114475250244, "0125_memory": 0.47071850299835205, "0126_memory": 0.47732093930244446, "0127_memory": 0.4676804542541504, "0128_memory": 0.47347646951675415, "0129_memory": 0.4718509912490845, "0130_memory": 0.4730432629585266, "0131_memory": 0.45615848898887634, "0132_memory": 0.47249165177345276, "0133_memory": 0.48067790269851685, "0134_memory": 0.4742376208305359, "0135_memory": 0.43742284178733826, "0136_memory": 0.40129202604293823, "0137_memory": 0.46639707684516907, "0138_memory": 0.2763533294200897, "0139_memory": 0.444469153881073, "0140_memory": 0.47208213806152344, "0141_memory": 0.36164820194244385, "0142_memory": 0.2627147138118744, "0143_memory": 0.15421968698501587, "0144_memory": 0.2393907904624939, "0145_memory": 0.3039351999759674}