{"0001_memory": 0.4899232089519501, "0002_memory": 0.31921419501304626, "0003_memory": 0.4512600600719452, "0004_memory": 0.4391747713088989, "0005_memory": 0.3859877586364746, "0006_memory": 0.3765411972999573, "0007_memory": 0.3733600378036499, "0008_memory": 0.4667712450027466, "0009_memory": 0.3451959490776062, "0010_memory": 0.38280221819877625, "0011_memory": 0.4704298675060272, "0012_memory": 0.37837088108062744, "0013_memory": 0.3647426664829254, "0014_memory": 0.4302961230278015, "0015_memory": 0.4549708068370819, "0016_memory": 0.4966199994087219, "0017_memory": 0.46288228034973145, "0018_memory": 0.3590102791786194, "0019_memory": 0.35096901655197144, "0020_memory": 0.3583076000213623, "0021_memory": 0.39585694670677185, "0022_memory": 0.35196539759635925, "0023_memory": 0.31629592180252075, "0024_memory": 0.32547810673713684, "0025_memory": 0.3162519633769989, "0026_memory": 0.42050135135650635, "0027_memory": 0.43496161699295044, "0028_memory": 0.39262840151786804, "0029_memory": 0.3451310098171234, "0030_memory": 0.4449233412742615, "0031_memory": 0.37879684567451477, "0032_memory": 0.3557719588279724, "0033_memory": 0.4665488004684448, "0034_memory": 0.28225964307785034, "0035_memory": 0.4026322364807129, "0036_memory": 0.4500340223312378, "0037_memory": 0.35796910524368286, "0038_memory": 0.45444560050964355, "0039_memory": 0.3244074583053589, "0040_memory": 0.3693247139453888, "0041_memory": 0.375199556350708, "0042_memory": 0.38015806674957275, "0043_memory": 0.35318219661712646, "0044_memory": 0.34523534774780273, "0045_memory": 0.34943687915802, "0046_memory": 0.3355891704559326, "0047_memory": 0.3285369873046875, "0048_memory": 0.34745103120803833, "0049_memory": 0.3923720121383667, "0050_memory": 0.43958181142807007, "0051_memory": 0.3487813472747803, "0052_memory": 0.36214229464530945, "0053_memory": 0.4721474051475525, "0054_memory": 0.34850093722343445, "0055_memory": 0.3283011019229889, "0056_memory": 0.39161738753318787, "0057_memory": 0.34819287061691284, "0058_memory": 0.4415900707244873, "0059_memory": 0.44249409437179565, "0060_memory": 0.37804603576660156, "0061_memory": 0.30868539214134216, "0062_memory": 0.292593777179718, "0063_memory": 0.2571905851364136, "0064_memory": 0.342737078666687, "0065_memory": 0.46379148960113525, "0066_memory": 0.40080177783966064, "0067_memory": 0.42193666100502014, "0068_memory": 0.4579635262489319, "0069_memory": 0.4170178174972534, "0070_memory": 0.34025222063064575, "0071_memory": 0.2904013991355896, "0072_memory": 0.5139760971069336, "0073_memory": 0.3911195993423462, "0074_memory": 0.3278278708457947, "0075_memory": 0.3940141797065735, "0076_memory": 0.3516041934490204, "0077_memory": 0.39210253953933716, "0078_memory": 0.3240034580230713, "0079_memory": 0.4009817838668823, "0080_memory": 0.3984556794166565, "0081_memory": 0.3609778881072998, "0082_memory": 0.4770917296409607, "0083_memory": 0.41042494773864746, "0084_memory": 0.4109915494918823, "0085_memory": 0.37501010298728943, "0086_memory": 0.40813153982162476, "0087_memory": 0.4831918478012085, "0088_memory": 0.3494836091995239, "0089_memory": 0.35180243849754333, "0090_memory": 0.47118690609931946, "0091_memory": 0.41073358058929443, "0092_memory": 0.43496400117874146, "0093_memory": 0.3752857744693756, "0094_memory": 0.03162278234958649, "0095_memory": 0.378072053194046, "0096_memory": 0.3235408663749695, "0097_memory": 0.34874290227890015, "0098_memory": 0.3272971510887146, "0099_memory": 0.29843536019325256, "0100_memory": 0.3479176163673401, "0101_memory": 0.3308711051940918, "0102_memory": 0.40628182888031006, "0103_memory": 0.31885039806365967, "0104_memory": 0.40174779295921326, "0105_memory": 0.45063337683677673, "0106_memory": 0.4068146347999573, "0107_memory": 0.37502023577690125, "0108_memory": 0.381272554397583, "0109_memory": 0.28812873363494873, "0110_memory": 0.33598947525024414, "0111_memory": 0.3502641022205353, "0112_memory": 0.38904619216918945, "0113_memory": 0.3402322232723236, "0114_memory": 0.33494433760643005, "0115_memory": 0.35719066858291626, "0116_memory": 0.3595004081726074, "0117_memory": 0.3962094783782959, "0118_memory": 0.3481076657772064, "0119_memory": 0.3594791293144226, "0120_memory": 0.23818154633045197, "0121_memory": 0.3192872703075409, "0122_memory": 0.40788352489471436, "0123_memory": 0.3854612410068512, "0124_memory": 0.3657514452934265, "0125_memory": 0.315837025642395, "0126_memory": 0.3335070013999939, "0127_memory": 0.3721272647380829, "0128_memory": 0.32427942752838135, "0129_memory": 0.3419577479362488, "0130_memory": 0.33763816952705383, "0131_memory": 0.40655818581581116, "0132_memory": 0.3565152883529663, "0133_memory": 0.33653363585472107, "0134_memory": 0.3398936986923218, "0135_memory": 0.40350091457366943, "0136_memory": 0.43718481063842773, "0137_memory": 0.35319966077804565, "0138_memory": 0.49690699577331543, "0139_memory": 0.40291550755500793, "0140_memory": 0.3389720618724823, "0141_memory": 0.4476965367794037, "0142_memory": 0.4631688594818115, "0143_memory": 0.4624336361885071, "0144_memory": 0.4624839425086975, "0145_memory": 0.5063608288764954}