{"0001_memory": 0.3731139898300171, "0002_memory": 0.46290263533592224, "0003_memory": 0.4939643144607544, "0004_memory": 0.31589972972869873, "0005_memory": 0.4642547369003296, "0006_memory": 0.43876808881759644, "0007_memory": 0.4382236897945404, "0008_memory": 0.2798483967781067, "0009_memory": 0.46204060316085815, "0010_memory": 0.4418405294418335, "0011_memory": 0.20853421092033386, "0012_memory": 0.4647190570831299, "0013_memory": 0.44011297821998596, "0014_memory": 0.3307996988296509, "0015_memory": 0.4846179485321045, "0016_memory": 0.3605061173439026, "0017_memory": 0.486667662858963, "0018_memory": 0.4580588936805725, "0019_memory": 0.45425665378570557, "0020_memory": 0.45852163434028625, "0021_memory": 0.4021025598049164, "0022_memory": 0.4444296658039093, "0023_memory": 0.4673706591129303, "0024_memory": 0.46015000343322754, "0025_memory": 0.46650972962379456, "0026_memory": 0.35740917921066284, "0027_memory": 0.49189233779907227, "0028_memory": 0.44866013526916504, "0029_memory": 0.4690898358821869, "0030_memory": 0.48914217948913574, "0031_memory": 0.46010082960128784, "0032_memory": 0.4593631625175476, "0033_memory": 0.21307606995105743, "0034_memory": 0.4652335047721863, "0035_memory": 0.45952242612838745, "0036_memory": 0.2713930308818817, "0037_memory": 0.4590974748134613, "0038_memory": 0.26239335536956787, "0039_memory": 0.4619560241699219, "0040_memory": 0.45828956365585327, "0041_memory": 0.4674779176712036, "0042_memory": 0.4624442458152771, "0043_memory": 0.4538763165473938, "0044_memory": 0.45145243406295776, "0045_memory": 0.46027863025665283, "0046_memory": 0.46708497405052185, "0047_memory": 0.4647880792617798, "0048_memory": 0.4483928978443146, "0049_memory": 0.4369804263114929, "0050_memory": 0.4923545718193054, "0051_memory": 0.46833932399749756, "0052_memory": 0.4636952877044678, "0053_memory": 0.32142728567123413, "0054_memory": 0.45657095313072205, "0055_memory": 0.4568450450897217, "0056_memory": 0.4630996882915497, "0057_memory": 0.44752487540245056, "0058_memory": 0.4925188422203064, "0059_memory": 0.48990923166275024, "0060_memory": 0.4483560621738434, "0061_memory": 0.46067631244659424, "0062_memory": 0.47045791149139404, "0063_memory": 0.4737214148044586, "0064_memory": 0.4671761393547058, "0065_memory": 0.24295774102210999, "0066_memory": 0.3798012435436249, "0067_memory": 0.3765442371368408, "0068_memory": 0.4902220368385315, "0069_memory": 0.4844144582748413, "0070_memory": 0.47713276743888855, "0071_memory": 0.46291476488113403, "0072_memory": 0.3814401924610138, "0073_memory": 0.43079662322998047, "0074_memory": 0.46485376358032227, "0075_memory": 0.4028191566467285, "0076_memory": 0.45730891823768616, "0077_memory": 0.4608040452003479, "0078_memory": 0.4577915072441101, "0079_memory": 0.40494558215141296, "0080_memory": 0.3980954587459564, "0081_memory": 0.4576173424720764, "0082_memory": 0.30986642837524414, "0083_memory": 0.4125167727470398, "0084_memory": 0.4599006175994873, "0085_memory": 0.4445244371891022, "0086_memory": 0.386452853679657, "0087_memory": 0.35155361890792847, "0088_memory": 0.46284449100494385, "0089_memory": 0.4751439094543457, "0090_memory": 0.03162278234958649, "0091_memory": 0.46129006147384644, "0092_memory": 0.32521146535873413, "0093_memory": 0.46424466371536255, "0094_memory": 0.47118690609931946, "0095_memory": 0.46130096912384033, "0096_memory": 0.46304816007614136, "0097_memory": 0.46533405780792236, "0098_memory": 0.4716787338256836, "0099_memory": 0.4623671770095825, "0100_memory": 0.45857518911361694, "0101_memory": 0.46156978607177734, "0102_memory": 0.4005879759788513, "0103_memory": 0.4685042202472687, "0104_memory": 0.4710867404937744, "0105_memory": 0.29974597692489624, "0106_memory": 0.4083929657936096, "0107_memory": 0.466103196144104, "0108_memory": 0.44535788893699646, "0109_memory": 0.47465693950653076, "0110_memory": 0.47097083926200867, "0111_memory": 0.4630858302116394, "0112_memory": 0.41782641410827637, "0113_memory": 0.45914873480796814, "0114_memory": 0.46258077025413513, "0115_memory": 0.4557233154773712, "0116_memory": 0.4727109670639038, "0117_memory": 0.4314013421535492, "0118_memory": 0.46199268102645874, "0119_memory": 0.4714837074279785, "0120_memory": 0.46537527441978455, "0121_memory": 0.46385467052459717, "0122_memory": 0.38970714807510376, "0123_memory": 0.4499759078025818, "0124_memory": 0.4605563282966614, "0125_memory": 0.46177828311920166, "0126_memory": 0.45865464210510254, "0127_memory": 0.4517950713634491, "0128_memory": 0.4645894467830658, "0129_memory": 0.47020429372787476, "0130_memory": 0.47261688113212585, "0131_memory": 0.4268186092376709, "0132_memory": 0.4518977999687195, "0133_memory": 0.45582491159439087, "0134_memory": 0.4677599370479584, "0135_memory": 0.4075165092945099, "0136_memory": 0.35625189542770386, "0137_memory": 0.4574369192123413, "0138_memory": 0.3453025817871094, "0139_memory": 0.4139522910118103, "0140_memory": 0.46451419591903687, "0141_memory": 0.29163551330566406, "0142_memory": 0.23290637135505676, "0143_memory": 0.29526543617248535, "0144_memory": 0.2455805540084839, "0145_memory": 0.3686530292034149}