{"0001_memory": 0.49996963143348694, "0002_memory": 0.3086313009262085, "0003_memory": 0.4537499248981476, "0004_memory": 0.44169580936431885, "0005_memory": 0.38507145643234253, "0006_memory": 0.3860349655151367, "0007_memory": 0.3637952208518982, "0008_memory": 0.47375011444091797, "0009_memory": 0.34314897656440735, "0010_memory": 0.39071664214134216, "0011_memory": 0.4732409119606018, "0012_memory": 0.376024067401886, "0013_memory": 0.36873310804367065, "0014_memory": 0.4247632622718811, "0015_memory": 0.4601096510887146, "0016_memory": 0.5062218904495239, "0017_memory": 0.4585515856742859, "0018_memory": 0.34518271684646606, "0019_memory": 0.3554796278476715, "0020_memory": 0.35675308108329773, "0021_memory": 0.3982064127922058, "0022_memory": 0.3701372742652893, "0023_memory": 0.3169096112251282, "0024_memory": 0.3100874423980713, "0025_memory": 0.31861692667007446, "0026_memory": 0.4249170422554016, "0027_memory": 0.4307228922843933, "0028_memory": 0.4037303328514099, "0029_memory": 0.34948331117630005, "0030_memory": 0.43974989652633667, "0031_memory": 0.374333918094635, "0032_memory": 0.33814775943756104, "0033_memory": 0.47136539220809937, "0034_memory": 0.3111310303211212, "0035_memory": 0.4027104675769806, "0036_memory": 0.4619354009628296, "0037_memory": 0.37076422572135925, "0038_memory": 0.4651269018650055, "0039_memory": 0.2815210819244385, "0040_memory": 0.3679853677749634, "0041_memory": 0.3833661377429962, "0042_memory": 0.37921273708343506, "0043_memory": 0.34546542167663574, "0044_memory": 0.35342907905578613, "0045_memory": 0.33508455753326416, "0046_memory": 0.3345261216163635, "0047_memory": 0.30051809549331665, "0048_memory": 0.3816174268722534, "0049_memory": 0.39620324969291687, "0050_memory": 0.4461647868156433, "0051_memory": 0.3148711621761322, "0052_memory": 0.3615920841693878, "0053_memory": 0.48710834980010986, "0054_memory": 0.35357964038848877, "0055_memory": 0.342156320810318, "0056_memory": 0.3885180354118347, "0057_memory": 0.35940760374069214, "0058_memory": 0.4435552954673767, "0059_memory": 0.44492340087890625, "0060_memory": 0.38486793637275696, "0061_memory": 0.33486151695251465, "0062_memory": 0.20832395553588867, "0063_memory": 0.25027644634246826, "0064_memory": 0.3389659523963928, "0065_memory": 0.46940934658050537, "0066_memory": 0.4188805818557739, "0067_memory": 0.4268473982810974, "0068_memory": 0.4503445625305176, "0069_memory": 0.4277341961860657, "0070_memory": 0.32467132806777954, "0071_memory": 0.32437199354171753, "0072_memory": 0.5178776383399963, "0073_memory": 0.39426189661026, "0074_memory": 0.3129076063632965, "0075_memory": 0.39851534366607666, "0076_memory": 0.3576433062553406, "0077_memory": 0.3864889144897461, "0078_memory": 0.33624130487442017, "0079_memory": 0.39397376775741577, "0080_memory": 0.4002685546875, "0081_memory": 0.3443937599658966, "0082_memory": 0.48635929822921753, "0083_memory": 0.4151473045349121, "0084_memory": 0.40957388281822205, "0085_memory": 0.37745118141174316, "0086_memory": 0.41304516792297363, "0087_memory": 0.49022728204727173, "0088_memory": 0.34760385751724243, "0089_memory": 0.34881770610809326, "0090_memory": 0.47465693950653076, "0091_memory": 0.4015466272830963, "0092_memory": 0.43636462092399597, "0093_memory": 0.3751225769519806, "0094_memory": 0.28812873363494873, "0095_memory": 0.3725031614303589, "0096_memory": 0.3193913698196411, "0097_memory": 0.34897351264953613, "0098_memory": 0.35373613238334656, "0099_memory": 0.33016929030418396, "0100_memory": 0.36181363463401794, "0101_memory": 0.34015804529190063, "0102_memory": 0.4004164934158325, "0103_memory": 0.2640431821346283, "0104_memory": 0.4161628186702728, "0105_memory": 0.4628671407699585, "0106_memory": 0.4003467857837677, "0107_memory": 0.3814888000488281, "0108_memory": 0.38977646827697754, "0109_memory": 0.03162278234958649, "0110_memory": 0.34174272418022156, "0111_memory": 0.3505359888076782, "0112_memory": 0.4001759886741638, "0113_memory": 0.35767674446105957, "0114_memory": 0.3405899405479431, "0115_memory": 0.3469020128250122, "0116_memory": 0.35107654333114624, "0117_memory": 0.4111942946910858, "0118_memory": 0.35066699981689453, "0119_memory": 0.33816367387771606, "0120_memory": 0.30798935890197754, "0121_memory": 0.33352896571159363, "0122_memory": 0.41157639026641846, "0123_memory": 0.39734262228012085, "0124_memory": 0.36460715532302856, "0125_memory": 0.3292369246482849, "0126_memory": 0.33525484800338745, "0127_memory": 0.364406019449234, "0128_memory": 0.3048555850982666, "0129_memory": 0.3470127582550049, "0130_memory": 0.3425441384315491, "0131_memory": 0.4157524108886719, "0132_memory": 0.37380582094192505, "0133_memory": 0.33980870246887207, "0134_memory": 0.34874993562698364, "0135_memory": 0.394795298576355, "0136_memory": 0.4389592409133911, "0137_memory": 0.36486828327178955, "0138_memory": 0.5030068159103394, "0139_memory": 0.4046626687049866, "0140_memory": 0.35044002532958984, "0141_memory": 0.46404698491096497, "0142_memory": 0.4690413475036621, "0143_memory": 0.4799305200576782, "0144_memory": 0.46590083837509155, "0145_memory": 0.5074448585510254}