{"0001_memory": 0.47323161363601685, "0002_memory": 0.3433111310005188, "0003_memory": 0.4073949456214905, "0004_memory": 0.45255717635154724, "0005_memory": 0.3379453420639038, "0006_memory": 0.4092347025871277, "0007_memory": 0.38482680916786194, "0008_memory": 0.4655252695083618, "0009_memory": 0.3349097967147827, "0010_memory": 0.40975821018218994, "0011_memory": 0.4583301544189453, "0012_memory": 0.3136352598667145, "0013_memory": 0.3995579779148102, "0014_memory": 0.42811769247055054, "0015_memory": 0.39640289545059204, "0016_memory": 0.4823424816131592, "0017_memory": 0.40911388397216797, "0018_memory": 0.3798162341117859, "0019_memory": 0.3657441735267639, "0020_memory": 0.3707084655761719, "0021_memory": 0.40084126591682434, "0022_memory": 0.3576294779777527, "0023_memory": 0.34237849712371826, "0024_memory": 0.33755093812942505, "0025_memory": 0.3416784107685089, "0026_memory": 0.42742031812667847, "0027_memory": 0.38533151149749756, "0028_memory": 0.423393189907074, "0029_memory": 0.32957202196121216, "0030_memory": 0.39510396122932434, "0031_memory": 0.2982617914676666, "0032_memory": 0.3375595808029175, "0033_memory": 0.4538942575454712, "0034_memory": 0.37602829933166504, "0035_memory": 0.321402907371521, "0036_memory": 0.4499983787536621, "0037_memory": 0.2637290954589844, "0038_memory": 0.45424699783325195, "0039_memory": 0.34352684020996094, "0040_memory": 0.23553983867168427, "0041_memory": 0.2791348993778229, "0042_memory": 0.3156730532646179, "0043_memory": 0.36506080627441406, "0044_memory": 0.36449548602104187, "0045_memory": 0.3225856423377991, "0046_memory": 0.31110405921936035, "0047_memory": 0.3486083447933197, "0048_memory": 0.39432042837142944, "0049_memory": 0.41722583770751953, "0050_memory": 0.3893764913082123, "0051_memory": 0.3798688054084778, "0052_memory": 0.2930026650428772, "0053_memory": 0.4676804542541504, "0054_memory": 0.39065366983413696, "0055_memory": 0.37019413709640503, "0056_memory": 0.33950379490852356, "0057_memory": 0.3825889825820923, "0058_memory": 0.3994683623313904, "0059_memory": 0.3989450931549072, "0060_memory": 0.40275654196739197, "0061_memory": 0.3612092137336731, "0062_memory": 0.3590122163295746, "0063_memory": 0.37116748094558716, "0064_memory": 0.3882806897163391, "0065_memory": 0.4527808725833893, "0066_memory": 0.42283129692077637, "0067_memory": 0.4335167407989502, "0068_memory": 0.406593918800354, "0069_memory": 0.37340372800827026, "0070_memory": 0.3541426956653595, "0071_memory": 0.354442298412323, "0072_memory": 0.4938042163848877, "0073_memory": 0.4078081548213959, "0074_memory": 0.3441044092178345, "0075_memory": 0.40049076080322266, "0076_memory": 0.2204223871231079, "0077_memory": 0.30025529861450195, "0078_memory": 0.3670922517776489, "0079_memory": 0.41759228706359863, "0080_memory": 0.41973328590393066, "0081_memory": 0.2710110545158386, "0082_memory": 0.46146872639656067, "0083_memory": 0.4362458288669586, "0084_memory": 0.3201345205307007, "0085_memory": 0.38853275775909424, "0086_memory": 0.42036107182502747, "0087_memory": 0.4700387716293335, "0088_memory": 0.310363233089447, "0089_memory": 0.396574467420578, "0090_memory": 0.4517950713634491, "0091_memory": 0.3334049880504608, "0092_memory": 0.4421936571598053, "0093_memory": 0.30868834257125854, "0094_memory": 0.3721272647380829, "0095_memory": 0.22037099301815033, "0096_memory": 0.3413124680519104, "0097_memory": 0.3335877060890198, "0098_memory": 0.33959338068962097, "0099_memory": 0.3667008876800537, "0100_memory": 0.37483566999435425, "0101_memory": 0.36276960372924805, "0102_memory": 0.3977665305137634, "0103_memory": 0.34462934732437134, "0104_memory": 0.34391021728515625, "0105_memory": 0.45286768674850464, "0106_memory": 0.4288522005081177, "0107_memory": 0.3250369429588318, "0108_memory": 0.39572808146476746, "0109_memory": 0.364406019449234, "0110_memory": 0.31951332092285156, "0111_memory": 0.3810213804244995, "0112_memory": 0.40028661489486694, "0113_memory": 0.3863438665866852, "0114_memory": 0.37640702724456787, "0115_memory": 0.3758792281150818, "0116_memory": 0.39005106687545776, "0117_memory": 0.41503119468688965, "0118_memory": 0.3769274950027466, "0119_memory": 0.33798500895500183, "0120_memory": 0.37189027667045593, "0121_memory": 0.37674033641815186, "0122_memory": 0.4212481677532196, "0123_memory": 0.4189632534980774, "0124_memory": 0.3968343436717987, "0125_memory": 0.3507454991340637, "0126_memory": 0.3518017530441284, "0127_memory": 0.03162278234958649, "0128_memory": 0.33615708351135254, "0129_memory": 0.314090758562088, "0130_memory": 0.3425796627998352, "0131_memory": 0.41295790672302246, "0132_memory": 0.39054298400878906, "0133_memory": 0.37168049812316895, "0134_memory": 0.3884458839893341, "0135_memory": 0.42531388998031616, "0136_memory": 0.4303669333457947, "0137_memory": 0.3762253522872925, "0138_memory": 0.4722442030906677, "0139_memory": 0.4123092293739319, "0140_memory": 0.3892781138420105, "0141_memory": 0.4546242952346802, "0142_memory": 0.46005064249038696, "0143_memory": 0.4617994725704193, "0144_memory": 0.4602394700050354, "0145_memory": 0.4872250556945801}