{"0001_memory": 0.3309329152107239, "0002_memory": 0.5050689578056335, "0003_memory": 0.5168204307556152, "0004_memory": 0.4194934666156769, "0005_memory": 0.4970104992389679, "0006_memory": 0.5005950927734375, "0007_memory": 0.49590519070625305, "0008_memory": 0.3163471519947052, "0009_memory": 0.507280170917511, "0010_memory": 0.5002394914627075, "0011_memory": 0.36792370676994324, "0012_memory": 0.5004439949989319, "0013_memory": 0.4946109354496002, "0014_memory": 0.4217687249183655, "0015_memory": 0.5019882917404175, "0016_memory": 0.20552489161491394, "0017_memory": 0.5100387930870056, "0018_memory": 0.5078097581863403, "0019_memory": 0.4981159269809723, "0020_memory": 0.5037624835968018, "0021_memory": 0.4669850170612335, "0022_memory": 0.4986768960952759, "0023_memory": 0.5067868232727051, "0024_memory": 0.4993830919265747, "0025_memory": 0.5052869915962219, "0026_memory": 0.4386429488658905, "0027_memory": 0.5205596685409546, "0028_memory": 0.5041462182998657, "0029_memory": 0.5069532990455627, "0030_memory": 0.5156496167182922, "0031_memory": 0.488544762134552, "0032_memory": 0.5101950168609619, "0033_memory": 0.39079636335372925, "0034_memory": 0.5083244442939758, "0035_memory": 0.48887568712234497, "0036_memory": 0.4112319350242615, "0037_memory": 0.4906705915927887, "0038_memory": 0.40524324774742126, "0039_memory": 0.5115958452224731, "0040_memory": 0.4876866042613983, "0041_memory": 0.4919281005859375, "0042_memory": 0.4930647611618042, "0043_memory": 0.5035796165466309, "0044_memory": 0.49301570653915405, "0045_memory": 0.5035781264305115, "0046_memory": 0.5112007856369019, "0047_memory": 0.504967987537384, "0048_memory": 0.49986547231674194, "0049_memory": 0.4932486414909363, "0050_memory": 0.5107322931289673, "0051_memory": 0.513218343257904, "0052_memory": 0.4929298758506775, "0053_memory": 0.3021252751350403, "0054_memory": 0.5177751183509827, "0055_memory": 0.5012941360473633, "0056_memory": 0.500231146812439, "0057_memory": 0.5019850134849548, "0058_memory": 0.5111936330795288, "0059_memory": 0.5121798515319824, "0060_memory": 0.49997228384017944, "0061_memory": 0.5025591850280762, "0062_memory": 0.5188853144645691, "0063_memory": 0.5195742249488831, "0064_memory": 0.5117707848548889, "0065_memory": 0.3984702527523041, "0066_memory": 0.44513005018234253, "0067_memory": 0.4426928758621216, "0068_memory": 0.5187671184539795, "0069_memory": 0.5117080807685852, "0070_memory": 0.521297037601471, "0071_memory": 0.5065947771072388, "0072_memory": 0.03162278234958649, "0073_memory": 0.48352372646331787, "0074_memory": 0.5105816125869751, "0075_memory": 0.46492648124694824, "0076_memory": 0.49850332736968994, "0077_memory": 0.497856080532074, "0078_memory": 0.507903516292572, "0079_memory": 0.4687168598175049, "0080_memory": 0.4608927369117737, "0081_memory": 0.5046188831329346, "0082_memory": 0.27070721983909607, "0083_memory": 0.47776269912719727, "0084_memory": 0.48733949661254883, "0085_memory": 0.4976971745491028, "0086_memory": 0.4507169723510742, "0087_memory": 0.3069731295108795, "0088_memory": 0.5027380585670471, "0089_memory": 0.5129297375679016, "0090_memory": 0.3814401924610138, "0091_memory": 0.49634650349617004, "0092_memory": 0.4221334755420685, "0093_memory": 0.5028772354125977, "0094_memory": 0.5139760971069336, "0095_memory": 0.49422183632850647, "0096_memory": 0.5036603808403015, "0097_memory": 0.505008339881897, "0098_memory": 0.509605884552002, "0099_memory": 0.5060410499572754, "0100_memory": 0.497101366519928, "0101_memory": 0.5064384937286377, "0102_memory": 0.4657537043094635, "0103_memory": 0.513340413570404, "0104_memory": 0.4897017478942871, "0105_memory": 0.4127998352050781, "0106_memory": 0.4749600887298584, "0107_memory": 0.49479836225509644, "0108_memory": 0.496552437543869, "0109_memory": 0.5178776383399963, "0110_memory": 0.5085388422012329, "0111_memory": 0.5067795515060425, "0112_memory": 0.4853475093841553, "0113_memory": 0.5059987902641296, "0114_memory": 0.5092392563819885, "0115_memory": 0.5027053356170654, "0116_memory": 0.5130925178527832, "0117_memory": 0.48818543553352356, "0118_memory": 0.512440025806427, "0119_memory": 0.5185399055480957, "0120_memory": 0.5042977333068848, "0121_memory": 0.5042505860328674, "0122_memory": 0.45497313141822815, "0123_memory": 0.5020719766616821, "0124_memory": 0.5044465065002441, "0125_memory": 0.4987826347351074, "0126_memory": 0.5086583495140076, "0127_memory": 0.4938042163848877, "0128_memory": 0.5067201852798462, "0129_memory": 0.5078036785125732, "0130_memory": 0.5127935409545898, "0131_memory": 0.48894187808036804, "0132_memory": 0.5036951303482056, "0133_memory": 0.5159440040588379, "0134_memory": 0.5104091167449951, "0135_memory": 0.4704768657684326, "0136_memory": 0.436248242855072, "0137_memory": 0.4948883354663849, "0138_memory": 0.24229183793067932, "0139_memory": 0.4763442277908325, "0140_memory": 0.5024454593658447, "0141_memory": 0.4110450744628906, "0142_memory": 0.34638696908950806, "0143_memory": 0.30164384841918945, "0144_memory": 0.3318219780921936, "0145_memory": 0.1753578633069992}