{"0001_memory": 0.2087741196155548, "0002_memory": 0.4789275527000427, "0003_memory": 0.48593202233314514, "0004_memory": 0.38795191049575806, "0005_memory": 0.4684257507324219, "0006_memory": 0.47290605306625366, "0007_memory": 0.47237837314605713, "0008_memory": 0.2781965732574463, "0009_memory": 0.47972410917282104, "0010_memory": 0.46980321407318115, "0011_memory": 0.33721745014190674, "0012_memory": 0.4742871820926666, "0013_memory": 0.4697355031967163, "0014_memory": 0.39506635069847107, "0015_memory": 0.48725423216819763, "0016_memory": 0.304781049489975, "0017_memory": 0.4939154386520386, "0018_memory": 0.48401719331741333, "0019_memory": 0.4717196822166443, "0020_memory": 0.47625476121902466, "0021_memory": 0.44352665543556213, "0022_memory": 0.4733508229255676, "0023_memory": 0.47711193561553955, "0024_memory": 0.4690033793449402, "0025_memory": 0.4756200313568115, "0026_memory": 0.41308337450027466, "0027_memory": 0.49464651942253113, "0028_memory": 0.4796409010887146, "0029_memory": 0.47968095541000366, "0030_memory": 0.49879616498947144, "0031_memory": 0.4686923027038574, "0032_memory": 0.48912686109542847, "0033_memory": 0.3597071170806885, "0034_memory": 0.47842341661453247, "0035_memory": 0.4688698649406433, "0036_memory": 0.3811696171760559, "0037_memory": 0.4629829525947571, "0038_memory": 0.37385696172714233, "0039_memory": 0.4826299548149109, "0040_memory": 0.46491068601608276, "0041_memory": 0.46756207942962646, "0042_memory": 0.46514302492141724, "0043_memory": 0.47757840156555176, "0044_memory": 0.46766048669815063, "0045_memory": 0.4838060140609741, "0046_memory": 0.47784215211868286, "0047_memory": 0.4795146584510803, "0048_memory": 0.47576767206192017, "0049_memory": 0.4658466875553131, "0050_memory": 0.4954834580421448, "0051_memory": 0.4875394105911255, "0052_memory": 0.4620469808578491, "0053_memory": 0.20225362479686737, "0054_memory": 0.49283266067504883, "0055_memory": 0.47288990020751953, "0056_memory": 0.47269582748413086, "0057_memory": 0.4773603081703186, "0058_memory": 0.4909781217575073, "0059_memory": 0.4860590100288391, "0060_memory": 0.47881895303726196, "0061_memory": 0.47822362184524536, "0062_memory": 0.4912216365337372, "0063_memory": 0.4909774959087372, "0064_memory": 0.4855724573135376, "0065_memory": 0.36822381615638733, "0066_memory": 0.42120957374572754, "0067_memory": 0.41789793968200684, "0068_memory": 0.49189648032188416, "0069_memory": 0.4844290614128113, "0070_memory": 0.4913817048072815, "0071_memory": 0.47959500551223755, "0072_memory": 0.3069731295108795, "0073_memory": 0.46036040782928467, "0074_memory": 0.47890231013298035, "0075_memory": 0.4438167214393616, "0076_memory": 0.4736497700214386, "0077_memory": 0.4785088896751404, "0078_memory": 0.4826316237449646, "0079_memory": 0.44560787081718445, "0080_memory": 0.4315427541732788, "0081_memory": 0.47692936658859253, "0082_memory": 0.26052120327949524, "0083_memory": 0.4512237012386322, "0084_memory": 0.4661276340484619, "0085_memory": 0.47739940881729126, "0086_memory": 0.42545008659362793, "0087_memory": 0.03162278234958649, "0088_memory": 0.4784473180770874, "0089_memory": 0.4879128932952881, "0090_memory": 0.35155361890792847, "0091_memory": 0.4741517901420593, "0092_memory": 0.39379122853279114, "0093_memory": 0.4717009663581848, "0094_memory": 0.4831918478012085, "0095_memory": 0.4732624292373657, "0096_memory": 0.4740598797798157, "0097_memory": 0.4837149977684021, "0098_memory": 0.48113614320755005, "0099_memory": 0.4789595901966095, "0100_memory": 0.4715011715888977, "0101_memory": 0.4812692403793335, "0102_memory": 0.4430912137031555, "0103_memory": 0.4864175021648407, "0104_memory": 0.46660470962524414, "0105_memory": 0.3819133937358856, "0106_memory": 0.44862034916877747, "0107_memory": 0.4623732268810272, "0108_memory": 0.47773945331573486, "0109_memory": 0.49022728204727173, "0110_memory": 0.4777001142501831, "0111_memory": 0.48033255338668823, "0112_memory": 0.45798951387405396, "0113_memory": 0.478374719619751, "0114_memory": 0.4817066192626953, "0115_memory": 0.48031264543533325, "0116_memory": 0.48953598737716675, "0117_memory": 0.4618452787399292, "0118_memory": 0.48385319113731384, "0119_memory": 0.49372580647468567, "0120_memory": 0.4744443893432617, "0121_memory": 0.47359055280685425, "0122_memory": 0.427767813205719, "0123_memory": 0.47511816024780273, "0124_memory": 0.4822395145893097, "0125_memory": 0.47372230887413025, "0126_memory": 0.4809138774871826, "0127_memory": 0.4700387716293335, "0128_memory": 0.47562336921691895, "0129_memory": 0.47379523515701294, "0130_memory": 0.48217761516571045, "0131_memory": 0.4621884226799011, "0132_memory": 0.4750249981880188, "0133_memory": 0.48815178871154785, "0134_memory": 0.483196884393692, "0135_memory": 0.44957730174064636, "0136_memory": 0.4102655053138733, "0137_memory": 0.4703044593334198, "0138_memory": 0.29357701539993286, "0139_memory": 0.44984889030456543, "0140_memory": 0.47856009006500244, "0141_memory": 0.3811487555503845, "0142_memory": 0.3126412630081177, "0143_memory": 0.2582854628562927, "0144_memory": 0.295559823513031, "0145_memory": 0.31100142002105713}