{"0001_memory": 0.48361092805862427, "0002_memory": 0.3443816900253296, "0003_memory": 0.45598816871643066, "0004_memory": 0.4336703419685364, "0005_memory": 0.3968796730041504, "0006_memory": 0.3627581000328064, "0007_memory": 0.33041614294052124, "0008_memory": 0.4660584628582001, "0009_memory": 0.3683870732784271, "0010_memory": 0.3730015456676483, "0011_memory": 0.45946425199508667, "0012_memory": 0.3725099563598633, "0013_memory": 0.3409278392791748, "0014_memory": 0.4019753932952881, "0015_memory": 0.4526641368865967, "0016_memory": 0.492918461561203, "0017_memory": 0.4567895531654358, "0018_memory": 0.2042023092508316, "0019_memory": 0.27128416299819946, "0020_memory": 0.2532694339752197, "0021_memory": 0.3599390983581543, "0022_memory": 0.32699811458587646, "0023_memory": 0.3578965961933136, "0024_memory": 0.3480435013771057, "0025_memory": 0.3566942512989044, "0026_memory": 0.39821338653564453, "0027_memory": 0.4409870505332947, "0028_memory": 0.3788936138153076, "0029_memory": 0.3567044138908386, "0030_memory": 0.43858423829078674, "0031_memory": 0.3765130043029785, "0032_memory": 0.35659414529800415, "0033_memory": 0.45565080642700195, "0034_memory": 0.3618899881839752, "0035_memory": 0.4091530442237854, "0036_memory": 0.44705966114997864, "0037_memory": 0.3769117295742035, "0038_memory": 0.4499579668045044, "0039_memory": 0.3381875455379486, "0040_memory": 0.36398845911026, "0041_memory": 0.38498252630233765, "0042_memory": 0.3941311240196228, "0043_memory": 0.20947298407554626, "0044_memory": 0.28057900071144104, "0045_memory": 0.34495195746421814, "0046_memory": 0.3703514337539673, "0047_memory": 0.3430299162864685, "0048_memory": 0.3342358469963074, "0049_memory": 0.37654566764831543, "0050_memory": 0.4423239529132843, "0051_memory": 0.2784815728664398, "0052_memory": 0.38005632162094116, "0053_memory": 0.4757678210735321, "0054_memory": 0.35386115312576294, "0055_memory": 0.31927475333213806, "0056_memory": 0.4069807231426239, "0057_memory": 0.31966716051101685, "0058_memory": 0.44157981872558594, "0059_memory": 0.4507633447647095, "0060_memory": 0.3647174835205078, "0061_memory": 0.33150798082351685, "0062_memory": 0.34393739700317383, "0063_memory": 0.35286015272140503, "0064_memory": 0.2927524745464325, "0065_memory": 0.4526190161705017, "0066_memory": 0.3877429962158203, "0067_memory": 0.3973466455936432, "0068_memory": 0.45668262243270874, "0069_memory": 0.429434597492218, "0070_memory": 0.34689125418663025, "0071_memory": 0.3499849736690521, "0072_memory": 0.5027053356170654, "0073_memory": 0.3598789572715759, "0074_memory": 0.35806503891944885, "0075_memory": 0.3533095419406891, "0076_memory": 0.3685154318809509, "0077_memory": 0.3964636027812958, "0078_memory": 0.3353579044342041, "0079_memory": 0.37218528985977173, "0080_memory": 0.3869015574455261, "0081_memory": 0.37299054861068726, "0082_memory": 0.4700581431388855, "0083_memory": 0.3857521414756775, "0084_memory": 0.4117273688316345, "0085_memory": 0.34239569306373596, "0086_memory": 0.3837612271308899, "0087_memory": 0.48031264543533325, "0088_memory": 0.36302030086517334, "0089_memory": 0.30772221088409424, "0090_memory": 0.4557233154773712, "0091_memory": 0.40810903906822205, "0092_memory": 0.41940855979919434, "0093_memory": 0.39120885729789734, "0094_memory": 0.35719066858291626, "0095_memory": 0.38024622201919556, "0096_memory": 0.34279948472976685, "0097_memory": 0.3680848777294159, "0098_memory": 0.37395375967025757, "0099_memory": 0.3555249571800232, "0100_memory": 0.31817692518234253, "0101_memory": 0.3501758575439453, "0102_memory": 0.36892563104629517, "0103_memory": 0.3390093147754669, "0104_memory": 0.4130728840827942, "0105_memory": 0.44699400663375854, "0106_memory": 0.37977275252342224, "0107_memory": 0.39970114827156067, "0108_memory": 0.3394513726234436, "0109_memory": 0.3469020128250122, "0110_memory": 0.34742316603660583, "0111_memory": 0.3175124228000641, "0112_memory": 0.3716821074485779, "0113_memory": 0.3210875689983368, "0114_memory": 0.34004122018814087, "0115_memory": 0.03162278234958649, "0116_memory": 0.2713046669960022, "0117_memory": 0.36553895473480225, "0118_memory": 0.3152599334716797, "0119_memory": 0.37110912799835205, "0120_memory": 0.34544241428375244, "0121_memory": 0.33279871940612793, "0122_memory": 0.38495537638664246, "0123_memory": 0.3775206208229065, "0124_memory": 0.33047768473625183, "0125_memory": 0.3497188985347748, "0126_memory": 0.3441714644432068, "0127_memory": 0.3758792281150818, "0128_memory": 0.3452405333518982, "0129_memory": 0.3731280565261841, "0130_memory": 0.38151562213897705, "0131_memory": 0.3836723566055298, "0132_memory": 0.3302887976169586, "0133_memory": 0.34655100107192993, "0134_memory": 0.298237144947052, "0135_memory": 0.37045300006866455, "0136_memory": 0.4089827537536621, "0137_memory": 0.3175354599952698, "0138_memory": 0.4856128692626953, "0139_memory": 0.37528079748153687, "0140_memory": 0.32652992010116577, "0141_memory": 0.445374071598053, "0142_memory": 0.4585164189338684, "0143_memory": 0.46742385625839233, "0144_memory": 0.454323410987854, "0145_memory": 0.4974922239780426}