{"0001_memory": 0.40138566493988037, "0002_memory": 0.44712015986442566, "0003_memory": 0.4888777434825897, "0004_memory": 0.21592462062835693, "0005_memory": 0.4587690234184265, "0006_memory": 0.41303718090057373, "0007_memory": 0.41897767782211304, "0008_memory": 0.33220553398132324, "0009_memory": 0.44899940490722656, "0010_memory": 0.40388017892837524, "0011_memory": 0.31067001819610596, "0012_memory": 0.46027034521102905, "0013_memory": 0.4134884476661682, "0014_memory": 0.28918978571891785, "0015_memory": 0.48202571272850037, "0016_memory": 0.39759963750839233, "0017_memory": 0.491641640663147, "0018_memory": 0.4509328007698059, "0019_memory": 0.4390239715576172, "0020_memory": 0.4454590380191803, "0021_memory": 0.38954710960388184, "0022_memory": 0.4144442081451416, "0023_memory": 0.4378422200679779, "0024_memory": 0.4415605664253235, "0025_memory": 0.4407305121421814, "0026_memory": 0.3246369957923889, "0027_memory": 0.485842764377594, "0028_memory": 0.4210284352302551, "0029_memory": 0.45158812403678894, "0030_memory": 0.4901304244995117, "0031_memory": 0.4618050158023834, "0032_memory": 0.4520716071128845, "0033_memory": 0.27130192518234253, "0034_memory": 0.44542044401168823, "0035_memory": 0.4588008522987366, "0036_memory": 0.20008139312267303, "0037_memory": 0.4548296332359314, "0038_memory": 0.2340361624956131, "0039_memory": 0.4585103988647461, "0040_memory": 0.4566355347633362, "0041_memory": 0.45463067293167114, "0042_memory": 0.46116766333580017, "0043_memory": 0.4443241357803345, "0044_memory": 0.43406909704208374, "0045_memory": 0.4542198181152344, "0046_memory": 0.4562850594520569, "0047_memory": 0.4570375978946686, "0048_memory": 0.4219755530357361, "0049_memory": 0.39749443531036377, "0050_memory": 0.4879542589187622, "0051_memory": 0.448000967502594, "0052_memory": 0.4500819444656372, "0053_memory": 0.3645796775817871, "0054_memory": 0.45923230051994324, "0055_memory": 0.43962806463241577, "0056_memory": 0.45847463607788086, "0057_memory": 0.4186418652534485, "0058_memory": 0.4850267767906189, "0059_memory": 0.4823596477508545, "0060_memory": 0.42131322622299194, "0061_memory": 0.44654834270477295, "0062_memory": 0.46423792839050293, "0063_memory": 0.45809000730514526, "0064_memory": 0.44221362471580505, "0065_memory": 0.2608930468559265, "0066_memory": 0.3429366648197174, "0067_memory": 0.33554792404174805, "0068_memory": 0.4907645285129547, "0069_memory": 0.47704100608825684, "0070_memory": 0.460249662399292, "0071_memory": 0.43194490671157837, "0072_memory": 0.4127998352050781, "0073_memory": 0.39800167083740234, "0074_memory": 0.4474523961544037, "0075_memory": 0.38711488246917725, "0076_memory": 0.4559863805770874, "0077_memory": 0.46324729919433594, "0078_memory": 0.4493478536605835, "0079_memory": 0.39179322123527527, "0080_memory": 0.36915701627731323, "0081_memory": 0.46024608612060547, "0082_memory": 0.3648415207862854, "0083_memory": 0.3802010715007782, "0084_memory": 0.4576658606529236, "0085_memory": 0.4188644289970398, "0086_memory": 0.34506797790527344, "0087_memory": 0.3819133937358856, "0088_memory": 0.44414061307907104, "0089_memory": 0.44841089844703674, "0090_memory": 0.29974597692489624, "0091_memory": 0.4666305184364319, "0092_memory": 0.2570635676383972, "0093_memory": 0.4551515579223633, "0094_memory": 0.45063337683677673, "0095_memory": 0.458154559135437, "0096_memory": 0.4454724192619324, "0097_memory": 0.45292699337005615, "0098_memory": 0.4508435130119324, "0099_memory": 0.4393940567970276, "0100_memory": 0.4364180564880371, "0101_memory": 0.4469553530216217, "0102_memory": 0.3846505582332611, "0103_memory": 0.4560466408729553, "0104_memory": 0.4600522518157959, "0105_memory": 0.03162278234958649, "0106_memory": 0.3876030445098877, "0107_memory": 0.45767638087272644, "0108_memory": 0.42232295870780945, "0109_memory": 0.4628671407699585, "0110_memory": 0.4528678059577942, "0111_memory": 0.42899006605148315, "0112_memory": 0.3943493366241455, "0113_memory": 0.4304652214050293, "0114_memory": 0.45172178745269775, "0115_memory": 0.44699400663375854, "0116_memory": 0.4554969370365143, "0117_memory": 0.3991559147834778, "0118_memory": 0.437876433134079, "0119_memory": 0.4595406949520111, "0120_memory": 0.44291409850120544, "0121_memory": 0.44875407218933105, "0122_memory": 0.3533625900745392, "0123_memory": 0.4131040573120117, "0124_memory": 0.4306388199329376, "0125_memory": 0.4479982256889343, "0126_memory": 0.4439181983470917, "0127_memory": 0.45286768674850464, "0128_memory": 0.4460018575191498, "0129_memory": 0.4456314444541931, "0130_memory": 0.4528513550758362, "0131_memory": 0.3909538984298706, "0132_memory": 0.4255509376525879, "0133_memory": 0.45550376176834106, "0134_memory": 0.43458813428878784, "0135_memory": 0.3971398174762726, "0136_memory": 0.30625444650650024, "0137_memory": 0.4380207061767578, "0138_memory": 0.37298399209976196, "0139_memory": 0.3944355845451355, "0140_memory": 0.4456208348274231, "0141_memory": 0.18034930527210236, "0142_memory": 0.31489527225494385, "0143_memory": 0.34591013193130493, "0144_memory": 0.3178565502166748, "0145_memory": 0.4039907157421112}