{"0001_memory": 0.47157350182533264, "0002_memory": 0.354360431432724, "0003_memory": 0.408064603805542, "0004_memory": 0.4544793665409088, "0005_memory": 0.33103957772254944, "0006_memory": 0.4115883708000183, "0007_memory": 0.3961142599582672, "0008_memory": 0.4648217558860779, "0009_memory": 0.34340935945510864, "0010_memory": 0.41756659746170044, "0011_memory": 0.4623314142227173, "0012_memory": 0.3083235025405884, "0013_memory": 0.41199150681495667, "0014_memory": 0.44071853160858154, "0015_memory": 0.4033375084400177, "0016_memory": 0.48147839307785034, "0017_memory": 0.4143829941749573, "0018_memory": 0.388241708278656, "0019_memory": 0.37282460927963257, "0020_memory": 0.381280779838562, "0021_memory": 0.41296836733818054, "0022_memory": 0.3835647702217102, "0023_memory": 0.3429899513721466, "0024_memory": 0.34284770488739014, "0025_memory": 0.3494953215122223, "0026_memory": 0.4334914982318878, "0027_memory": 0.3793792128562927, "0028_memory": 0.4200669527053833, "0029_memory": 0.3312947154045105, "0030_memory": 0.3904672861099243, "0031_memory": 0.3114442229270935, "0032_memory": 0.3513774275779724, "0033_memory": 0.4635102152824402, "0034_memory": 0.3751944303512573, "0035_memory": 0.33547306060791016, "0036_memory": 0.45413702726364136, "0037_memory": 0.20432020723819733, "0038_memory": 0.45462578535079956, "0039_memory": 0.3690792918205261, "0040_memory": 0.24912340939044952, "0041_memory": 0.03162278234958649, "0042_memory": 0.3154395818710327, "0043_memory": 0.3844125270843506, "0044_memory": 0.3704238533973694, "0045_memory": 0.3443460464477539, "0046_memory": 0.33292385935783386, "0047_memory": 0.36435139179229736, "0048_memory": 0.39412611722946167, "0049_memory": 0.41763028502464294, "0050_memory": 0.3905048966407776, "0051_memory": 0.39754462242126465, "0052_memory": 0.2481594830751419, "0053_memory": 0.4672934114933014, "0054_memory": 0.40322232246398926, "0055_memory": 0.3744168281555176, "0056_memory": 0.33795660734176636, "0057_memory": 0.38375842571258545, "0058_memory": 0.3965078592300415, "0059_memory": 0.39977824687957764, "0060_memory": 0.4132964611053467, "0061_memory": 0.36813920736312866, "0062_memory": 0.3816550374031067, "0063_memory": 0.38204798102378845, "0064_memory": 0.3988460302352905, "0065_memory": 0.4600337743759155, "0066_memory": 0.42131394147872925, "0067_memory": 0.4293270707130432, "0068_memory": 0.4134403467178345, "0069_memory": 0.3560800552368164, "0070_memory": 0.3669866621494293, "0071_memory": 0.36320674419403076, "0072_memory": 0.4919281005859375, "0073_memory": 0.4066025912761688, "0074_memory": 0.3543514609336853, "0075_memory": 0.41062718629837036, "0076_memory": 0.3081834614276886, "0077_memory": 0.31455540657043457, "0078_memory": 0.3802856206893921, "0079_memory": 0.4242202043533325, "0080_memory": 0.42518502473831177, "0081_memory": 0.3196192979812622, "0082_memory": 0.4608556628227234, "0083_memory": 0.43551892042160034, "0084_memory": 0.3329225182533264, "0085_memory": 0.39889073371887207, "0086_memory": 0.4171401262283325, "0087_memory": 0.46756207942962646, "0088_memory": 0.3216221034526825, "0089_memory": 0.4101506769657135, "0090_memory": 0.4674779176712036, "0091_memory": 0.3450765311717987, "0092_memory": 0.45156028866767883, "0093_memory": 0.28104686737060547, "0094_memory": 0.375199556350708, "0095_memory": 0.2761963903903961, "0096_memory": 0.34682756662368774, "0097_memory": 0.34906816482543945, "0098_memory": 0.3353394865989685, "0099_memory": 0.37501096725463867, "0100_memory": 0.3694855570793152, "0101_memory": 0.37551015615463257, "0102_memory": 0.41845083236694336, "0103_memory": 0.35786545276641846, "0104_memory": 0.33742982149124146, "0105_memory": 0.45463067293167114, "0106_memory": 0.4351133406162262, "0107_memory": 0.32067495584487915, "0108_memory": 0.40129345655441284, "0109_memory": 0.3833661377429962, "0110_memory": 0.3271695375442505, "0111_memory": 0.3938038945198059, "0112_memory": 0.41016000509262085, "0113_memory": 0.39207008481025696, "0114_memory": 0.38946104049682617, "0115_memory": 0.38498252630233765, "0116_memory": 0.39445897936820984, "0117_memory": 0.4123900830745697, "0118_memory": 0.40186041593551636, "0119_memory": 0.35906150937080383, "0120_memory": 0.3740122616291046, "0121_memory": 0.3822837769985199, "0122_memory": 0.418620765209198, "0123_memory": 0.42193761467933655, "0124_memory": 0.39555713534355164, "0125_memory": 0.34438633918762207, "0126_memory": 0.37504589557647705, "0127_memory": 0.2791348993778229, "0128_memory": 0.3507959246635437, "0129_memory": 0.31937074661254883, "0130_memory": 0.3427552580833435, "0131_memory": 0.41370919346809387, "0132_memory": 0.3891400098800659, "0133_memory": 0.39401447772979736, "0134_memory": 0.3969453275203705, "0135_memory": 0.4333333969116211, "0136_memory": 0.4359026551246643, "0137_memory": 0.376861035823822, "0138_memory": 0.4686410427093506, "0139_memory": 0.4155736565589905, "0140_memory": 0.3876510262489319, "0141_memory": 0.45417726039886475, "0142_memory": 0.4688037037849426, "0143_memory": 0.4612952172756195, "0144_memory": 0.46427762508392334, "0145_memory": 0.4857935905456543}