{"0001_memory": 0.3975321054458618, "0002_memory": 0.4432019889354706, "0003_memory": 0.4920387864112854, "0004_memory": 0.23496215045452118, "0005_memory": 0.4626105725765228, "0006_memory": 0.4196300208568573, "0007_memory": 0.41804057359695435, "0008_memory": 0.3344529867172241, "0009_memory": 0.44534286856651306, "0010_memory": 0.4101320505142212, "0011_memory": 0.3052487373352051, "0012_memory": 0.46677106618881226, "0013_memory": 0.4189642667770386, "0014_memory": 0.2923068404197693, "0015_memory": 0.4824443459510803, "0016_memory": 0.38697975873947144, "0017_memory": 0.48904740810394287, "0018_memory": 0.45127594470977783, "0019_memory": 0.43962496519088745, "0020_memory": 0.44482922554016113, "0021_memory": 0.3882376551628113, "0022_memory": 0.4166984558105469, "0023_memory": 0.4474058747291565, "0024_memory": 0.43494248390197754, "0025_memory": 0.4438195824623108, "0026_memory": 0.3256415128707886, "0027_memory": 0.4863148331642151, "0028_memory": 0.4279056191444397, "0029_memory": 0.44817084074020386, "0030_memory": 0.4878361225128174, "0031_memory": 0.4593460261821747, "0032_memory": 0.4541130065917969, "0033_memory": 0.2545988857746124, "0034_memory": 0.44560307264328003, "0035_memory": 0.4524990916252136, "0036_memory": 0.03162278234958649, "0037_memory": 0.449354887008667, "0038_memory": 0.20495839416980743, "0039_memory": 0.45584285259246826, "0040_memory": 0.45139986276626587, "0041_memory": 0.45413702726364136, "0042_memory": 0.4543520212173462, "0043_memory": 0.4354574978351593, "0044_memory": 0.43533575534820557, "0045_memory": 0.45045900344848633, "0046_memory": 0.4576086699962616, "0047_memory": 0.45293503999710083, "0048_memory": 0.4209516942501068, "0049_memory": 0.3973500728607178, "0050_memory": 0.4852200150489807, "0051_memory": 0.45158663392066956, "0052_memory": 0.45249199867248535, "0053_memory": 0.3587271273136139, "0054_memory": 0.46137556433677673, "0055_memory": 0.4422881603240967, "0056_memory": 0.4615281820297241, "0057_memory": 0.42112380266189575, "0058_memory": 0.48544031381607056, "0059_memory": 0.48474422097206116, "0060_memory": 0.4202260375022888, "0061_memory": 0.43253543972969055, "0062_memory": 0.4601966142654419, "0063_memory": 0.45946982502937317, "0064_memory": 0.4448655843734741, "0065_memory": 0.24008280038833618, "0066_memory": 0.3420792818069458, "0067_memory": 0.3372059464454651, "0068_memory": 0.4926519989967346, "0069_memory": 0.47670894861221313, "0070_memory": 0.4614964425563812, "0071_memory": 0.4394623637199402, "0072_memory": 0.4112319350242615, "0073_memory": 0.3986949324607849, "0074_memory": 0.452022910118103, "0075_memory": 0.3870044946670532, "0076_memory": 0.4522606432437897, "0077_memory": 0.4662216901779175, "0078_memory": 0.44544556736946106, "0079_memory": 0.3876054286956787, "0080_memory": 0.36853668093681335, "0081_memory": 0.45965445041656494, "0082_memory": 0.35651686787605286, "0083_memory": 0.391958087682724, "0084_memory": 0.45468366146087646, "0085_memory": 0.4222330152988434, "0086_memory": 0.35199087858200073, "0087_memory": 0.3811696171760559, "0088_memory": 0.44898614287376404, "0089_memory": 0.4551973044872284, "0090_memory": 0.2713930308818817, "0091_memory": 0.4663662612438202, "0092_memory": 0.2730304002761841, "0093_memory": 0.4607679545879364, "0094_memory": 0.4500340223312378, "0095_memory": 0.45640528202056885, "0096_memory": 0.4426570534706116, "0097_memory": 0.44918808341026306, "0098_memory": 0.44420289993286133, "0099_memory": 0.44152724742889404, "0100_memory": 0.44212812185287476, "0101_memory": 0.4418846070766449, "0102_memory": 0.3882240056991577, "0103_memory": 0.4602590799331665, "0104_memory": 0.4613029360771179, "0105_memory": 0.20008139312267303, "0106_memory": 0.39539438486099243, "0107_memory": 0.45324933528900146, "0108_memory": 0.4200149178504944, "0109_memory": 0.4619354009628296, "0110_memory": 0.4571031928062439, "0111_memory": 0.43074309825897217, "0112_memory": 0.392189085483551, "0113_memory": 0.4244474172592163, "0114_memory": 0.454387903213501, "0115_memory": 0.44705966114997864, "0116_memory": 0.46109825372695923, "0117_memory": 0.40085864067077637, "0118_memory": 0.4437825679779053, "0119_memory": 0.4612995982170105, "0120_memory": 0.4454519748687744, "0121_memory": 0.4463340938091278, "0122_memory": 0.3646148443222046, "0123_memory": 0.41460731625556946, "0124_memory": 0.42932915687561035, "0125_memory": 0.4429512619972229, "0126_memory": 0.4451119303703308, "0127_memory": 0.4499983787536621, "0128_memory": 0.4473305642604828, "0129_memory": 0.45220476388931274, "0130_memory": 0.45464038848876953, "0131_memory": 0.39930611848831177, "0132_memory": 0.422885537147522, "0133_memory": 0.45544445514678955, "0134_memory": 0.43824195861816406, "0135_memory": 0.39888158440589905, "0136_memory": 0.3209293484687805, "0137_memory": 0.43848899006843567, "0138_memory": 0.3789733052253723, "0139_memory": 0.38775914907455444, "0140_memory": 0.4510514736175537, "0141_memory": 0.16855937242507935, "0142_memory": 0.30582037568092346, "0143_memory": 0.3401148319244385, "0144_memory": 0.3175385594367981, "0145_memory": 0.39878419041633606}