{"0001_memory": 0.3197099566459656, "0002_memory": 0.48749980330467224, "0003_memory": 0.5050102472305298, "0004_memory": 0.40423184633255005, "0005_memory": 0.4852261543273926, "0006_memory": 0.4889979660511017, "0007_memory": 0.4841962158679962, "0008_memory": 0.28246983885765076, "0009_memory": 0.4936913251876831, "0010_memory": 0.4868425130844116, "0011_memory": 0.34646108746528625, "0012_memory": 0.4936923384666443, "0013_memory": 0.48628151416778564, "0014_memory": 0.40457087755203247, "0015_memory": 0.49149996042251587, "0016_memory": 0.03162278234958649, "0017_memory": 0.4977607727050781, "0018_memory": 0.4963022470474243, "0019_memory": 0.48595255613327026, "0020_memory": 0.4913477599620819, "0021_memory": 0.4544997215270996, "0022_memory": 0.48641058802604675, "0023_memory": 0.4941355288028717, "0024_memory": 0.4852215647697449, "0025_memory": 0.4927958846092224, "0026_memory": 0.42311570048332214, "0027_memory": 0.5096184611320496, "0028_memory": 0.4938803017139435, "0029_memory": 0.49694791436195374, "0030_memory": 0.5043699741363525, "0031_memory": 0.4777085483074188, "0032_memory": 0.5005366802215576, "0033_memory": 0.3698728084564209, "0034_memory": 0.49612167477607727, "0035_memory": 0.47341078519821167, "0036_memory": 0.38697975873947144, "0037_memory": 0.47543126344680786, "0038_memory": 0.38593789935112, "0039_memory": 0.4974104166030884, "0040_memory": 0.4768855571746826, "0041_memory": 0.48147839307785034, "0042_memory": 0.47967225313186646, "0043_memory": 0.4875915050506592, "0044_memory": 0.4836857318878174, "0045_memory": 0.494062602519989, "0046_memory": 0.49639493227005005, "0047_memory": 0.49657130241394043, "0048_memory": 0.48611244559288025, "0049_memory": 0.4786638617515564, "0050_memory": 0.4990413784980774, "0051_memory": 0.5013219714164734, "0052_memory": 0.4828146696090698, "0053_memory": 0.2864581346511841, "0054_memory": 0.5073063373565674, "0055_memory": 0.48839420080184937, "0056_memory": 0.48604556918144226, "0057_memory": 0.48879528045654297, "0058_memory": 0.49935147166252136, "0059_memory": 0.49953097105026245, "0060_memory": 0.4859272241592407, "0061_memory": 0.492491751909256, "0062_memory": 0.5021151304244995, "0063_memory": 0.5069564580917358, "0064_memory": 0.4967729449272156, "0065_memory": 0.3800259232521057, "0066_memory": 0.4279300570487976, "0067_memory": 0.4334670305252075, "0068_memory": 0.5030981302261353, "0069_memory": 0.49842017889022827, "0070_memory": 0.507469892501831, "0071_memory": 0.4940325915813446, "0072_memory": 0.20552489161491394, "0073_memory": 0.4754025936126709, "0074_memory": 0.49727559089660645, "0075_memory": 0.4587253928184509, "0076_memory": 0.48397326469421387, "0077_memory": 0.4887924790382385, "0078_memory": 0.4924381375312805, "0079_memory": 0.45265209674835205, "0080_memory": 0.4420849084854126, "0081_memory": 0.49344494938850403, "0082_memory": 0.23525671660900116, "0083_memory": 0.4641197919845581, "0084_memory": 0.47198283672332764, "0085_memory": 0.4884045422077179, "0086_memory": 0.4349955916404724, "0087_memory": 0.304781049489975, "0088_memory": 0.49127787351608276, "0089_memory": 0.5057624578475952, "0090_memory": 0.3605061173439026, "0091_memory": 0.48358452320098877, "0092_memory": 0.4079783856868744, "0093_memory": 0.49172207713127136, "0094_memory": 0.4966199994087219, "0095_memory": 0.4866969883441925, "0096_memory": 0.4892246723175049, "0097_memory": 0.4898069500923157, "0098_memory": 0.49305522441864014, "0099_memory": 0.4902361035346985, "0100_memory": 0.48525601625442505, "0101_memory": 0.4945184886455536, "0102_memory": 0.45491981506347656, "0103_memory": 0.5005599856376648, "0104_memory": 0.4783070683479309, "0105_memory": 0.39759963750839233, "0106_memory": 0.4615294337272644, "0107_memory": 0.4764209985733032, "0108_memory": 0.487662136554718, "0109_memory": 0.5062218904495239, "0110_memory": 0.49885696172714233, "0111_memory": 0.49426740407943726, "0112_memory": 0.47160184383392334, "0113_memory": 0.4878776967525482, "0114_memory": 0.49896949529647827, "0115_memory": 0.492918461561203, "0116_memory": 0.5033625960350037, "0117_memory": 0.47761982679367065, "0118_memory": 0.4999110996723175, "0119_memory": 0.5078837871551514, "0120_memory": 0.49512678384780884, "0121_memory": 0.4879343509674072, "0122_memory": 0.4418800473213196, "0123_memory": 0.48915907740592957, "0124_memory": 0.4937111437320709, "0125_memory": 0.4894932806491852, "0126_memory": 0.49674752354621887, "0127_memory": 0.4823424816131592, "0128_memory": 0.49213725328445435, "0129_memory": 0.4948021173477173, "0130_memory": 0.5001797676086426, "0131_memory": 0.47977662086486816, "0132_memory": 0.49114397168159485, "0133_memory": 0.5037838220596313, "0134_memory": 0.4959416389465332, "0135_memory": 0.4616597890853882, "0136_memory": 0.42456111311912537, "0137_memory": 0.4824634790420532, "0138_memory": 0.20340454578399658, "0139_memory": 0.4613572359085083, "0140_memory": 0.4953248202800751, "0141_memory": 0.3938635289669037, "0142_memory": 0.31218767166137695, "0143_memory": 0.270651251077652, "0144_memory": 0.3105277419090271, "0145_memory": 0.1646324247121811}