{"0001_memory": 0.3457525372505188, "0002_memory": 0.46432316303253174, "0003_memory": 0.4838954210281372, "0004_memory": 0.3153351843357086, "0005_memory": 0.44690877199172974, "0006_memory": 0.44035154581069946, "0007_memory": 0.44412553310394287, "0008_memory": 0.20252233743667603, "0009_memory": 0.46999454498291016, "0010_memory": 0.4394682049751282, "0011_memory": 0.19442081451416016, "0012_memory": 0.449017196893692, "0013_memory": 0.43821024894714355, "0014_memory": 0.33649682998657227, "0015_memory": 0.48304587602615356, "0016_memory": 0.31218767166137695, "0017_memory": 0.4746004343032837, "0018_memory": 0.46148085594177246, "0019_memory": 0.4598446786403656, "0020_memory": 0.46443724632263184, "0021_memory": 0.40892356634140015, "0022_memory": 0.4532838463783264, "0023_memory": 0.46011975407600403, "0024_memory": 0.4625871181488037, "0025_memory": 0.46260786056518555, "0026_memory": 0.3690187931060791, "0027_memory": 0.48309218883514404, "0028_memory": 0.4513459801673889, "0029_memory": 0.474018931388855, "0030_memory": 0.48955434560775757, "0031_memory": 0.4634957015514374, "0032_memory": 0.46793419122695923, "0033_memory": 0.25849276781082153, "0034_memory": 0.4708348512649536, "0035_memory": 0.4593467116355896, "0036_memory": 0.30582037568092346, "0037_memory": 0.4599318504333496, "0038_memory": 0.29728126525878906, "0039_memory": 0.46841442584991455, "0040_memory": 0.46223384141921997, "0041_memory": 0.4688037037849426, "0042_memory": 0.46366557478904724, "0043_memory": 0.45689040422439575, "0044_memory": 0.4573957324028015, "0045_memory": 0.4670966565608978, "0046_memory": 0.45391303300857544, "0047_memory": 0.47182196378707886, "0048_memory": 0.45326846837997437, "0049_memory": 0.42966753244400024, "0050_memory": 0.48232024908065796, "0051_memory": 0.4628017246723175, "0052_memory": 0.4511183500289917, "0053_memory": 0.2627147138118744, "0054_memory": 0.4651973843574524, "0055_memory": 0.4551103711128235, "0056_memory": 0.447072297334671, "0057_memory": 0.45747309923171997, "0058_memory": 0.4901965260505676, "0059_memory": 0.4852457046508789, "0060_memory": 0.4399760365486145, "0061_memory": 0.4646342992782593, "0062_memory": 0.4643014073371887, "0063_memory": 0.4712692201137543, "0064_memory": 0.4569362699985504, "0065_memory": 0.28093260526657104, "0066_memory": 0.3807556629180908, "0067_memory": 0.3840932846069336, "0068_memory": 0.48002272844314575, "0069_memory": 0.47767511010169983, "0070_memory": 0.46894577145576477, "0071_memory": 0.4662086069583893, "0072_memory": 0.34638696908950806, "0073_memory": 0.43669429421424866, "0074_memory": 0.4604254961013794, "0075_memory": 0.4143986999988556, "0076_memory": 0.4579179883003235, "0077_memory": 0.46245551109313965, "0078_memory": 0.45698797702789307, "0079_memory": 0.3954716920852661, "0080_memory": 0.38553711771965027, "0081_memory": 0.45387163758277893, "0082_memory": 0.26557695865631104, "0083_memory": 0.39720606803894043, "0084_memory": 0.4667509198188782, "0085_memory": 0.44347912073135376, "0086_memory": 0.38488340377807617, "0087_memory": 0.3126412630081177, "0088_memory": 0.4657072126865387, "0089_memory": 0.4681636095046997, "0090_memory": 0.23290637135505676, "0091_memory": 0.46354788541793823, "0092_memory": 0.3195726275444031, "0093_memory": 0.4464603662490845, "0094_memory": 0.4631688594818115, "0095_memory": 0.46803706884384155, "0096_memory": 0.4662065804004669, "0097_memory": 0.4642490744590759, "0098_memory": 0.4700101613998413, "0099_memory": 0.46445292234420776, "0100_memory": 0.456799179315567, "0101_memory": 0.4644283056259155, "0102_memory": 0.4072379469871521, "0103_memory": 0.4701794981956482, "0104_memory": 0.46822500228881836, "0105_memory": 0.31489527225494385, "0106_memory": 0.40006744861602783, "0107_memory": 0.44426053762435913, "0108_memory": 0.4502379894256592, "0109_memory": 0.4690413475036621, "0110_memory": 0.4606771767139435, "0111_memory": 0.4617236256599426, "0112_memory": 0.4321171045303345, "0113_memory": 0.4583313465118408, "0114_memory": 0.457035630941391, "0115_memory": 0.4585164189338684, "0116_memory": 0.4654466509819031, "0117_memory": 0.438161700963974, "0118_memory": 0.4621168375015259, "0119_memory": 0.46855974197387695, "0120_memory": 0.46350711584091187, "0121_memory": 0.4514884650707245, "0122_memory": 0.38944894075393677, "0123_memory": 0.4439212679862976, "0124_memory": 0.46792590618133545, "0125_memory": 0.46814876794815063, "0126_memory": 0.46316397190093994, "0127_memory": 0.46005064249038696, "0128_memory": 0.46923965215682983, "0129_memory": 0.4692372679710388, "0130_memory": 0.46889400482177734, "0131_memory": 0.43663620948791504, "0132_memory": 0.4608485996723175, "0133_memory": 0.4597941040992737, "0134_memory": 0.46311062574386597, "0135_memory": 0.40135428309440613, "0136_memory": 0.36533260345458984, "0137_memory": 0.4563981294631958, "0138_memory": 0.30556029081344604, "0139_memory": 0.42275625467300415, "0140_memory": 0.45442143082618713, "0141_memory": 0.3127540946006775, "0142_memory": 0.03162278234958649, "0143_memory": 0.22635814547538757, "0144_memory": 0.16489753127098083, "0145_memory": 0.33479607105255127}