{"0001_memory": 0.48606717586517334, "0002_memory": 0.360959529876709, "0003_memory": 0.45440980792045593, "0004_memory": 0.43250608444213867, "0005_memory": 0.39937490224838257, "0006_memory": 0.36989736557006836, "0007_memory": 0.3636610805988312, "0008_memory": 0.4584508538246155, "0009_memory": 0.3738095164299011, "0010_memory": 0.36531931161880493, "0011_memory": 0.46083879470825195, "0012_memory": 0.3800000548362732, "0013_memory": 0.35656213760375977, "0014_memory": 0.4270422160625458, "0015_memory": 0.4546160101890564, "0016_memory": 0.4953248202800751, "0017_memory": 0.46105048060417175, "0018_memory": 0.341145396232605, "0019_memory": 0.30631595849990845, "0020_memory": 0.32619205117225647, "0021_memory": 0.3805118501186371, "0022_memory": 0.35535353422164917, "0023_memory": 0.33204877376556396, "0024_memory": 0.34136754274368286, "0025_memory": 0.3350747227668762, "0026_memory": 0.41554558277130127, "0027_memory": 0.44793763756752014, "0028_memory": 0.36805474758148193, "0029_memory": 0.3654659390449524, "0030_memory": 0.458208292722702, "0031_memory": 0.3943747878074646, "0032_memory": 0.3700118064880371, "0033_memory": 0.4603841304779053, "0034_memory": 0.342950701713562, "0035_memory": 0.41297680139541626, "0036_memory": 0.4510514736175537, "0037_memory": 0.38375866413116455, "0038_memory": 0.4519510269165039, "0039_memory": 0.36719173192977905, "0040_memory": 0.37476521730422974, "0041_memory": 0.3876510262489319, "0042_memory": 0.40125349164009094, "0043_memory": 0.3316628634929657, "0044_memory": 0.28793251514434814, "0045_memory": 0.35259944200515747, "0046_memory": 0.35937315225601196, "0047_memory": 0.3573143482208252, "0048_memory": 0.360887736082077, "0049_memory": 0.3681994378566742, "0050_memory": 0.4576950669288635, "0051_memory": 0.339985728263855, "0052_memory": 0.37262195348739624, "0053_memory": 0.47208213806152344, "0054_memory": 0.28972330689430237, "0055_memory": 0.20790158212184906, "0056_memory": 0.40087029337882996, "0057_memory": 0.3496992290019989, "0058_memory": 0.4537884593009949, "0059_memory": 0.4530333876609802, "0060_memory": 0.3704086244106293, "0061_memory": 0.32386231422424316, "0062_memory": 0.36180591583251953, "0063_memory": 0.34641945362091064, "0064_memory": 0.33747705817222595, "0065_memory": 0.45837679505348206, "0066_memory": 0.39898985624313354, "0067_memory": 0.40570157766342163, "0068_memory": 0.4535457193851471, "0069_memory": 0.43461328744888306, "0070_memory": 0.35658493638038635, "0071_memory": 0.33971381187438965, "0072_memory": 0.5024454593658447, "0073_memory": 0.3570719361305237, "0074_memory": 0.34224438667297363, "0075_memory": 0.3593294620513916, "0076_memory": 0.3853832483291626, "0077_memory": 0.4080291986465454, "0078_memory": 0.3251436948776245, "0079_memory": 0.38510918617248535, "0080_memory": 0.38351380825042725, "0081_memory": 0.3752315640449524, "0082_memory": 0.47341930866241455, "0083_memory": 0.39541736245155334, "0084_memory": 0.4176250696182251, "0085_memory": 0.3663725256919861, "0086_memory": 0.39648157358169556, "0087_memory": 0.47856009006500244, "0088_memory": 0.370170533657074, "0089_memory": 0.3351067900657654, "0090_memory": 0.46451419591903687, "0091_memory": 0.4158977270126343, "0092_memory": 0.4301396608352661, "0093_memory": 0.3864457607269287, "0094_memory": 0.3389720618724823, "0095_memory": 0.391733318567276, "0096_memory": 0.3515932559967041, "0097_memory": 0.372483491897583, "0098_memory": 0.37359893321990967, "0099_memory": 0.3391180634498596, "0100_memory": 0.2546024024486542, "0101_memory": 0.32874375581741333, "0102_memory": 0.38914063572883606, "0103_memory": 0.3680133819580078, "0104_memory": 0.4225483238697052, "0105_memory": 0.4456208348274231, "0106_memory": 0.3887874484062195, "0107_memory": 0.4008163511753082, "0108_memory": 0.3629217743873596, "0109_memory": 0.35044002532958984, "0110_memory": 0.34945857524871826, "0111_memory": 0.3467143774032593, "0112_memory": 0.3663148880004883, "0113_memory": 0.35707730054855347, "0114_memory": 0.258269339799881, "0115_memory": 0.32652992010116577, "0116_memory": 0.3474177122116089, "0117_memory": 0.36780625581741333, "0118_memory": 0.3355787992477417, "0119_memory": 0.36409372091293335, "0120_memory": 0.32839006185531616, "0121_memory": 0.2168809175491333, "0122_memory": 0.38845422863960266, "0123_memory": 0.364801824092865, "0124_memory": 0.35898536443710327, "0125_memory": 0.3545255661010742, "0126_memory": 0.3281518816947937, "0127_memory": 0.3892781138420105, "0128_memory": 0.3572526276111603, "0129_memory": 0.36990678310394287, "0130_memory": 0.36258432269096375, "0131_memory": 0.37513673305511475, "0132_memory": 0.3589996099472046, "0133_memory": 0.2967591881752014, "0134_memory": 0.3344975709915161, "0135_memory": 0.38045454025268555, "0136_memory": 0.42535844445228577, "0137_memory": 0.29477882385253906, "0138_memory": 0.483805775642395, "0139_memory": 0.38286668062210083, "0140_memory": 0.03162278234958649, "0141_memory": 0.4487595856189728, "0142_memory": 0.45442143082618713, "0143_memory": 0.4635375142097473, "0144_memory": 0.4502844512462616, "0145_memory": 0.49958330392837524}