{"0001_memory": 0.48491397500038147, "0002_memory": 0.3470779359340668, "0003_memory": 0.41408538818359375, "0004_memory": 0.4336889386177063, "0005_memory": 0.326961874961853, "0006_memory": 0.3952729105949402, "0007_memory": 0.3944826126098633, "0008_memory": 0.4571878910064697, "0009_memory": 0.32316216826438904, "0010_memory": 0.3952171802520752, "0011_memory": 0.4648596942424774, "0012_memory": 0.3029019832611084, "0013_memory": 0.38528865575790405, "0014_memory": 0.437630295753479, "0015_memory": 0.42719343304634094, "0016_memory": 0.49885696172714233, "0017_memory": 0.4288722574710846, "0018_memory": 0.3756876587867737, "0019_memory": 0.36885589361190796, "0020_memory": 0.3811730146408081, "0021_memory": 0.410520076751709, "0022_memory": 0.38198918104171753, "0023_memory": 0.3114653527736664, "0024_memory": 0.3249984383583069, "0025_memory": 0.32373273372650146, "0026_memory": 0.4332517981529236, "0027_memory": 0.39930811524391174, "0028_memory": 0.4080047011375427, "0029_memory": 0.29211950302124023, "0030_memory": 0.41217929124832153, "0031_memory": 0.3290119767189026, "0032_memory": 0.33630865812301636, "0033_memory": 0.4704711437225342, "0034_memory": 0.35875147581100464, "0035_memory": 0.3650568127632141, "0036_memory": 0.4571031928062439, "0037_memory": 0.31719911098480225, "0038_memory": 0.4597320556640625, "0039_memory": 0.3524506688117981, "0040_memory": 0.3151993155479431, "0041_memory": 0.3271695375442505, "0042_memory": 0.3419036865234375, "0043_memory": 0.3767351508140564, "0044_memory": 0.3560693860054016, "0045_memory": 0.3235092759132385, "0046_memory": 0.22327843308448792, "0047_memory": 0.3494413495063782, "0048_memory": 0.3853661119937897, "0049_memory": 0.3977062702178955, "0050_memory": 0.4093581438064575, "0051_memory": 0.3749479651451111, "0052_memory": 0.29771631956100464, "0053_memory": 0.4668329358100891, "0054_memory": 0.37555092573165894, "0055_memory": 0.3517491817474365, "0056_memory": 0.3319541811943054, "0057_memory": 0.3750181198120117, "0058_memory": 0.4087020456790924, "0059_memory": 0.40846967697143555, "0060_memory": 0.403567373752594, "0061_memory": 0.341421902179718, "0062_memory": 0.34235095977783203, "0063_memory": 0.3397986888885498, "0064_memory": 0.3740193247795105, "0065_memory": 0.4661024510860443, "0066_memory": 0.41778478026390076, "0067_memory": 0.4279516339302063, "0068_memory": 0.4201943874359131, "0069_memory": 0.3868163228034973, "0070_memory": 0.3228111267089844, "0071_memory": 0.35418781638145447, "0072_memory": 0.5085388422012329, "0073_memory": 0.3871709108352661, "0074_memory": 0.31745684146881104, "0075_memory": 0.396864652633667, "0076_memory": 0.30908334255218506, "0077_memory": 0.34300655126571655, "0078_memory": 0.3692898154258728, "0079_memory": 0.41115057468414307, "0080_memory": 0.4077363610267639, "0081_memory": 0.28323161602020264, "0082_memory": 0.4744443893432617, "0083_memory": 0.40957456827163696, "0084_memory": 0.37361082434654236, "0085_memory": 0.3955085873603821, "0086_memory": 0.41820967197418213, "0087_memory": 0.4777001142501831, "0088_memory": 0.32030701637268066, "0089_memory": 0.3822268843650818, "0090_memory": 0.47097083926200867, "0091_memory": 0.360002726316452, "0092_memory": 0.43474894762039185, "0093_memory": 0.31219083070755005, "0094_memory": 0.33598947525024414, "0095_memory": 0.3256832957267761, "0096_memory": 0.3312050402164459, "0097_memory": 0.337435781955719, "0098_memory": 0.30085259675979614, "0099_memory": 0.3638960123062134, "0100_memory": 0.3659997582435608, "0101_memory": 0.3713928461074829, "0102_memory": 0.415722131729126, "0103_memory": 0.35153746604919434, "0104_memory": 0.37742429971694946, "0105_memory": 0.4528678059577942, "0106_memory": 0.4076763987541199, "0107_memory": 0.3350769877433777, "0108_memory": 0.3988168239593506, "0109_memory": 0.34174272418022156, "0110_memory": 0.03162278234958649, "0111_memory": 0.3790827989578247, "0112_memory": 0.40213602781295776, "0113_memory": 0.3846819996833801, "0114_memory": 0.356415718793869, "0115_memory": 0.34742316603660583, "0116_memory": 0.3835746645927429, "0117_memory": 0.3987502455711365, "0118_memory": 0.37555408477783203, "0119_memory": 0.3396715521812439, "0120_memory": 0.3335837721824646, "0121_memory": 0.3496314585208893, "0122_memory": 0.41190966963768005, "0123_memory": 0.3999582529067993, "0124_memory": 0.3870863914489746, "0125_memory": 0.32809558510780334, "0126_memory": 0.37104636430740356, "0127_memory": 0.31951332092285156, "0128_memory": 0.3417063057422638, "0129_memory": 0.26477569341659546, "0130_memory": 0.23095963895320892, "0131_memory": 0.41596364974975586, "0132_memory": 0.38275131583213806, "0133_memory": 0.36489444971084595, "0134_memory": 0.3600623309612274, "0135_memory": 0.4075525104999542, "0136_memory": 0.4417031407356262, "0137_memory": 0.376193642616272, "0138_memory": 0.4907917380332947, "0139_memory": 0.41547486186027527, "0140_memory": 0.34945857524871826, "0141_memory": 0.4569052457809448, "0142_memory": 0.4606771767139435, "0143_memory": 0.4577075242996216, "0144_memory": 0.45037686824798584, "0145_memory": 0.5036120414733887}