{"0001_memory": 0.4897117018699646, "0002_memory": 0.36747968196868896, "0003_memory": 0.46627748012542725, "0004_memory": 0.4227204918861389, "0005_memory": 0.4039909839630127, "0006_memory": 0.321722149848938, "0007_memory": 0.3206654191017151, "0008_memory": 0.4655334949493408, "0009_memory": 0.3727685809135437, "0010_memory": 0.33917099237442017, "0011_memory": 0.46687743067741394, "0012_memory": 0.3978378176689148, "0013_memory": 0.32396501302719116, "0014_memory": 0.41053611040115356, "0015_memory": 0.463147908449173, "0016_memory": 0.4999110996723175, "0017_memory": 0.4714415669441223, "0018_memory": 0.2938465476036072, "0019_memory": 0.321713387966156, "0020_memory": 0.32516467571258545, "0021_memory": 0.3760240077972412, "0022_memory": 0.29112064838409424, "0023_memory": 0.3550158143043518, "0024_memory": 0.3587944805622101, "0025_memory": 0.3597511053085327, "0026_memory": 0.3948505222797394, "0027_memory": 0.44476425647735596, "0028_memory": 0.3484653830528259, "0029_memory": 0.38358446955680847, "0030_memory": 0.4556835889816284, "0031_memory": 0.4017612934112549, "0032_memory": 0.3822689652442932, "0033_memory": 0.46331465244293213, "0034_memory": 0.3621445298194885, "0035_memory": 0.42044442892074585, "0036_memory": 0.4437825679779053, "0037_memory": 0.3919895589351654, "0038_memory": 0.44781291484832764, "0039_memory": 0.3509618043899536, "0040_memory": 0.3919069766998291, "0041_memory": 0.40186041593551636, "0042_memory": 0.3968490958213806, "0043_memory": 0.3170905113220215, "0044_memory": 0.3289967477321625, "0045_memory": 0.3812284767627716, "0046_memory": 0.37552231550216675, "0047_memory": 0.37023311853408813, "0048_memory": 0.32448434829711914, "0049_memory": 0.36311233043670654, "0050_memory": 0.4556291699409485, "0051_memory": 0.2795860171318054, "0052_memory": 0.38760215044021606, "0053_memory": 0.47619661688804626, "0054_memory": 0.3646034300327301, "0055_memory": 0.31385502219200134, "0056_memory": 0.41548067331314087, "0057_memory": 0.2915009558200836, "0058_memory": 0.45511239767074585, "0059_memory": 0.46108680963516235, "0060_memory": 0.3368566632270813, "0061_memory": 0.3612864017486572, "0062_memory": 0.3543086647987366, "0063_memory": 0.34193098545074463, "0064_memory": 0.2564270496368408, "0065_memory": 0.45975813269615173, "0066_memory": 0.3876306414604187, "0067_memory": 0.4046754240989685, "0068_memory": 0.4668312072753906, "0069_memory": 0.43140438199043274, "0070_memory": 0.38393259048461914, "0071_memory": 0.3605765104293823, "0072_memory": 0.512440025806427, "0073_memory": 0.3629995286464691, "0074_memory": 0.35372021794319153, "0075_memory": 0.3737499713897705, "0076_memory": 0.393158882856369, "0077_memory": 0.4099123477935791, "0078_memory": 0.3651469051837921, "0079_memory": 0.38140439987182617, "0080_memory": 0.36094242334365845, "0081_memory": 0.3672313094139099, "0082_memory": 0.473755419254303, "0083_memory": 0.38831883668899536, "0084_memory": 0.40681806206703186, "0085_memory": 0.3292634189128876, "0086_memory": 0.3820528984069824, "0087_memory": 0.48385319113731384, "0088_memory": 0.3799799978733063, "0089_memory": 0.22218914330005646, "0090_memory": 0.46199268102645874, "0091_memory": 0.42118707299232483, "0092_memory": 0.41780292987823486, "0093_memory": 0.39395278692245483, "0094_memory": 0.3481076657772064, "0095_memory": 0.3888051211833954, "0096_memory": 0.36396875977516174, "0097_memory": 0.3902595341205597, "0098_memory": 0.385373592376709, "0099_memory": 0.3675905466079712, "0100_memory": 0.3411199748516083, "0101_memory": 0.3658103346824646, "0102_memory": 0.37642329931259155, "0103_memory": 0.3595174551010132, "0104_memory": 0.4224315881729126, "0105_memory": 0.437876433134079, "0106_memory": 0.37288862466812134, "0107_memory": 0.40088123083114624, "0108_memory": 0.33341240882873535, "0109_memory": 0.35066699981689453, "0110_memory": 0.37555408477783203, "0111_memory": 0.2561538517475128, "0112_memory": 0.3392599821090698, "0113_memory": 0.2804182469844818, "0114_memory": 0.3471503257751465, "0115_memory": 0.3152599334716797, "0116_memory": 0.2997013330459595, "0117_memory": 0.3717896640300751, "0118_memory": 0.03162278234958649, "0119_memory": 0.3822419345378876, "0120_memory": 0.35310712456703186, "0121_memory": 0.33474093675613403, "0122_memory": 0.3715043067932129, "0123_memory": 0.35511600971221924, "0124_memory": 0.30723798274993896, "0125_memory": 0.37235313653945923, "0126_memory": 0.3644565939903259, "0127_memory": 0.3769274950027466, "0128_memory": 0.36368998885154724, "0129_memory": 0.37818604707717896, "0130_memory": 0.3792356848716736, "0131_memory": 0.3800576329231262, "0132_memory": 0.31093642115592957, "0133_memory": 0.33747896552085876, "0134_memory": 0.2053382694721222, "0135_memory": 0.3791181743144989, "0136_memory": 0.4162626266479492, "0137_memory": 0.34670114517211914, "0138_memory": 0.49561575055122375, "0139_memory": 0.38153892755508423, "0140_memory": 0.3355787992477417, "0141_memory": 0.4416577219963074, "0142_memory": 0.4621168375015259, "0143_memory": 0.4681224822998047, "0144_memory": 0.4600076675415039, "0145_memory": 0.5048536062240601}