{"0001_memory": 0.4903041124343872, "0002_memory": 0.41582363843917847, "0003_memory": 0.3605242073535919, "0004_memory": 0.46796488761901855, "0005_memory": 0.3398381173610687, "0006_memory": 0.44213148951530457, "0007_memory": 0.4335516393184662, "0008_memory": 0.47744011878967285, "0009_memory": 0.4032309949398041, "0010_memory": 0.44752079248428345, "0011_memory": 0.4800461232662201, "0012_memory": 0.35594862699508667, "0013_memory": 0.4439500868320465, "0014_memory": 0.46009561419487, "0015_memory": 0.3833727538585663, "0016_memory": 0.49842017889022827, "0017_memory": 0.3814086318016052, "0018_memory": 0.4307747483253479, "0019_memory": 0.4287731647491455, "0020_memory": 0.4336114525794983, "0021_memory": 0.4514700472354889, "0022_memory": 0.4351148009300232, "0023_memory": 0.4001970887184143, "0024_memory": 0.40550345182418823, "0025_memory": 0.40921705961227417, "0026_memory": 0.4523811340332031, "0027_memory": 0.27685344219207764, "0028_memory": 0.4586629569530487, "0029_memory": 0.39572980999946594, "0030_memory": 0.3294227123260498, "0031_memory": 0.34918904304504395, "0032_memory": 0.40726250410079956, "0033_memory": 0.4855755567550659, "0034_memory": 0.4258738160133362, "0035_memory": 0.34587883949279785, "0036_memory": 0.47670894861221313, "0037_memory": 0.3557867407798767, "0038_memory": 0.47817885875701904, "0039_memory": 0.4252080023288727, "0040_memory": 0.3603411912918091, "0041_memory": 0.3560800552368164, "0042_memory": 0.3545301556587219, "0043_memory": 0.43097686767578125, "0044_memory": 0.42642754316329956, "0045_memory": 0.40711820125579834, "0046_memory": 0.39650455117225647, "0047_memory": 0.4267159700393677, "0048_memory": 0.44094666838645935, "0049_memory": 0.4501391053199768, "0050_memory": 0.3458186388015747, "0051_memory": 0.43806761503219604, "0052_memory": 0.3462809920310974, "0053_memory": 0.47643983364105225, "0054_memory": 0.44691577553749084, "0055_memory": 0.4172702133655548, "0056_memory": 0.333772212266922, "0057_memory": 0.4245296120643616, "0058_memory": 0.3624565601348877, "0059_memory": 0.36205819249153137, "0060_memory": 0.4518577754497528, "0061_memory": 0.4186769127845764, "0062_memory": 0.4276279807090759, "0063_memory": 0.42077958583831787, "0064_memory": 0.43104368448257446, "0065_memory": 0.4829108417034149, "0066_memory": 0.44288188219070435, "0067_memory": 0.45772823691368103, "0068_memory": 0.36117732524871826, "0069_memory": 0.03162278234958649, "0070_memory": 0.4152269661426544, "0071_memory": 0.4194922149181366, "0072_memory": 0.5117080807685852, "0073_memory": 0.44354507327079773, "0074_memory": 0.4067540764808655, "0075_memory": 0.4516485929489136, "0076_memory": 0.39259815216064453, "0077_memory": 0.36119669675827026, "0078_memory": 0.4286889433860779, "0079_memory": 0.4514096975326538, "0080_memory": 0.44763994216918945, "0081_memory": 0.3870953321456909, "0082_memory": 0.4804110527038574, "0083_memory": 0.4404871165752411, "0084_memory": 0.31446415185928345, "0085_memory": 0.44123581051826477, "0086_memory": 0.4427047371864319, "0087_memory": 0.4844290614128113, "0088_memory": 0.39760273694992065, "0089_memory": 0.44400131702423096, "0090_memory": 0.4844144582748413, "0091_memory": 0.3512106239795685, "0092_memory": 0.4633319675922394, "0093_memory": 0.3514714241027832, "0094_memory": 0.4170178174972534, "0095_memory": 0.3808366060256958, "0096_memory": 0.41141971945762634, "0097_memory": 0.4104005992412567, "0098_memory": 0.3963196277618408, "0099_memory": 0.42633649706840515, "0100_memory": 0.4275156855583191, "0101_memory": 0.4272882342338562, "0102_memory": 0.45286133885383606, "0103_memory": 0.4284944534301758, "0104_memory": 0.27603501081466675, "0105_memory": 0.47704100608825684, "0106_memory": 0.4515857696533203, "0107_memory": 0.34548598527908325, "0108_memory": 0.4406155049800873, "0109_memory": 0.4277341961860657, "0110_memory": 0.3868163228034973, "0111_memory": 0.42996251583099365, "0112_memory": 0.44191989302635193, "0113_memory": 0.4325953722000122, "0114_memory": 0.43043217062950134, "0115_memory": 0.429434597492218, "0116_memory": 0.44005095958709717, "0117_memory": 0.4547244906425476, "0118_memory": 0.43140438199043274, "0119_memory": 0.41957369446754456, "0120_memory": 0.4199768900871277, "0121_memory": 0.423973947763443, "0122_memory": 0.442394882440567, "0123_memory": 0.45479267835617065, "0124_memory": 0.44481953978538513, "0125_memory": 0.40818554162979126, "0126_memory": 0.4289022982120514, "0127_memory": 0.37340372800827026, "0128_memory": 0.41576236486434937, "0129_memory": 0.391512930393219, "0130_memory": 0.40219175815582275, "0131_memory": 0.45956581830978394, "0132_memory": 0.43823105096817017, "0133_memory": 0.4330606460571289, "0134_memory": 0.4337294399738312, "0135_memory": 0.4524955451488495, "0136_memory": 0.46482113003730774, "0137_memory": 0.436654657125473, "0138_memory": 0.49460911750793457, "0139_memory": 0.45952096581459045, "0140_memory": 0.43461328744888306, "0141_memory": 0.4773280620574951, "0142_memory": 0.47767511010169983, "0143_memory": 0.47260862588882446, "0144_memory": 0.464067280292511, "0145_memory": 0.5030307769775391}