{"0001_memory": 0.4851408302783966, "0002_memory": 0.32866978645324707, "0003_memory": 0.4595685303211212, "0004_memory": 0.44389259815216064, "0005_memory": 0.39839988946914673, "0006_memory": 0.3848170042037964, "0007_memory": 0.3576027750968933, "0008_memory": 0.4696387052536011, "0009_memory": 0.33178451657295227, "0010_memory": 0.3845030665397644, "0011_memory": 0.46824875473976135, "0012_memory": 0.389403760433197, "0013_memory": 0.3735851049423218, "0014_memory": 0.42572280764579773, "0015_memory": 0.4513283371925354, "0016_memory": 0.4902361035346985, "0017_memory": 0.4576500654220581, "0018_memory": 0.3594561219215393, "0019_memory": 0.3394109308719635, "0020_memory": 0.3413925766944885, "0021_memory": 0.3874931037425995, "0022_memory": 0.3489527702331543, "0023_memory": 0.34574154019355774, "0024_memory": 0.33373796939849854, "0025_memory": 0.3305034041404724, "0026_memory": 0.41512948274612427, "0027_memory": 0.43476855754852295, "0028_memory": 0.39308080077171326, "0029_memory": 0.3260642886161804, "0030_memory": 0.43761515617370605, "0031_memory": 0.37588921189308167, "0032_memory": 0.35066235065460205, "0033_memory": 0.4577290415763855, "0034_memory": 0.2655490040779114, "0035_memory": 0.3899194300174713, "0036_memory": 0.44152724742889404, "0037_memory": 0.34734416007995605, "0038_memory": 0.4452895522117615, "0039_memory": 0.32885876297950745, "0040_memory": 0.3629802465438843, "0041_memory": 0.37501096725463867, "0042_memory": 0.37765341997146606, "0043_memory": 0.34635019302368164, "0044_memory": 0.32824569940567017, "0045_memory": 0.3434315323829651, "0046_memory": 0.3450154662132263, "0047_memory": 0.30805906653404236, "0048_memory": 0.3502897620201111, "0049_memory": 0.3838614225387573, "0050_memory": 0.44023042917251587, "0051_memory": 0.3589797019958496, "0052_memory": 0.36939918994903564, "0053_memory": 0.47090694308280945, "0054_memory": 0.3465083837509155, "0055_memory": 0.32792094349861145, "0056_memory": 0.4094867706298828, "0057_memory": 0.3490331768989563, "0058_memory": 0.4442041516304016, "0059_memory": 0.4474945068359375, "0060_memory": 0.38345658779144287, "0061_memory": 0.25072431564331055, "0062_memory": 0.32604971528053284, "0063_memory": 0.32204222679138184, "0064_memory": 0.362429678440094, "0065_memory": 0.4515598714351654, "0066_memory": 0.39975303411483765, "0067_memory": 0.416205495595932, "0068_memory": 0.4557310938835144, "0069_memory": 0.42633649706840515, "0070_memory": 0.3578876554965973, "0071_memory": 0.20953695476055145, "0072_memory": 0.5060410499572754, "0073_memory": 0.3665282428264618, "0074_memory": 0.35033243894577026, "0075_memory": 0.38239192962646484, "0076_memory": 0.3616465926170349, "0077_memory": 0.3881068825721741, "0078_memory": 0.3075896203517914, "0079_memory": 0.3995567560195923, "0080_memory": 0.4049750864505768, "0081_memory": 0.37715569138526917, "0082_memory": 0.47105705738067627, "0083_memory": 0.41746580600738525, "0084_memory": 0.4007481634616852, "0085_memory": 0.3688000738620758, "0086_memory": 0.4020909070968628, "0087_memory": 0.4789595901966095, "0088_memory": 0.33689355850219727, "0089_memory": 0.36543452739715576, "0090_memory": 0.4623671770095825, "0091_memory": 0.4095193147659302, "0092_memory": 0.43441349267959595, "0093_memory": 0.3862490653991699, "0094_memory": 0.29843536019325256, "0095_memory": 0.37129539251327515, "0096_memory": 0.3264266848564148, "0097_memory": 0.33703404664993286, "0098_memory": 0.34080153703689575, "0099_memory": 0.03162278234958649, "0100_memory": 0.33461856842041016, "0101_memory": 0.278303325176239, "0102_memory": 0.3986494243144989, "0103_memory": 0.3302778899669647, "0104_memory": 0.39726218581199646, "0105_memory": 0.4393940567970276, "0106_memory": 0.4125949442386627, "0107_memory": 0.3847307860851288, "0108_memory": 0.36315667629241943, "0109_memory": 0.33016929030418396, "0110_memory": 0.3638960123062134, "0111_memory": 0.3545628786087036, "0112_memory": 0.3761098384857178, "0113_memory": 0.3532036542892456, "0114_memory": 0.3316831588745117, "0115_memory": 0.3555249571800232, "0116_memory": 0.3725932836532593, "0117_memory": 0.38659146428108215, "0118_memory": 0.3675905466079712, "0119_memory": 0.3696899712085724, "0120_memory": 0.2820456027984619, "0121_memory": 0.32788440585136414, "0122_memory": 0.4054087996482849, "0123_memory": 0.38112813234329224, "0124_memory": 0.3653835654258728, "0125_memory": 0.34040406346321106, "0126_memory": 0.2936871647834778, "0127_memory": 0.3667008876800537, "0128_memory": 0.32558301091194153, "0129_memory": 0.34949520230293274, "0130_memory": 0.3575476408004761, "0131_memory": 0.3934645652770996, "0132_memory": 0.3443767726421356, "0133_memory": 0.33643120527267456, "0134_memory": 0.36198943853378296, "0135_memory": 0.40217459201812744, "0136_memory": 0.4234244227409363, "0137_memory": 0.34160470962524414, "0138_memory": 0.48644256591796875, "0139_memory": 0.3930022716522217, "0140_memory": 0.3391180634498596, "0141_memory": 0.43425285816192627, "0142_memory": 0.46445292234420776, "0143_memory": 0.46271321177482605, "0144_memory": 0.4645387530326843, "0145_memory": 0.4981516897678375}