{"0001_memory": 0.47368866205215454, "0002_memory": 0.3314489722251892, "0003_memory": 0.44330257177352905, "0004_memory": 0.4305342137813568, "0005_memory": 0.3955511450767517, "0006_memory": 0.3663387596607208, "0007_memory": 0.34307369589805603, "0008_memory": 0.45669835805892944, "0009_memory": 0.3454030454158783, "0010_memory": 0.37067022919654846, "0011_memory": 0.4586431086063385, "0012_memory": 0.37815749645233154, "0013_memory": 0.3495873808860779, "0014_memory": 0.4129077196121216, "0015_memory": 0.4395703077316284, "0016_memory": 0.4836857318878174, "0017_memory": 0.4473980665206909, "0018_memory": 0.30821725726127625, "0019_memory": 0.22440606355667114, "0020_memory": 0.2676372528076172, "0021_memory": 0.35136035084724426, "0022_memory": 0.32523810863494873, "0023_memory": 0.3398958742618561, "0024_memory": 0.32427144050598145, "0025_memory": 0.3345281183719635, "0026_memory": 0.39220836758613586, "0027_memory": 0.4391773045063019, "0028_memory": 0.3653602600097656, "0029_memory": 0.33534663915634155, "0030_memory": 0.4353206753730774, "0031_memory": 0.3598327338695526, "0032_memory": 0.3525629937648773, "0033_memory": 0.44383275508880615, "0034_memory": 0.34189504384994507, "0035_memory": 0.39140254259109497, "0036_memory": 0.43533575534820557, "0037_memory": 0.34765076637268066, "0038_memory": 0.43784767389297485, "0039_memory": 0.3390953540802002, "0040_memory": 0.35390424728393555, "0041_memory": 0.3704238533973694, "0042_memory": 0.3788204789161682, "0043_memory": 0.2762497067451477, "0044_memory": 0.03162278234958649, "0045_memory": 0.33773428201675415, "0046_memory": 0.3659539520740509, "0047_memory": 0.3268718421459198, "0048_memory": 0.339131236076355, "0049_memory": 0.3688996434211731, "0050_memory": 0.43673408031463623, "0051_memory": 0.3177383542060852, "0052_memory": 0.3658999502658844, "0053_memory": 0.4624650478363037, "0054_memory": 0.33552902936935425, "0055_memory": 0.2705850601196289, "0056_memory": 0.40205880999565125, "0057_memory": 0.3189946413040161, "0058_memory": 0.4333737790584564, "0059_memory": 0.436384916305542, "0060_memory": 0.3704485297203064, "0061_memory": 0.3117266893386841, "0062_memory": 0.3500695824623108, "0063_memory": 0.3535081148147583, "0064_memory": 0.3208288550376892, "0065_memory": 0.44169294834136963, "0066_memory": 0.37967973947525024, "0067_memory": 0.3843005299568176, "0068_memory": 0.4510641098022461, "0069_memory": 0.42642754316329956, "0070_memory": 0.3618526756763458, "0071_memory": 0.32859140634536743, "0072_memory": 0.49301570653915405, "0073_memory": 0.347694993019104, "0074_memory": 0.34486252069473267, "0075_memory": 0.3432040214538574, "0076_memory": 0.3659822940826416, "0077_memory": 0.3900790810585022, "0078_memory": 0.3253261148929596, "0079_memory": 0.3760105073451996, "0080_memory": 0.3816239833831787, "0081_memory": 0.3732198178768158, "0082_memory": 0.45915961265563965, "0083_memory": 0.39267441630363464, "0084_memory": 0.3960035443305969, "0085_memory": 0.35719627141952515, "0086_memory": 0.3786466419696808, "0087_memory": 0.46766048669815063, "0088_memory": 0.347476065158844, "0089_memory": 0.32607024908065796, "0090_memory": 0.45145243406295776, "0091_memory": 0.40023887157440186, "0092_memory": 0.42605167627334595, "0093_memory": 0.3829455077648163, "0094_memory": 0.34523534774780273, "0095_memory": 0.37032440304756165, "0096_memory": 0.30985525250434875, "0097_memory": 0.35303938388824463, "0098_memory": 0.3565168082714081, "0099_memory": 0.32824569940567017, "0100_memory": 0.2623939514160156, "0101_memory": 0.3139589726924896, "0102_memory": 0.36506304144859314, "0103_memory": 0.3490506708621979, "0104_memory": 0.404949426651001, "0105_memory": 0.43406909704208374, "0106_memory": 0.38687369227409363, "0107_memory": 0.38568395376205444, "0108_memory": 0.34694820642471313, "0109_memory": 0.35342907905578613, "0110_memory": 0.3560693860054016, "0111_memory": 0.3255205750465393, "0112_memory": 0.354974627494812, "0113_memory": 0.3239406943321228, "0114_memory": 0.31603407859802246, "0115_memory": 0.28057900071144104, "0116_memory": 0.3263717591762543, "0117_memory": 0.35432523488998413, "0118_memory": 0.3289967477321625, "0119_memory": 0.3685600757598877, "0120_memory": 0.3192504048347473, "0121_memory": 0.3019351065158844, "0122_memory": 0.37760433554649353, "0123_memory": 0.372023344039917, "0124_memory": 0.33391839265823364, "0125_memory": 0.3340842127799988, "0126_memory": 0.3228718042373657, "0127_memory": 0.36449548602104187, "0128_memory": 0.32834020256996155, "0129_memory": 0.357144832611084, "0130_memory": 0.36430448293685913, "0131_memory": 0.35912972688674927, "0132_memory": 0.32621121406555176, "0133_memory": 0.327727735042572, "0134_memory": 0.32704341411590576, "0135_memory": 0.3815508484840393, "0136_memory": 0.40936148166656494, "0137_memory": 0.20198766887187958, "0138_memory": 0.4743981659412384, "0139_memory": 0.3622904121875763, "0140_memory": 0.28793251514434814, "0141_memory": 0.4340552091598511, "0142_memory": 0.4573957324028015, "0143_memory": 0.4555085003376007, "0144_memory": 0.4503505825996399, "0145_memory": 0.48766717314720154}