{"0001_memory": 0.4969918429851532, "0002_memory": 0.33141085505485535, "0003_memory": 0.4450129270553589, "0004_memory": 0.44379374384880066, "0005_memory": 0.3838684856891632, "0006_memory": 0.40109527111053467, "0007_memory": 0.3959089517593384, "0008_memory": 0.47395992279052734, "0009_memory": 0.325642466545105, "0010_memory": 0.40223854780197144, "0011_memory": 0.47020572423934937, "0012_memory": 0.3501322269439697, "0013_memory": 0.3852578401565552, "0014_memory": 0.4381728768348694, "0015_memory": 0.4421907067298889, "0016_memory": 0.507469892501831, "0017_memory": 0.4536049962043762, "0018_memory": 0.3708406686782837, "0019_memory": 0.3659660220146179, "0020_memory": 0.36616194248199463, "0021_memory": 0.40639665722846985, "0022_memory": 0.3960549235343933, "0023_memory": 0.2816150188446045, "0024_memory": 0.31105953454971313, "0025_memory": 0.29052209854125977, "0026_memory": 0.4332174062728882, "0027_memory": 0.42466285824775696, "0028_memory": 0.4096442461013794, "0029_memory": 0.3361127972602844, "0030_memory": 0.4385772943496704, "0031_memory": 0.3725826144218445, "0032_memory": 0.29015785455703735, "0033_memory": 0.4743603467941284, "0034_memory": 0.36248478293418884, "0035_memory": 0.3896201252937317, "0036_memory": 0.4614964425563812, "0037_memory": 0.34965047240257263, "0038_memory": 0.4660043716430664, "0039_memory": 0.3362475037574768, "0040_memory": 0.35752683877944946, "0041_memory": 0.3669866621494293, "0042_memory": 0.3818804621696472, "0043_memory": 0.36348724365234375, "0044_memory": 0.3618526756763458, "0045_memory": 0.29548245668411255, "0046_memory": 0.3182193636894226, "0047_memory": 0.33827143907546997, "0048_memory": 0.4006490707397461, "0049_memory": 0.40778177976608276, "0050_memory": 0.43924659490585327, "0051_memory": 0.36012518405914307, "0052_memory": 0.35421839356422424, "0053_memory": 0.4833446145057678, "0054_memory": 0.35333579778671265, "0055_memory": 0.3493626117706299, "0056_memory": 0.39091378450393677, "0057_memory": 0.39329010248184204, "0058_memory": 0.43909722566604614, "0059_memory": 0.44535884261131287, "0060_memory": 0.4001041650772095, "0061_memory": 0.3548615276813507, "0062_memory": 0.3212764859199524, "0063_memory": 0.3326781392097473, "0064_memory": 0.3698439598083496, "0065_memory": 0.46983468532562256, "0066_memory": 0.42100465297698975, "0067_memory": 0.43498730659484863, "0068_memory": 0.44391000270843506, "0069_memory": 0.4152269661426544, "0070_memory": 0.03162278234958649, "0071_memory": 0.35615694522857666, "0072_memory": 0.521297037601471, "0073_memory": 0.4065128266811371, "0074_memory": 0.262879878282547, "0075_memory": 0.406912624835968, "0076_memory": 0.33734068274497986, "0077_memory": 0.3720046281814575, "0078_memory": 0.34802818298339844, "0079_memory": 0.41044992208480835, "0080_memory": 0.416278213262558, "0081_memory": 0.34250324964523315, "0082_memory": 0.48799028992652893, "0083_memory": 0.39698249101638794, "0084_memory": 0.40163281559944153, "0085_memory": 0.39056196808815, "0086_memory": 0.42097875475883484, "0087_memory": 0.4913817048072815, "0088_memory": 0.32140064239501953, "0089_memory": 0.3844382166862488, "0090_memory": 0.47713276743888855, "0091_memory": 0.40337198972702026, "0092_memory": 0.4366390109062195, "0093_memory": 0.3614199757575989, "0094_memory": 0.34025222063064575, "0095_memory": 0.3593870997428894, "0096_memory": 0.32448312640190125, "0097_memory": 0.3097643554210663, "0098_memory": 0.3337945342063904, "0099_memory": 0.3578876554965973, "0100_memory": 0.3647748827934265, "0101_memory": 0.3569612205028534, "0102_memory": 0.41394490003585815, "0103_memory": 0.3340402841567993, "0104_memory": 0.3968461751937866, "0105_memory": 0.460249662399292, "0106_memory": 0.4074663519859314, "0107_memory": 0.3834119439125061, "0108_memory": 0.41082003712654114, "0109_memory": 0.32467132806777954, "0110_memory": 0.3228111267089844, "0111_memory": 0.3810184597969055, "0112_memory": 0.41064950823783875, "0113_memory": 0.3893832266330719, "0114_memory": 0.34263676404953003, "0115_memory": 0.34689125418663025, "0116_memory": 0.374111533164978, "0117_memory": 0.40539926290512085, "0118_memory": 0.38393259048461914, "0119_memory": 0.23994281888008118, "0120_memory": 0.351809561252594, "0121_memory": 0.34173065423965454, "0122_memory": 0.4175679683685303, "0123_memory": 0.3951306939125061, "0124_memory": 0.40194758772850037, "0125_memory": 0.3275325894355774, "0126_memory": 0.3510811924934387, "0127_memory": 0.3541426956653595, "0128_memory": 0.32929468154907227, "0129_memory": 0.34253525733947754, "0130_memory": 0.33265072107315063, "0131_memory": 0.4206933379173279, "0132_memory": 0.39823079109191895, "0133_memory": 0.3467003405094147, "0134_memory": 0.3664615750312805, "0135_memory": 0.4084450602531433, "0136_memory": 0.4429720640182495, "0137_memory": 0.37279778718948364, "0138_memory": 0.5019133687019348, "0139_memory": 0.42132556438446045, "0140_memory": 0.35658493638038635, "0141_memory": 0.4592701196670532, "0142_memory": 0.46894577145576477, "0143_memory": 0.4760695695877075, "0144_memory": 0.46729519963264465, "0145_memory": 0.5145137310028076}