{"0001_memory": 0.481587290763855, "0002_memory": 0.3823331296443939, "0003_memory": 0.4059629440307617, "0004_memory": 0.4404938817024231, "0005_memory": 0.31115618348121643, "0006_memory": 0.4110034108161926, "0007_memory": 0.4058365225791931, "0008_memory": 0.4544167220592499, "0009_memory": 0.35962098836898804, "0010_memory": 0.42105787992477417, "0011_memory": 0.4552250802516937, "0012_memory": 0.03162278234958649, "0013_memory": 0.39891472458839417, "0014_memory": 0.4390108585357666, "0015_memory": 0.40975600481033325, "0016_memory": 0.4936923384666443, "0017_memory": 0.4131614565849304, "0018_memory": 0.3991217017173767, "0019_memory": 0.386970579624176, "0020_memory": 0.3970673978328705, "0021_memory": 0.41720688343048096, "0022_memory": 0.4047708511352539, "0023_memory": 0.3521365523338318, "0024_memory": 0.3639025390148163, "0025_memory": 0.3624888062477112, "0026_memory": 0.43943464756011963, "0027_memory": 0.36503052711486816, "0028_memory": 0.4184301793575287, "0029_memory": 0.34034401178359985, "0030_memory": 0.3795648217201233, "0031_memory": 0.28040555119514465, "0032_memory": 0.3583969175815582, "0033_memory": 0.467476487159729, "0034_memory": 0.3871576488018036, "0035_memory": 0.33756962418556213, "0036_memory": 0.46677106618881226, "0037_memory": 0.30910900235176086, "0038_memory": 0.46606555581092834, "0039_memory": 0.37939170002937317, "0040_memory": 0.30356931686401367, "0041_memory": 0.3083235025405884, "0042_memory": 0.31495851278305054, "0043_memory": 0.39640602469444275, "0044_memory": 0.37815749645233154, "0045_memory": 0.34160858392715454, "0046_memory": 0.31787723302841187, "0047_memory": 0.38011157512664795, "0048_memory": 0.40431299805641174, "0049_memory": 0.42832618951797485, "0050_memory": 0.38443517684936523, "0051_memory": 0.39756470918655396, "0052_memory": 0.2691994309425354, "0053_memory": 0.4651772677898407, "0054_memory": 0.3894704580307007, "0055_memory": 0.38732582330703735, "0056_memory": 0.3111490309238434, "0057_memory": 0.3996891379356384, "0058_memory": 0.3911464810371399, "0059_memory": 0.4001414179801941, "0060_memory": 0.41188812255859375, "0061_memory": 0.3773057460784912, "0062_memory": 0.375049352645874, "0063_memory": 0.37797558307647705, "0064_memory": 0.3940573036670685, "0065_memory": 0.46938198804855347, "0066_memory": 0.43306469917297363, "0067_memory": 0.43622884154319763, "0068_memory": 0.4092428386211395, "0069_memory": 0.35594862699508667, "0070_memory": 0.3501322269439697, "0071_memory": 0.38207268714904785, "0072_memory": 0.5004439949989319, "0073_memory": 0.4164871573448181, "0074_memory": 0.35159286856651306, "0075_memory": 0.41390901803970337, "0076_memory": 0.3259507119655609, "0077_memory": 0.2532923221588135, "0078_memory": 0.3867030739784241, "0079_memory": 0.417146235704422, "0080_memory": 0.42198073863983154, "0081_memory": 0.31034162640571594, "0082_memory": 0.4712126851081848, "0083_memory": 0.42606133222579956, "0084_memory": 0.3457421660423279, "0085_memory": 0.40602588653564453, "0086_memory": 0.43019747734069824, "0087_memory": 0.4742871820926666, "0088_memory": 0.350890189409256, "0089_memory": 0.4003380537033081, "0090_memory": 0.4647190570831299, "0091_memory": 0.3249022960662842, "0092_memory": 0.43357619643211365, "0093_memory": 0.22757919132709503, "0094_memory": 0.37837088108062744, "0095_memory": 0.32825300097465515, "0096_memory": 0.37228190898895264, "0097_memory": 0.3677430748939514, "0098_memory": 0.3606030344963074, "0099_memory": 0.389403760433197, "0100_memory": 0.39495521783828735, "0101_memory": 0.388624906539917, "0102_memory": 0.4216853082180023, "0103_memory": 0.3813820481300354, "0104_memory": 0.3481700122356415, "0105_memory": 0.46027034521102905, "0106_memory": 0.4195181727409363, "0107_memory": 0.31359222531318665, "0108_memory": 0.40905171632766724, "0109_memory": 0.376024067401886, "0110_memory": 0.3029019832611084, "0111_memory": 0.3989117741584778, "0112_memory": 0.4276365041732788, "0113_memory": 0.4036945104598999, "0114_memory": 0.38231462240219116, "0115_memory": 0.3725099563598633, "0116_memory": 0.406872421503067, "0117_memory": 0.4197186231613159, "0118_memory": 0.3978378176689148, "0119_memory": 0.3573012351989746, "0120_memory": 0.36995208263397217, "0121_memory": 0.38323092460632324, "0122_memory": 0.4230414032936096, "0123_memory": 0.42445433139801025, "0124_memory": 0.4051204323768616, "0125_memory": 0.3723400831222534, "0126_memory": 0.3887033462524414, "0127_memory": 0.3136352598667145, "0128_memory": 0.3820551037788391, "0129_memory": 0.34402984380722046, "0130_memory": 0.34824031591415405, "0131_memory": 0.4285162687301636, "0132_memory": 0.40449947118759155, "0133_memory": 0.3816264271736145, "0134_memory": 0.39006829261779785, "0135_memory": 0.4161933958530426, "0136_memory": 0.4443146586418152, "0137_memory": 0.39498913288116455, "0138_memory": 0.4838804304599762, "0139_memory": 0.4294375479221344, "0140_memory": 0.3800000548362732, "0141_memory": 0.46536245942115784, "0142_memory": 0.449017196893692, "0143_memory": 0.45774948596954346, "0144_memory": 0.4427226185798645, "0145_memory": 0.4968823194503784}