{"0001_memory": 0.4087583124637604, "0002_memory": 0.44176435470581055, "0003_memory": 0.47959092259407043, "0004_memory": 0.20122988522052765, "0005_memory": 0.4351816773414612, "0006_memory": 0.39072567224502563, "0007_memory": 0.3941991329193115, "0008_memory": 0.33999621868133545, "0009_memory": 0.4369795322418213, "0010_memory": 0.39095139503479004, "0011_memory": 0.3240014314651489, "0012_memory": 0.43357619643211365, "0013_memory": 0.3891102969646454, "0014_memory": 0.20961759984493256, "0015_memory": 0.4743133783340454, "0016_memory": 0.4079783856868744, "0017_memory": 0.48002195358276367, "0018_memory": 0.4211629033088684, "0019_memory": 0.42358630895614624, "0020_memory": 0.426510751247406, "0021_memory": 0.36402571201324463, "0022_memory": 0.41149193048477173, "0023_memory": 0.4240584969520569, "0024_memory": 0.43616628646850586, "0025_memory": 0.43376320600509644, "0026_memory": 0.26873886585235596, "0027_memory": 0.4732683300971985, "0028_memory": 0.3998602330684662, "0029_memory": 0.4360964298248291, "0030_memory": 0.47759875655174255, "0031_memory": 0.4507206678390503, "0032_memory": 0.4393090605735779, "0033_memory": 0.3196815550327301, "0034_memory": 0.4388500154018402, "0035_memory": 0.44284361600875854, "0036_memory": 0.2730304002761841, "0037_memory": 0.44355666637420654, "0038_memory": 0.2922494411468506, "0039_memory": 0.44002607464790344, "0040_memory": 0.44554445147514343, "0041_memory": 0.45156028866767883, "0042_memory": 0.4453614354133606, "0043_memory": 0.41977378726005554, "0044_memory": 0.42605167627334595, "0045_memory": 0.44049498438835144, "0046_memory": 0.4235278069972992, "0047_memory": 0.43996864557266235, "0048_memory": 0.4106825292110443, "0049_memory": 0.39408957958221436, "0050_memory": 0.48190903663635254, "0051_memory": 0.4177582263946533, "0052_memory": 0.4342876374721527, "0053_memory": 0.3765074908733368, "0054_memory": 0.43866875767707825, "0055_memory": 0.42512696981430054, "0056_memory": 0.43979814648628235, "0057_memory": 0.4130623936653137, "0058_memory": 0.47900304198265076, "0059_memory": 0.47791168093681335, "0060_memory": 0.394223153591156, "0061_memory": 0.43686243891716003, "0062_memory": 0.43678784370422363, "0063_memory": 0.42961639165878296, "0064_memory": 0.41574394702911377, "0065_memory": 0.3082919418811798, "0066_memory": 0.30938830971717834, "0067_memory": 0.303425133228302, "0068_memory": 0.47665348649024963, "0069_memory": 0.4633319675922394, "0070_memory": 0.4366390109062195, "0071_memory": 0.4316449761390686, "0072_memory": 0.4221334755420685, "0073_memory": 0.3861987292766571, "0074_memory": 0.4301835894584656, "0075_memory": 0.3710370659828186, "0076_memory": 0.43697962164878845, "0077_memory": 0.44969332218170166, "0078_memory": 0.43145954608917236, "0079_memory": 0.35289353132247925, "0080_memory": 0.33191561698913574, "0081_memory": 0.4285469055175781, "0082_memory": 0.3790341019630432, "0083_memory": 0.34065282344818115, "0084_memory": 0.45307713747024536, "0085_memory": 0.39431869983673096, "0086_memory": 0.3113812804222107, "0087_memory": 0.39379122853279114, "0088_memory": 0.4395734667778015, "0089_memory": 0.42438805103302, "0090_memory": 0.32521146535873413, "0091_memory": 0.45116353034973145, "0092_memory": 0.03162278234958649, "0093_memory": 0.4325065016746521, "0094_memory": 0.43496400117874146, "0095_memory": 0.44733041524887085, "0096_memory": 0.4323330521583557, "0097_memory": 0.4384285807609558, "0098_memory": 0.4401421844959259, "0099_memory": 0.43441349267959595, "0100_memory": 0.4296013116836548, "0101_memory": 0.428810715675354, "0102_memory": 0.3654668927192688, "0103_memory": 0.4403788447380066, "0104_memory": 0.4562477469444275, "0105_memory": 0.2570635676383972, "0106_memory": 0.3434085249900818, "0107_memory": 0.44536757469177246, "0108_memory": 0.4045880436897278, "0109_memory": 0.43636462092399597, "0110_memory": 0.43474894762039185, "0111_memory": 0.4156283140182495, "0112_memory": 0.3873770534992218, "0113_memory": 0.41637688875198364, "0114_memory": 0.428159236907959, "0115_memory": 0.41940855979919434, "0116_memory": 0.42151615023612976, "0117_memory": 0.3906172215938568, "0118_memory": 0.41780292987823486, "0119_memory": 0.4373948574066162, "0120_memory": 0.4328824579715729, "0121_memory": 0.42554399371147156, "0122_memory": 0.32564741373062134, "0123_memory": 0.399761825799942, "0124_memory": 0.4211323857307434, "0125_memory": 0.44385960698127747, "0126_memory": 0.43372583389282227, "0127_memory": 0.4421936571598053, "0128_memory": 0.4432682991027832, "0129_memory": 0.4444498121738434, "0130_memory": 0.4376535415649414, "0131_memory": 0.39611658453941345, "0132_memory": 0.41021978855133057, "0133_memory": 0.43443137407302856, "0134_memory": 0.4125654101371765, "0135_memory": 0.3528335392475128, "0136_memory": 0.2630426287651062, "0137_memory": 0.4323495030403137, "0138_memory": 0.39773625135421753, "0139_memory": 0.3844221234321594, "0140_memory": 0.4301396608352661, "0141_memory": 0.25352874398231506, "0142_memory": 0.3195726275444031, "0143_memory": 0.359030544757843, "0144_memory": 0.32432109117507935, "0145_memory": 0.4145703911781311}