{"0001_memory": 0.42822402715682983, "0002_memory": 0.4014478623867035, "0003_memory": 0.46073901653289795, "0004_memory": 0.3263992667198181, "0005_memory": 0.4234830141067505, "0006_memory": 0.38114672899246216, "0007_memory": 0.3770838975906372, "0008_memory": 0.394212543964386, "0009_memory": 0.40986329317092896, "0010_memory": 0.374026894569397, "0011_memory": 0.3875037729740143, "0012_memory": 0.43306469917297363, "0013_memory": 0.37880364060401917, "0014_memory": 0.27765029668807983, "0015_memory": 0.452156126499176, "0016_memory": 0.4279300570487976, "0017_memory": 0.45981988310813904, "0018_memory": 0.3933602571487427, "0019_memory": 0.3801642060279846, "0020_memory": 0.3837217390537262, "0021_memory": 0.3190290927886963, "0022_memory": 0.3747594654560089, "0023_memory": 0.3996964693069458, "0024_memory": 0.39903467893600464, "0025_memory": 0.4016021490097046, "0026_memory": 0.23216858506202698, "0027_memory": 0.45535334944725037, "0028_memory": 0.3923553228378296, "0029_memory": 0.4140492081642151, "0030_memory": 0.45963770151138306, "0031_memory": 0.4256149232387543, "0032_memory": 0.41669726371765137, "0033_memory": 0.3715895712375641, "0034_memory": 0.4104467034339905, "0035_memory": 0.41974666714668274, "0036_memory": 0.3420792818069458, "0037_memory": 0.40978196263313293, "0038_memory": 0.35238075256347656, "0039_memory": 0.41322240233421326, "0040_memory": 0.41799747943878174, "0041_memory": 0.42131394147872925, "0042_memory": 0.41501569747924805, "0043_memory": 0.38533180952072144, "0044_memory": 0.37967973947525024, "0045_memory": 0.41191524267196655, "0046_memory": 0.41401100158691406, "0047_memory": 0.4125036597251892, "0048_memory": 0.36906081438064575, "0049_memory": 0.3602072298526764, "0050_memory": 0.44967466592788696, "0051_memory": 0.393474817276001, "0052_memory": 0.4202646017074585, "0053_memory": 0.40485715866088867, "0054_memory": 0.42004767060279846, "0055_memory": 0.3913652300834656, "0056_memory": 0.4315325915813446, "0057_memory": 0.3749150037765503, "0058_memory": 0.45407992601394653, "0059_memory": 0.44718503952026367, "0060_memory": 0.38630014657974243, "0061_memory": 0.3989110589027405, "0062_memory": 0.40849918127059937, "0063_memory": 0.4143720865249634, "0064_memory": 0.38881224393844604, "0065_memory": 0.3628969192504883, "0066_memory": 0.03162278234958649, "0067_memory": 0.20027852058410645, "0068_memory": 0.46128618717193604, "0069_memory": 0.44288188219070435, "0070_memory": 0.42100465297698975, "0071_memory": 0.40252870321273804, "0072_memory": 0.44513005018234253, "0073_memory": 0.35159188508987427, "0074_memory": 0.4125943183898926, "0075_memory": 0.3228473663330078, "0076_memory": 0.41478538513183594, "0077_memory": 0.43298280239105225, "0078_memory": 0.39306801557540894, "0079_memory": 0.30751729011535645, "0080_memory": 0.2615242302417755, "0081_memory": 0.42817842960357666, "0082_memory": 0.4028969407081604, "0083_memory": 0.28920722007751465, "0084_memory": 0.43211573362350464, "0085_memory": 0.383131742477417, "0086_memory": 0.20764903724193573, "0087_memory": 0.42120957374572754, "0088_memory": 0.41087883710861206, "0089_memory": 0.40117061138153076, "0090_memory": 0.3798012435436249, "0091_memory": 0.43351972103118896, "0092_memory": 0.30938830971717834, "0093_memory": 0.42726972699165344, "0094_memory": 0.40080177783966064, "0095_memory": 0.42514628171920776, "0096_memory": 0.4048592746257782, "0097_memory": 0.40548714995384216, "0098_memory": 0.3946385979652405, "0099_memory": 0.39975303411483765, "0100_memory": 0.39022135734558105, "0101_memory": 0.4060070812702179, "0102_memory": 0.31270405650138855, "0103_memory": 0.4178301692008972, "0104_memory": 0.4288886487483978, "0105_memory": 0.3429366648197174, "0106_memory": 0.3000949025154114, "0107_memory": 0.4175586402416229, "0108_memory": 0.3824669122695923, "0109_memory": 0.4188805818557739, "0110_memory": 0.41778478026390076, "0111_memory": 0.3766857981681824, "0112_memory": 0.3446480631828308, "0113_memory": 0.37204957008361816, "0114_memory": 0.4048880934715271, "0115_memory": 0.3877429962158203, "0116_memory": 0.4025169610977173, "0117_memory": 0.3489578068256378, "0118_memory": 0.3876306414604187, "0119_memory": 0.42793595790863037, "0120_memory": 0.4049617052078247, "0121_memory": 0.39561814069747925, "0122_memory": 0.24172858893871307, "0123_memory": 0.37545210123062134, "0124_memory": 0.38666319847106934, "0125_memory": 0.4034428298473358, "0126_memory": 0.40478628873825073, "0127_memory": 0.42283129692077637, "0128_memory": 0.40643310546875, "0129_memory": 0.4150758385658264, "0130_memory": 0.41461092233657837, "0131_memory": 0.3470214605331421, "0132_memory": 0.380304217338562, "0133_memory": 0.41268742084503174, "0134_memory": 0.38241714239120483, "0135_memory": 0.31216058135032654, "0136_memory": 0.2642923593521118, "0137_memory": 0.38372984528541565, "0138_memory": 0.42229896783828735, "0139_memory": 0.3347291946411133, "0140_memory": 0.39898985624313354, "0141_memory": 0.332667738199234, "0142_memory": 0.3807556629180908, "0143_memory": 0.38765373826026917, "0144_memory": 0.3787999153137207, "0145_memory": 0.4368511140346527}