{"0001_memory": 0.4848100244998932, "0002_memory": 0.3177291750907898, "0003_memory": 0.4357392191886902, "0004_memory": 0.44389018416404724, "0005_memory": 0.3560965657234192, "0006_memory": 0.4003756642341614, "0007_memory": 0.3652441203594208, "0008_memory": 0.47258758544921875, "0009_memory": 0.03162278234958649, "0010_memory": 0.40699952840805054, "0011_memory": 0.4707040786743164, "0012_memory": 0.35962098836898804, "0013_memory": 0.3942091166973114, "0014_memory": 0.42668813467025757, "0015_memory": 0.42848801612854004, "0016_memory": 0.4936913251876831, "0017_memory": 0.4434168338775635, "0018_memory": 0.36575639247894287, "0019_memory": 0.35149791836738586, "0020_memory": 0.3618221879005432, "0021_memory": 0.38718295097351074, "0022_memory": 0.37196508049964905, "0023_memory": 0.31990087032318115, "0024_memory": 0.2920835018157959, "0025_memory": 0.3176047205924988, "0026_memory": 0.40274474024772644, "0027_memory": 0.4169161915779114, "0028_memory": 0.4169284701347351, "0029_memory": 0.22206564247608185, "0030_memory": 0.41359490156173706, "0031_memory": 0.348283052444458, "0032_memory": 0.2945301830768585, "0033_memory": 0.46037206053733826, "0034_memory": 0.3280007839202881, "0035_memory": 0.37796688079833984, "0036_memory": 0.44534286856651306, "0037_memory": 0.3256523013114929, "0038_memory": 0.43889468908309937, "0039_memory": 0.29081636667251587, "0040_memory": 0.328995943069458, "0041_memory": 0.34340935945510864, "0042_memory": 0.33861225843429565, "0043_memory": 0.3621365427970886, "0044_memory": 0.3454030454158783, "0045_memory": 0.28113263845443726, "0046_memory": 0.32601243257522583, "0047_memory": 0.3233680725097656, "0048_memory": 0.3821474313735962, "0049_memory": 0.40463417768478394, "0050_memory": 0.4112403392791748, "0051_memory": 0.377300888299942, "0052_memory": 0.33991774916648865, "0053_memory": 0.47529447078704834, "0054_memory": 0.3773144781589508, "0055_memory": 0.3482171893119812, "0056_memory": 0.3838481307029724, "0057_memory": 0.37354180216789246, "0058_memory": 0.41618919372558594, "0059_memory": 0.42648011445999146, "0060_memory": 0.40445154905319214, "0061_memory": 0.33766409754753113, "0062_memory": 0.34430205821990967, "0063_memory": 0.34444695711135864, "0064_memory": 0.380881130695343, "0065_memory": 0.4552546739578247, "0066_memory": 0.40986329317092896, "0067_memory": 0.42040255665779114, "0068_memory": 0.4397640824317932, "0069_memory": 0.4032309949398041, "0070_memory": 0.325642466545105, "0071_memory": 0.3297213613986969, "0072_memory": 0.507280170917511, "0073_memory": 0.39142125844955444, "0074_memory": 0.3164183795452118, "0075_memory": 0.3786284923553467, "0076_memory": 0.3333439826965332, "0077_memory": 0.3638899028301239, "0078_memory": 0.3541164994239807, "0079_memory": 0.41219133138656616, "0080_memory": 0.4072282314300537, "0081_memory": 0.33847880363464355, "0082_memory": 0.47002166509628296, "0083_memory": 0.42760610580444336, "0084_memory": 0.37503349781036377, "0085_memory": 0.3887191712856293, "0086_memory": 0.4044497609138489, "0087_memory": 0.47972410917282104, "0088_memory": 0.2219392955303192, "0089_memory": 0.38967427611351013, "0090_memory": 0.46204060316085815, "0091_memory": 0.38141441345214844, "0092_memory": 0.4369795322418213, "0093_memory": 0.3546326756477356, "0094_memory": 0.3451959490776062, "0095_memory": 0.326878160238266, "0096_memory": 0.3079409599304199, "0097_memory": 0.26821303367614746, "0098_memory": 0.2639222741127014, "0099_memory": 0.33178451657295227, "0100_memory": 0.35994285345077515, "0101_memory": 0.34090521931648254, "0102_memory": 0.4013502895832062, "0103_memory": 0.3339080810546875, "0104_memory": 0.3846602439880371, "0105_memory": 0.44899940490722656, "0106_memory": 0.4117220640182495, "0107_memory": 0.34639206528663635, "0108_memory": 0.38750511407852173, "0109_memory": 0.34314897656440735, "0110_memory": 0.32316216826438904, "0111_memory": 0.3786674737930298, "0112_memory": 0.3823985457420349, "0113_memory": 0.37999123334884644, "0114_memory": 0.3675116300582886, "0115_memory": 0.3683870732784271, "0116_memory": 0.38861536979675293, "0117_memory": 0.39799678325653076, "0118_memory": 0.3727685809135437, "0119_memory": 0.3223879933357239, "0120_memory": 0.33645451068878174, "0121_memory": 0.36253392696380615, "0122_memory": 0.40325304865837097, "0123_memory": 0.41210561990737915, "0124_memory": 0.3900070786476135, "0125_memory": 0.3221624493598938, "0126_memory": 0.3443472981452942, "0127_memory": 0.3349097967147827, "0128_memory": 0.3098464608192444, "0129_memory": 0.2920371890068054, "0130_memory": 0.29194578528404236, "0131_memory": 0.3986583650112152, "0132_memory": 0.3770141303539276, "0133_memory": 0.36373329162597656, "0134_memory": 0.3806593418121338, "0135_memory": 0.41484618186950684, "0136_memory": 0.42739295959472656, "0137_memory": 0.3619524836540222, "0138_memory": 0.4903617203235626, "0139_memory": 0.38931044936180115, "0140_memory": 0.3738095164299011, "0141_memory": 0.44540995359420776, "0142_memory": 0.46999454498291016, "0143_memory": 0.4700479507446289, "0144_memory": 0.4685840606689453, "0145_memory": 0.49783656001091003}