{"0001_memory": 0.48177483677864075, "0002_memory": 0.40238654613494873, "0003_memory": 0.47374796867370605, "0004_memory": 0.40022242069244385, "0005_memory": 0.43192631006240845, "0006_memory": 0.27954721450805664, "0007_memory": 0.3219767212867737, "0008_memory": 0.45259368419647217, "0009_memory": 0.41210561990737915, "0010_memory": 0.2005680501461029, "0011_memory": 0.4465887248516083, "0012_memory": 0.42445433139801025, "0013_memory": 0.28961604833602905, "0014_memory": 0.40077662467956543, "0015_memory": 0.46411454677581787, "0016_memory": 0.48915907740592957, "0017_memory": 0.47222480177879333, "0018_memory": 0.37744802236557007, "0019_memory": 0.3721504211425781, "0020_memory": 0.37016987800598145, "0021_memory": 0.33654922246932983, "0022_memory": 0.3338411748409271, "0023_memory": 0.38425490260124207, "0024_memory": 0.39225253462791443, "0025_memory": 0.37554842233657837, "0026_memory": 0.3912968039512634, "0027_memory": 0.465139776468277, "0028_memory": 0.2675730586051941, "0029_memory": 0.4157285690307617, "0030_memory": 0.4768795967102051, "0031_memory": 0.4339059591293335, "0032_memory": 0.4155397415161133, "0033_memory": 0.44234317541122437, "0034_memory": 0.39058035612106323, "0035_memory": 0.43245333433151245, "0036_memory": 0.41460731625556946, "0037_memory": 0.41431450843811035, "0038_memory": 0.42449769377708435, "0039_memory": 0.4058379530906677, "0040_memory": 0.41227272152900696, "0041_memory": 0.42193761467933655, "0042_memory": 0.43143635988235474, "0043_memory": 0.37866368889808655, "0044_memory": 0.372023344039917, "0045_memory": 0.40453091263771057, "0046_memory": 0.3937720060348511, "0047_memory": 0.40946418046951294, "0048_memory": 0.3357503414154053, "0049_memory": 0.24886897206306458, "0050_memory": 0.47692859172821045, "0051_memory": 0.35811281204223633, "0052_memory": 0.41110730171203613, "0053_memory": 0.4647846817970276, "0054_memory": 0.3839053213596344, "0055_memory": 0.36002153158187866, "0056_memory": 0.43797722458839417, "0057_memory": 0.342070609331131, "0058_memory": 0.47341805696487427, "0059_memory": 0.47008633613586426, "0060_memory": 0.3083335757255554, "0061_memory": 0.38649168610572815, "0062_memory": 0.39977043867111206, "0063_memory": 0.3953173756599426, "0064_memory": 0.3641206622123718, "0065_memory": 0.4309805631637573, "0066_memory": 0.37545210123062134, "0067_memory": 0.3893776834011078, "0068_memory": 0.4716040790081024, "0069_memory": 0.45479267835617065, "0070_memory": 0.3951306939125061, "0071_memory": 0.38187822699546814, "0072_memory": 0.5020719766616821, "0073_memory": 0.27608102560043335, "0074_memory": 0.39339679479599, "0075_memory": 0.328879177570343, "0076_memory": 0.41499102115631104, "0077_memory": 0.4361618757247925, "0078_memory": 0.3809937834739685, "0079_memory": 0.3532737195491791, "0080_memory": 0.3596411347389221, "0081_memory": 0.4131513833999634, "0082_memory": 0.46594884991645813, "0083_memory": 0.36263835430145264, "0084_memory": 0.4387579560279846, "0085_memory": 0.3123991787433624, "0086_memory": 0.3715708255767822, "0087_memory": 0.47511816024780273, "0088_memory": 0.41031450033187866, "0089_memory": 0.36702489852905273, "0090_memory": 0.4499759078025818, "0091_memory": 0.4429357647895813, "0092_memory": 0.399761825799942, "0093_memory": 0.4179774522781372, "0094_memory": 0.3854612410068512, "0095_memory": 0.4204186797142029, "0096_memory": 0.3978234827518463, "0097_memory": 0.4139373302459717, "0098_memory": 0.41528141498565674, "0099_memory": 0.38112813234329224, "0100_memory": 0.37860196828842163, "0101_memory": 0.38539546728134155, "0102_memory": 0.34876030683517456, "0103_memory": 0.4095779061317444, "0104_memory": 0.4335628151893616, "0105_memory": 0.4131040573120117, "0106_memory": 0.3524777293205261, "0107_memory": 0.432156503200531, "0108_memory": 0.33340227603912354, "0109_memory": 0.39734262228012085, "0110_memory": 0.3999582529067993, "0111_memory": 0.33989065885543823, "0112_memory": 0.29567915201187134, "0113_memory": 0.34775930643081665, "0114_memory": 0.3650103509426117, "0115_memory": 0.3775206208229065, "0116_memory": 0.3786184787750244, "0117_memory": 0.3077036738395691, "0118_memory": 0.35511600971221924, "0119_memory": 0.41131600737571716, "0120_memory": 0.38717418909072876, "0121_memory": 0.36372584104537964, "0122_memory": 0.36452051997184753, "0123_memory": 0.03162278234958649, "0124_memory": 0.33685487508773804, "0125_memory": 0.40364930033683777, "0126_memory": 0.38203123211860657, "0127_memory": 0.4189632534980774, "0128_memory": 0.39605849981307983, "0129_memory": 0.4111672639846802, "0130_memory": 0.4037632942199707, "0131_memory": 0.31767332553863525, "0132_memory": 0.3373074233531952, "0133_memory": 0.3793357014656067, "0134_memory": 0.3436250686645508, "0135_memory": 0.3547685146331787, "0136_memory": 0.3986082077026367, "0137_memory": 0.38564231991767883, "0138_memory": 0.4789653718471527, "0139_memory": 0.33119872212409973, "0140_memory": 0.364801824092865, "0141_memory": 0.41170936822891235, "0142_memory": 0.4439212679862976, "0143_memory": 0.4534091651439667, "0144_memory": 0.4465688467025757, "0145_memory": 0.49547433853149414}