{"0001_memory": 0.4788675904273987, "0002_memory": 0.36452895402908325, "0003_memory": 0.4620116055011749, "0004_memory": 0.41760241985321045, "0005_memory": 0.41014111042022705, "0006_memory": 0.3204164505004883, "0007_memory": 0.2728460431098938, "0008_memory": 0.45921099185943604, "0009_memory": 0.37196508049964905, "0010_memory": 0.319635808467865, "0011_memory": 0.4497030973434448, "0012_memory": 0.4047708511352539, "0013_memory": 0.3109131455421448, "0014_memory": 0.392630398273468, "0015_memory": 0.45359015464782715, "0016_memory": 0.48641058802604675, "0017_memory": 0.4636072516441345, "0018_memory": 0.32679688930511475, "0019_memory": 0.3221125602722168, "0020_memory": 0.3290637135505676, "0021_memory": 0.34761422872543335, "0022_memory": 0.03162278234958649, "0023_memory": 0.37046074867248535, "0024_memory": 0.3593182861804962, "0025_memory": 0.3659451901912689, "0026_memory": 0.37795963883399963, "0027_memory": 0.4418889582157135, "0028_memory": 0.3381434679031372, "0029_memory": 0.3755279779434204, "0030_memory": 0.44701021909713745, "0031_memory": 0.3932366967201233, "0032_memory": 0.3876901865005493, "0033_memory": 0.43641120195388794, "0034_memory": 0.35220086574554443, "0035_memory": 0.4126020669937134, "0036_memory": 0.4166984558105469, "0037_memory": 0.3791384696960449, "0038_memory": 0.42448922991752625, "0039_memory": 0.3647475838661194, "0040_memory": 0.37893056869506836, "0041_memory": 0.3835647702217102, "0042_memory": 0.3987675905227661, "0043_memory": 0.3208606243133545, "0044_memory": 0.32523810863494873, "0045_memory": 0.3800737261772156, "0046_memory": 0.38868802785873413, "0047_memory": 0.37146711349487305, "0048_memory": 0.2252921164035797, "0049_memory": 0.33685773611068726, "0050_memory": 0.4459953308105469, "0051_memory": 0.3169463276863098, "0052_memory": 0.3879142999649048, "0053_memory": 0.4692031145095825, "0054_memory": 0.3810496926307678, "0055_memory": 0.3373069167137146, "0056_memory": 0.4136841297149658, "0057_memory": 0.23879331350326538, "0058_memory": 0.4490896761417389, "0059_memory": 0.4533070921897888, "0060_memory": 0.3168395459651947, "0061_memory": 0.3442973494529724, "0062_memory": 0.3674899935722351, "0063_memory": 0.3640395998954773, "0064_memory": 0.31918734312057495, "0065_memory": 0.4297267198562622, "0066_memory": 0.3747594654560089, "0067_memory": 0.3858579993247986, "0068_memory": 0.46404027938842773, "0069_memory": 0.4351148009300232, "0070_memory": 0.3960549235343933, "0071_memory": 0.33219796419143677, "0072_memory": 0.4986768960952759, "0073_memory": 0.3273489475250244, "0074_memory": 0.37470847368240356, "0075_memory": 0.3431381285190582, "0076_memory": 0.3832240700721741, "0077_memory": 0.39601171016693115, "0078_memory": 0.35810497403144836, "0079_memory": 0.3697192966938019, "0080_memory": 0.36925840377807617, "0081_memory": 0.3843541741371155, "0082_memory": 0.46287864446640015, "0083_memory": 0.38799920678138733, "0084_memory": 0.41264960169792175, "0085_memory": 0.2919219136238098, "0086_memory": 0.36989283561706543, "0087_memory": 0.4733508229255676, "0088_memory": 0.3635866045951843, "0089_memory": 0.32145968079566956, "0090_memory": 0.4444296658039093, "0091_memory": 0.41481149196624756, "0092_memory": 0.41149193048477173, "0093_memory": 0.3965914845466614, "0094_memory": 0.35196539759635925, "0095_memory": 0.3881092369556427, "0096_memory": 0.3610040247440338, "0097_memory": 0.38643544912338257, "0098_memory": 0.38018959760665894, "0099_memory": 0.3489527702331543, "0100_memory": 0.33932268619537354, "0101_memory": 0.3525867462158203, "0102_memory": 0.34687820076942444, "0103_memory": 0.3613283038139343, "0104_memory": 0.4185233414173126, "0105_memory": 0.4144442081451416, "0106_memory": 0.38182532787323, "0107_memory": 0.40250200033187866, "0108_memory": 0.2803754210472107, "0109_memory": 0.3701372742652893, "0110_memory": 0.38198918104171753, "0111_memory": 0.27824509143829346, "0112_memory": 0.32006531953811646, "0113_memory": 0.27452126145362854, "0114_memory": 0.36006277799606323, "0115_memory": 0.32699811458587646, "0116_memory": 0.33440446853637695, "0117_memory": 0.34192782640457153, "0118_memory": 0.29112064838409424, "0119_memory": 0.38892483711242676, "0120_memory": 0.3490399718284607, "0121_memory": 0.35250943899154663, "0122_memory": 0.3739667534828186, "0123_memory": 0.3338411748409271, "0124_memory": 0.2773303985595703, "0125_memory": 0.3691888451576233, "0126_memory": 0.3412333130836487, "0127_memory": 0.3576294779777527, "0128_memory": 0.3546062111854553, "0129_memory": 0.3649274408817291, "0130_memory": 0.38709646463394165, "0131_memory": 0.3480139970779419, "0132_memory": 0.20373587310314178, "0133_memory": 0.36196625232696533, "0134_memory": 0.29814234375953674, "0135_memory": 0.37908220291137695, "0136_memory": 0.38922014832496643, "0137_memory": 0.3412366211414337, "0138_memory": 0.47484472393989563, "0139_memory": 0.3549439311027527, "0140_memory": 0.35535353422164917, "0141_memory": 0.41866838932037354, "0142_memory": 0.4532838463783264, "0143_memory": 0.4608570337295532, "0144_memory": 0.4542040228843689, "0145_memory": 0.4920688271522522}