{"0001_memory": 0.4510835111141205, "0002_memory": 0.38036227226257324, "0003_memory": 0.45260775089263916, "0004_memory": 0.37940698862075806, "0005_memory": 0.4135926067829132, "0006_memory": 0.34040892124176025, "0007_memory": 0.34012284874916077, "0008_memory": 0.42439064383506775, "0009_memory": 0.3786284923553467, "0010_memory": 0.33134669065475464, "0011_memory": 0.41181090474128723, "0012_memory": 0.41390901803970337, "0013_memory": 0.33562934398651123, "0014_memory": 0.3536648154258728, "0015_memory": 0.44275104999542236, "0016_memory": 0.4587253928184509, "0017_memory": 0.45664605498313904, "0018_memory": 0.3738763928413391, "0019_memory": 0.3479465842247009, "0020_memory": 0.36219340562820435, "0021_memory": 0.22316965460777283, "0022_memory": 0.3431381285190582, "0023_memory": 0.3905879259109497, "0024_memory": 0.3800010085105896, "0025_memory": 0.3913336396217346, "0026_memory": 0.3361201286315918, "0027_memory": 0.4615286588668823, "0028_memory": 0.34689754247665405, "0029_memory": 0.38234829902648926, "0030_memory": 0.45628678798675537, "0031_memory": 0.40247204899787903, "0032_memory": 0.39154139161109924, "0033_memory": 0.401787668466568, "0034_memory": 0.3917861580848694, "0035_memory": 0.41059356927871704, "0036_memory": 0.3870044946670532, "0037_memory": 0.4020589590072632, "0038_memory": 0.3908224105834961, "0039_memory": 0.381492555141449, "0040_memory": 0.39425885677337646, "0041_memory": 0.41062718629837036, "0042_memory": 0.40505218505859375, "0043_memory": 0.3591204881668091, "0044_memory": 0.3432040214538574, "0045_memory": 0.3760438561439514, "0046_memory": 0.4079256057739258, "0047_memory": 0.3779987692832947, "0048_memory": 0.3449690341949463, "0049_memory": 0.3079613745212555, "0050_memory": 0.4494032859802246, "0051_memory": 0.3788091838359833, "0052_memory": 0.40747177600860596, "0053_memory": 0.4387124180793762, "0054_memory": 0.3901095986366272, "0055_memory": 0.3633725047111511, "0056_memory": 0.42209571599960327, "0057_memory": 0.3439827561378479, "0058_memory": 0.4455737769603729, "0059_memory": 0.444452166557312, "0060_memory": 0.34833651781082153, "0061_memory": 0.3653126358985901, "0062_memory": 0.39570364356040955, "0063_memory": 0.397163987159729, "0064_memory": 0.3776901364326477, "0065_memory": 0.39961105585098267, "0066_memory": 0.3228473663330078, "0067_memory": 0.3346403241157532, "0068_memory": 0.45495569705963135, "0069_memory": 0.4516485929489136, "0070_memory": 0.406912624835968, "0071_memory": 0.3775988817214966, "0072_memory": 0.46492648124694824, "0073_memory": 0.28183412551879883, "0074_memory": 0.39717334508895874, "0075_memory": 0.03162278234958649, "0076_memory": 0.39775151014328003, "0077_memory": 0.4210534691810608, "0078_memory": 0.3741871118545532, "0079_memory": 0.28017038106918335, "0080_memory": 0.31051206588745117, "0081_memory": 0.40753549337387085, "0082_memory": 0.43281030654907227, "0083_memory": 0.31663233041763306, "0084_memory": 0.41789883375167847, "0085_memory": 0.33879998326301575, "0086_memory": 0.31852585077285767, "0087_memory": 0.4438167214393616, "0088_memory": 0.3816610872745514, "0089_memory": 0.3812153935432434, "0090_memory": 0.4028191566467285, "0091_memory": 0.4205000698566437, "0092_memory": 0.3710370659828186, "0093_memory": 0.41967371106147766, "0094_memory": 0.3940141797065735, "0095_memory": 0.40410736203193665, "0096_memory": 0.3788295388221741, "0097_memory": 0.38706672191619873, "0098_memory": 0.3947466015815735, "0099_memory": 0.38239192962646484, "0100_memory": 0.36264219880104065, "0101_memory": 0.3743039071559906, "0102_memory": 0.2614578604698181, "0103_memory": 0.39104652404785156, "0104_memory": 0.42929598689079285, "0105_memory": 0.38711488246917725, "0106_memory": 0.30218976736068726, "0107_memory": 0.40975421667099, "0108_memory": 0.34722083806991577, "0109_memory": 0.39851534366607666, "0110_memory": 0.396864652633667, "0111_memory": 0.36301806569099426, "0112_memory": 0.28328609466552734, "0113_memory": 0.3604077696800232, "0114_memory": 0.3815135061740875, "0115_memory": 0.3533095419406891, "0116_memory": 0.38880765438079834, "0117_memory": 0.28069067001342773, "0118_memory": 0.3737499713897705, "0119_memory": 0.40656575560569763, "0120_memory": 0.3781384229660034, "0121_memory": 0.3746555745601654, "0122_memory": 0.31472015380859375, "0123_memory": 0.328879177570343, "0124_memory": 0.35712099075317383, "0125_memory": 0.38461971282958984, "0126_memory": 0.37495774030685425, "0127_memory": 0.40049076080322266, "0128_memory": 0.3852873742580414, "0129_memory": 0.40189462900161743, "0130_memory": 0.40587109327316284, "0131_memory": 0.27347391843795776, "0132_memory": 0.3490714430809021, "0133_memory": 0.3811509609222412, "0134_memory": 0.3666035532951355, "0135_memory": 0.2896929979324341, "0136_memory": 0.3496778607368469, "0137_memory": 0.3588673174381256, "0138_memory": 0.4480704665184021, "0139_memory": 0.20801173150539398, "0140_memory": 0.3593294620513916, "0141_memory": 0.38660091161727905, "0142_memory": 0.4143986999988556, "0143_memory": 0.42859721183776855, "0144_memory": 0.41074639558792114, "0145_memory": 0.4623551368713379}