{"0001_memory": 0.4919207692146301, "0002_memory": 0.43133825063705444, "0003_memory": 0.3233165740966797, "0004_memory": 0.4838497042655945, "0005_memory": 0.36186373233795166, "0006_memory": 0.4714341163635254, "0007_memory": 0.4605830907821655, "0008_memory": 0.4891819953918457, "0009_memory": 0.41618919372558594, "0010_memory": 0.4712374806404114, "0011_memory": 0.490101158618927, "0012_memory": 0.3911464810371399, "0013_memory": 0.46650463342666626, "0014_memory": 0.47089511156082153, "0015_memory": 0.32131075859069824, "0016_memory": 0.49935147166252136, "0017_memory": 0.3438154458999634, "0018_memory": 0.4537516236305237, "0019_memory": 0.4375454783439636, "0020_memory": 0.4429044723510742, "0021_memory": 0.4455106556415558, "0022_memory": 0.4490896761417389, "0023_memory": 0.43036019802093506, "0024_memory": 0.42177075147628784, "0025_memory": 0.431720495223999, "0026_memory": 0.4528124928474426, "0027_memory": 0.35191482305526733, "0028_memory": 0.48109740018844604, "0029_memory": 0.4124987721443176, "0030_memory": 0.32349997758865356, "0031_memory": 0.3723364472389221, "0032_memory": 0.4330834746360779, "0033_memory": 0.4941216707229614, "0034_memory": 0.4448480010032654, "0035_memory": 0.36201250553131104, "0036_memory": 0.48544031381607056, "0037_memory": 0.3942136764526367, "0038_memory": 0.48649412393569946, "0039_memory": 0.431257426738739, "0040_memory": 0.39199554920196533, "0041_memory": 0.3965078592300415, "0042_memory": 0.3708753287792206, "0043_memory": 0.4416801333427429, "0044_memory": 0.4333737790584564, "0045_memory": 0.42511945962905884, "0046_memory": 0.41350555419921875, "0047_memory": 0.43933621048927307, "0048_memory": 0.45969992876052856, "0049_memory": 0.46704554557800293, "0050_memory": 0.28175675868988037, "0051_memory": 0.4595519006252289, "0052_memory": 0.39114415645599365, "0053_memory": 0.49016302824020386, "0054_memory": 0.46984797716140747, "0055_memory": 0.4415714740753174, "0056_memory": 0.37242379784584045, "0057_memory": 0.4496805667877197, "0058_memory": 0.03162278234958649, "0059_memory": 0.2802661061286926, "0060_memory": 0.479704886674881, "0061_memory": 0.4424239993095398, "0062_memory": 0.4424639344215393, "0063_memory": 0.4448033571243286, "0064_memory": 0.4566119909286499, "0065_memory": 0.48891592025756836, "0066_memory": 0.45407992601394653, "0067_memory": 0.4626519978046417, "0068_memory": 0.3417028784751892, "0069_memory": 0.3624565601348877, "0070_memory": 0.43909722566604614, "0071_memory": 0.437799334526062, "0072_memory": 0.5111936330795288, "0073_memory": 0.4584141969680786, "0074_memory": 0.4388808012008667, "0075_memory": 0.4455737769603729, "0076_memory": 0.41330569982528687, "0077_memory": 0.3869817852973938, "0078_memory": 0.45300203561782837, "0079_memory": 0.45479616522789, "0080_memory": 0.45411616563796997, "0081_memory": 0.41224509477615356, "0082_memory": 0.4837277829647064, "0083_memory": 0.4602276384830475, "0084_memory": 0.3529496192932129, "0085_memory": 0.4687236547470093, "0086_memory": 0.449924498796463, "0087_memory": 0.4909781217575073, "0088_memory": 0.41721534729003906, "0089_memory": 0.4659917950630188, "0090_memory": 0.4925188422203064, "0091_memory": 0.36542853713035583, "0092_memory": 0.47900304198265076, "0093_memory": 0.39762288331985474, "0094_memory": 0.4415900707244873, "0095_memory": 0.4111008644104004, "0096_memory": 0.42530351877212524, "0097_memory": 0.4327448606491089, "0098_memory": 0.4154953956604004, "0099_memory": 0.4442041516304016, "0100_memory": 0.4457682967185974, "0101_memory": 0.45311859250068665, "0102_memory": 0.4527444541454315, "0103_memory": 0.44108009338378906, "0104_memory": 0.3621266484260559, "0105_memory": 0.4850267767906189, "0106_memory": 0.45886123180389404, "0107_memory": 0.37206923961639404, "0108_memory": 0.46722325682640076, "0109_memory": 0.4435552954673767, "0110_memory": 0.4087020456790924, "0111_memory": 0.4539474844932556, "0112_memory": 0.45439857244491577, "0113_memory": 0.4518622159957886, "0114_memory": 0.4513702094554901, "0115_memory": 0.44157981872558594, "0116_memory": 0.4672766923904419, "0117_memory": 0.45981651544570923, "0118_memory": 0.45511239767074585, "0119_memory": 0.44179055094718933, "0120_memory": 0.4390115737915039, "0121_memory": 0.44907617568969727, "0122_memory": 0.4494091868400574, "0123_memory": 0.47341805696487427, "0124_memory": 0.4593110680580139, "0125_memory": 0.4312986731529236, "0126_memory": 0.45054107904434204, "0127_memory": 0.3994683623313904, "0128_memory": 0.43012452125549316, "0129_memory": 0.40972843766212463, "0130_memory": 0.42235279083251953, "0131_memory": 0.46303319931030273, "0132_memory": 0.45572274923324585, "0133_memory": 0.46041667461395264, "0134_memory": 0.4554998278617859, "0135_memory": 0.4595411717891693, "0136_memory": 0.4719557762145996, "0137_memory": 0.4417963922023773, "0138_memory": 0.4957677721977234, "0139_memory": 0.45662805438041687, "0140_memory": 0.4537884593009949, "0141_memory": 0.4832168221473694, "0142_memory": 0.4901965260505676, "0143_memory": 0.48546671867370605, "0144_memory": 0.485390841960907, "0145_memory": 0.5009843707084656}