{"0001_memory": 0.4864996075630188, "0002_memory": 0.3890215754508972, "0003_memory": 0.4765368700027466, "0004_memory": 0.39763957262039185, "0005_memory": 0.4304051101207733, "0006_memory": 0.26353269815444946, "0007_memory": 0.2855977416038513, "0008_memory": 0.45402127504348755, "0009_memory": 0.40445154905319214, "0010_memory": 0.30184024572372437, "0011_memory": 0.4495803117752075, "0012_memory": 0.41188812255859375, "0013_memory": 0.21806013584136963, "0014_memory": 0.39209824800491333, "0015_memory": 0.4686470627784729, "0016_memory": 0.4859272241592407, "0017_memory": 0.4771635830402374, "0018_memory": 0.3627963364124298, "0019_memory": 0.3742695450782776, "0020_memory": 0.3752492666244507, "0021_memory": 0.34979763627052307, "0022_memory": 0.3168395459651947, "0023_memory": 0.3911391496658325, "0024_memory": 0.3920322060585022, "0025_memory": 0.3955076038837433, "0026_memory": 0.3998183608055115, "0027_memory": 0.4621352553367615, "0028_memory": 0.28554561734199524, "0029_memory": 0.4094659388065338, "0030_memory": 0.4738640785217285, "0031_memory": 0.42610159516334534, "0032_memory": 0.399721622467041, "0033_memory": 0.43882107734680176, "0034_memory": 0.39252138137817383, "0035_memory": 0.4348567724227905, "0036_memory": 0.4202260375022888, "0037_memory": 0.41035574674606323, "0038_memory": 0.43444135785102844, "0039_memory": 0.39870643615722656, "0040_memory": 0.4125005006790161, "0041_memory": 0.4132964611053467, "0042_memory": 0.4284358024597168, "0043_memory": 0.34784966707229614, "0044_memory": 0.3704485297203064, "0045_memory": 0.39398616552352905, "0046_memory": 0.3975507318973541, "0047_memory": 0.4020698070526123, "0048_memory": 0.31180092692375183, "0049_memory": 0.31539759039878845, "0050_memory": 0.47682273387908936, "0051_memory": 0.34621959924697876, "0052_memory": 0.4074662923812866, "0053_memory": 0.46965911984443665, "0054_memory": 0.37371811270713806, "0055_memory": 0.36893728375434875, "0056_memory": 0.42523664236068726, "0057_memory": 0.3287569284439087, "0058_memory": 0.479704886674881, "0059_memory": 0.47682201862335205, "0060_memory": 0.03162278234958649, "0061_memory": 0.38128429651260376, "0062_memory": 0.38971930742263794, "0063_memory": 0.38530611991882324, "0064_memory": 0.3294564485549927, "0065_memory": 0.44105467200279236, "0066_memory": 0.38630014657974243, "0067_memory": 0.39685702323913574, "0068_memory": 0.47404131293296814, "0069_memory": 0.4518577754497528, "0070_memory": 0.4001041650772095, "0071_memory": 0.3823931813240051, "0072_memory": 0.49997228384017944, "0073_memory": 0.3210027515888214, "0074_memory": 0.3890380263328552, "0075_memory": 0.34833651781082153, "0076_memory": 0.4002825617790222, "0077_memory": 0.41797327995300293, "0078_memory": 0.36353421211242676, "0079_memory": 0.3500765562057495, "0080_memory": 0.36548078060150146, "0081_memory": 0.39540916681289673, "0082_memory": 0.4724045395851135, "0083_memory": 0.37599417567253113, "0084_memory": 0.43686822056770325, "0085_memory": 0.23949970304965973, "0086_memory": 0.3853190541267395, "0087_memory": 0.47881895303726196, "0088_memory": 0.39908820390701294, "0089_memory": 0.3438100218772888, "0090_memory": 0.4483560621738434, "0091_memory": 0.44253408908843994, "0092_memory": 0.394223153591156, "0093_memory": 0.4103413224220276, "0094_memory": 0.37804603576660156, "0095_memory": 0.4117994010448456, "0096_memory": 0.39904987812042236, "0097_memory": 0.39268651604652405, "0098_memory": 0.41115036606788635, "0099_memory": 0.38345658779144287, "0100_memory": 0.37442702054977417, "0101_memory": 0.3775593042373657, "0102_memory": 0.3537949323654175, "0103_memory": 0.3989499807357788, "0104_memory": 0.4377083480358124, "0105_memory": 0.42131322622299194, "0106_memory": 0.36583083868026733, "0107_memory": 0.41735613346099854, "0108_memory": 0.2972395420074463, "0109_memory": 0.38486793637275696, "0110_memory": 0.403567373752594, "0111_memory": 0.33649319410324097, "0112_memory": 0.32828617095947266, "0113_memory": 0.3329131007194519, "0114_memory": 0.36942505836486816, "0115_memory": 0.3647174835205078, "0116_memory": 0.35541439056396484, "0117_memory": 0.3372161388397217, "0118_memory": 0.3368566632270813, "0119_memory": 0.3878380060195923, "0120_memory": 0.38501492142677307, "0121_memory": 0.3580509424209595, "0122_memory": 0.377907931804657, "0123_memory": 0.3083335757255554, "0124_memory": 0.3332808017730713, "0125_memory": 0.40225836634635925, "0126_memory": 0.3756396472454071, "0127_memory": 0.40275654196739197, "0128_memory": 0.4024842381477356, "0129_memory": 0.4124371409416199, "0130_memory": 0.406269907951355, "0131_memory": 0.35038506984710693, "0132_memory": 0.32703542709350586, "0133_memory": 0.3651174306869507, "0134_memory": 0.33918464183807373, "0135_memory": 0.35677582025527954, "0136_memory": 0.4048019051551819, "0137_memory": 0.36497581005096436, "0138_memory": 0.48230934143066406, "0139_memory": 0.35042285919189453, "0140_memory": 0.3704086244106293, "0141_memory": 0.4254985451698303, "0142_memory": 0.4399760365486145, "0143_memory": 0.45817530155181885, "0144_memory": 0.44544702768325806, "0145_memory": 0.493145614862442}