{"0001_memory": 0.48763781785964966, "0002_memory": 0.43996381759643555, "0003_memory": 0.32159098982810974, "0004_memory": 0.4786606431007385, "0005_memory": 0.3857094347476959, "0006_memory": 0.45881038904190063, "0007_memory": 0.4549502730369568, "0008_memory": 0.4848712384700775, "0009_memory": 0.42848801612854004, "0010_memory": 0.4604833722114563, "0011_memory": 0.48250842094421387, "0012_memory": 0.40975600481033325, "0013_memory": 0.45653456449508667, "0014_memory": 0.46570366621017456, "0015_memory": 0.03162278234958649, "0016_memory": 0.49149996042251587, "0017_memory": 0.29234766960144043, "0018_memory": 0.46189403533935547, "0019_memory": 0.4427119493484497, "0020_memory": 0.4493708610534668, "0021_memory": 0.4445248246192932, "0022_memory": 0.45359015464782715, "0023_memory": 0.4313191771507263, "0024_memory": 0.4259616434574127, "0025_memory": 0.43087074160575867, "0026_memory": 0.45500558614730835, "0027_memory": 0.3708755373954773, "0028_memory": 0.46877944469451904, "0029_memory": 0.43139535188674927, "0030_memory": 0.3607320785522461, "0031_memory": 0.3939397931098938, "0032_memory": 0.4356899857521057, "0033_memory": 0.484351247549057, "0034_memory": 0.44983744621276855, "0035_memory": 0.3661532998085022, "0036_memory": 0.4824443459510803, "0037_memory": 0.39915645122528076, "0038_memory": 0.48310399055480957, "0039_memory": 0.4416464567184448, "0040_memory": 0.3953770101070404, "0041_memory": 0.4033375084400177, "0042_memory": 0.3965124487876892, "0043_memory": 0.4515106678009033, "0044_memory": 0.4395703077316284, "0045_memory": 0.4214857220649719, "0046_memory": 0.42443954944610596, "0047_memory": 0.4463694989681244, "0048_memory": 0.4584372043609619, "0049_memory": 0.4590599834918976, "0050_memory": 0.35239535570144653, "0051_memory": 0.4663538336753845, "0052_memory": 0.39977598190307617, "0053_memory": 0.4867504835128784, "0054_memory": 0.45993512868881226, "0055_memory": 0.44425249099731445, "0056_memory": 0.38589972257614136, "0057_memory": 0.4527587592601776, "0058_memory": 0.32131075859069824, "0059_memory": 0.324889600276947, "0060_memory": 0.4686470627784729, "0061_memory": 0.444935142993927, "0062_memory": 0.45632800459861755, "0063_memory": 0.4593586325645447, "0064_memory": 0.4661722779273987, "0065_memory": 0.48257988691329956, "0066_memory": 0.452156126499176, "0067_memory": 0.4622471332550049, "0068_memory": 0.31529760360717773, "0069_memory": 0.3833727538585663, "0070_memory": 0.4421907067298889, "0071_memory": 0.44440287351608276, "0072_memory": 0.5019882917404175, "0073_memory": 0.4552103877067566, "0074_memory": 0.43659377098083496, "0075_memory": 0.44275104999542236, "0076_memory": 0.4093748927116394, "0077_memory": 0.4049174189567566, "0078_memory": 0.4445432722568512, "0079_memory": 0.4563888609409332, "0080_memory": 0.4551462233066559, "0081_memory": 0.413982093334198, "0082_memory": 0.4797099232673645, "0083_memory": 0.4621945917606354, "0084_memory": 0.36053574085235596, "0085_memory": 0.4602842330932617, "0086_memory": 0.45047205686569214, "0087_memory": 0.48725423216819763, "0088_memory": 0.4220286011695862, "0089_memory": 0.4733000695705414, "0090_memory": 0.4846179485321045, "0091_memory": 0.37561652064323425, "0092_memory": 0.4743133783340454, "0093_memory": 0.4094637632369995, "0094_memory": 0.4549708068370819, "0095_memory": 0.4095105528831482, "0096_memory": 0.43592369556427, "0097_memory": 0.43680715560913086, "0098_memory": 0.4349299669265747, "0099_memory": 0.4513283371925354, "0100_memory": 0.44594666361808777, "0101_memory": 0.4474899470806122, "0102_memory": 0.4540248513221741, "0103_memory": 0.45206156373023987, "0104_memory": 0.375293493270874, "0105_memory": 0.48202571272850037, "0106_memory": 0.4566382169723511, "0107_memory": 0.3963732123374939, "0108_memory": 0.46284401416778564, "0109_memory": 0.4601096510887146, "0110_memory": 0.42719343304634094, "0111_memory": 0.4558279514312744, "0112_memory": 0.45244818925857544, "0113_memory": 0.45706993341445923, "0114_memory": 0.4460807740688324, "0115_memory": 0.4526641368865967, "0116_memory": 0.47381556034088135, "0117_memory": 0.45906728506088257, "0118_memory": 0.463147908449173, "0119_memory": 0.44406944513320923, "0120_memory": 0.44803526997566223, "0121_memory": 0.44753438234329224, "0122_memory": 0.4542764127254486, "0123_memory": 0.46411454677581787, "0124_memory": 0.46242403984069824, "0125_memory": 0.43854039907455444, "0126_memory": 0.44450896978378296, "0127_memory": 0.39640289545059204, "0128_memory": 0.4394056797027588, "0129_memory": 0.4299542307853699, "0130_memory": 0.4362167418003082, "0131_memory": 0.45891326665878296, "0132_memory": 0.4566569924354553, "0133_memory": 0.45343613624572754, "0134_memory": 0.4602368474006653, "0135_memory": 0.45998066663742065, "0136_memory": 0.4652309715747833, "0137_memory": 0.4476550817489624, "0138_memory": 0.4900266230106354, "0139_memory": 0.4520415961742401, "0140_memory": 0.4546160101890564, "0141_memory": 0.48063671588897705, "0142_memory": 0.48304587602615356, "0143_memory": 0.48217615485191345, "0144_memory": 0.4800865650177002, "0145_memory": 0.48632535338401794}