{"0001_memory": 0.4993935227394104, "0002_memory": 0.32115042209625244, "0003_memory": 0.4500637650489807, "0004_memory": 0.44261467456817627, "0005_memory": 0.3772111237049103, "0006_memory": 0.3784232437610626, "0007_memory": 0.3649793565273285, "0008_memory": 0.47175851464271545, "0009_memory": 0.34444695711135864, "0010_memory": 0.38550978899002075, "0011_memory": 0.47307831048965454, "0012_memory": 0.37797558307647705, "0013_memory": 0.3684585690498352, "0014_memory": 0.4318619668483734, "0015_memory": 0.4593586325645447, "0016_memory": 0.5069564580917358, "0017_memory": 0.46634212136268616, "0018_memory": 0.3467380404472351, "0019_memory": 0.35262298583984375, "0020_memory": 0.34655851125717163, "0021_memory": 0.38371771574020386, "0022_memory": 0.3640395998954773, "0023_memory": 0.3116818070411682, "0024_memory": 0.32222780585289, "0025_memory": 0.29036107659339905, "0026_memory": 0.41807323694229126, "0027_memory": 0.43046244978904724, "0028_memory": 0.390001505613327, "0029_memory": 0.3482292890548706, "0030_memory": 0.44405829906463623, "0031_memory": 0.3810237646102905, "0032_memory": 0.34670290350914, "0033_memory": 0.47330090403556824, "0034_memory": 0.3062247931957245, "0035_memory": 0.40771567821502686, "0036_memory": 0.45946982502937317, "0037_memory": 0.37069547176361084, "0038_memory": 0.45834881067276, "0039_memory": 0.30238020420074463, "0040_memory": 0.3734927773475647, "0041_memory": 0.38204798102378845, "0042_memory": 0.36390018463134766, "0043_memory": 0.3564673662185669, "0044_memory": 0.3535081148147583, "0045_memory": 0.3444812297821045, "0046_memory": 0.33207088708877563, "0047_memory": 0.3181670904159546, "0048_memory": 0.3799144923686981, "0049_memory": 0.3969210386276245, "0050_memory": 0.44447749853134155, "0051_memory": 0.33955174684524536, "0052_memory": 0.35645467042922974, "0053_memory": 0.48158666491508484, "0054_memory": 0.3378874659538269, "0055_memory": 0.3333684504032135, "0056_memory": 0.39517486095428467, "0057_memory": 0.35346686840057373, "0058_memory": 0.4448033571243286, "0059_memory": 0.4454752802848816, "0060_memory": 0.38530611991882324, "0061_memory": 0.32702937722206116, "0062_memory": 0.2758704125881195, "0063_memory": 0.03162278234958649, "0064_memory": 0.3438832759857178, "0065_memory": 0.4707694947719574, "0066_memory": 0.4143720865249634, "0067_memory": 0.42015764117240906, "0068_memory": 0.45232468843460083, "0069_memory": 0.42077958583831787, "0070_memory": 0.3326781392097473, "0071_memory": 0.3134952485561371, "0072_memory": 0.5195742249488831, "0073_memory": 0.3906670808792114, "0074_memory": 0.3128455579280853, "0075_memory": 0.397163987159729, "0076_memory": 0.36299699544906616, "0077_memory": 0.3885178565979004, "0078_memory": 0.3390510082244873, "0079_memory": 0.4005277752876282, "0080_memory": 0.40575823187828064, "0081_memory": 0.3494839668273926, "0082_memory": 0.48496559262275696, "0083_memory": 0.4057146906852722, "0084_memory": 0.40960150957107544, "0085_memory": 0.3719354271888733, "0086_memory": 0.4100205898284912, "0087_memory": 0.4909774959087372, "0088_memory": 0.3518216013908386, "0089_memory": 0.3328973054885864, "0090_memory": 0.4737214148044586, "0091_memory": 0.3975464105606079, "0092_memory": 0.42961639165878296, "0093_memory": 0.37567728757858276, "0094_memory": 0.2571905851364136, "0095_memory": 0.3753372132778168, "0096_memory": 0.31600815057754517, "0097_memory": 0.354857861995697, "0098_memory": 0.34577476978302, "0099_memory": 0.32204222679138184, "0100_memory": 0.35562664270401, "0101_memory": 0.3314722180366516, "0102_memory": 0.4024580121040344, "0103_memory": 0.29534220695495605, "0104_memory": 0.4161820411682129, "0105_memory": 0.45809000730514526, "0106_memory": 0.3953460156917572, "0107_memory": 0.38344740867614746, "0108_memory": 0.3856979012489319, "0109_memory": 0.25027644634246826, "0110_memory": 0.3397986888885498, "0111_memory": 0.34912046790122986, "0112_memory": 0.3916802704334259, "0113_memory": 0.35482051968574524, "0114_memory": 0.33337903022766113, "0115_memory": 0.35286015272140503, "0116_memory": 0.35333994030952454, "0117_memory": 0.4019482135772705, "0118_memory": 0.34193098545074463, "0119_memory": 0.34697097539901733, "0120_memory": 0.28897425532341003, "0121_memory": 0.32892662286758423, "0122_memory": 0.40603911876678467, "0123_memory": 0.3953173756599426, "0124_memory": 0.36518362164497375, "0125_memory": 0.32869547605514526, "0126_memory": 0.3355101943016052, "0127_memory": 0.37116748094558716, "0128_memory": 0.32229626178741455, "0129_memory": 0.3449247181415558, "0130_memory": 0.3324379026889801, "0131_memory": 0.4134412407875061, "0132_memory": 0.3527790307998657, "0133_memory": 0.3351859152317047, "0134_memory": 0.34123754501342773, "0135_memory": 0.3995116949081421, "0136_memory": 0.4374539256095886, "0137_memory": 0.3659445643424988, "0138_memory": 0.5022449493408203, "0139_memory": 0.40958958864212036, "0140_memory": 0.34641945362091064, "0141_memory": 0.4578486680984497, "0142_memory": 0.4712692201137543, "0143_memory": 0.47479259967803955, "0144_memory": 0.46549534797668457, "0145_memory": 0.512839674949646}