{"0001_memory": 0.48305290937423706, "0002_memory": 0.33412012457847595, "0003_memory": 0.42351287603378296, "0004_memory": 0.4491422176361084, "0005_memory": 0.3342626690864563, "0006_memory": 0.405543714761734, "0007_memory": 0.3850129246711731, "0008_memory": 0.4666535258293152, "0009_memory": 0.2920371890068054, "0010_memory": 0.38951271772384644, "0011_memory": 0.473503440618515, "0012_memory": 0.34402984380722046, "0013_memory": 0.4010167717933655, "0014_memory": 0.4316393733024597, "0015_memory": 0.4299542307853699, "0016_memory": 0.4948021173477173, "0017_memory": 0.4386078715324402, "0018_memory": 0.3782079815864563, "0019_memory": 0.3635018765926361, "0020_memory": 0.36973607540130615, "0021_memory": 0.40733301639556885, "0022_memory": 0.3649274408817291, "0023_memory": 0.3218958377838135, "0024_memory": 0.31456416845321655, "0025_memory": 0.3191789984703064, "0026_memory": 0.42358291149139404, "0027_memory": 0.4050256311893463, "0028_memory": 0.42258793115615845, "0029_memory": 0.26938897371292114, "0030_memory": 0.41556039452552795, "0031_memory": 0.34337952733039856, "0032_memory": 0.3316396474838257, "0033_memory": 0.4662227928638458, "0034_memory": 0.3433155417442322, "0035_memory": 0.37061065435409546, "0036_memory": 0.45220476388931274, "0037_memory": 0.31469231843948364, "0038_memory": 0.45514559745788574, "0039_memory": 0.34342068433761597, "0040_memory": 0.32210320234298706, "0041_memory": 0.31937074661254883, "0042_memory": 0.3364129066467285, "0043_memory": 0.374019980430603, "0044_memory": 0.357144832611084, "0045_memory": 0.31981161236763, "0046_memory": 0.29155194759368896, "0047_memory": 0.3428792655467987, "0048_memory": 0.3837987184524536, "0049_memory": 0.4048897624015808, "0050_memory": 0.4059436321258545, "0051_memory": 0.3707243502140045, "0052_memory": 0.31674057245254517, "0053_memory": 0.4718509912490845, "0054_memory": 0.38875818252563477, "0055_memory": 0.35266417264938354, "0056_memory": 0.35649651288986206, "0057_memory": 0.37775421142578125, "0058_memory": 0.40972843766212463, "0059_memory": 0.4106213450431824, "0060_memory": 0.4124371409416199, "0061_memory": 0.35166847705841064, "0062_memory": 0.3542931079864502, "0063_memory": 0.3449247181415558, "0064_memory": 0.38314855098724365, "0065_memory": 0.45657771825790405, "0066_memory": 0.4150758385658264, "0067_memory": 0.42654699087142944, "0068_memory": 0.42905259132385254, "0069_memory": 0.391512930393219, "0070_memory": 0.34253525733947754, "0071_memory": 0.3371511399745941, "0072_memory": 0.5078036785125732, "0073_memory": 0.3932267427444458, "0074_memory": 0.3250170648097992, "0075_memory": 0.40189462900161743, "0076_memory": 0.3235129117965698, "0077_memory": 0.3431134819984436, "0078_memory": 0.37029945850372314, "0079_memory": 0.42039617896080017, "0080_memory": 0.4105489253997803, "0081_memory": 0.3124699592590332, "0082_memory": 0.46989673376083374, "0083_memory": 0.4214979410171509, "0084_memory": 0.3650650680065155, "0085_memory": 0.39369744062423706, "0086_memory": 0.4128533601760864, "0087_memory": 0.47379523515701294, "0088_memory": 0.29398566484451294, "0089_memory": 0.38848429918289185, "0090_memory": 0.47020429372787476, "0091_memory": 0.3720951974391937, "0092_memory": 0.4444498121738434, "0093_memory": 0.33488571643829346, "0094_memory": 0.3419577479362488, "0095_memory": 0.3263486325740814, "0096_memory": 0.3239404857158661, "0097_memory": 0.32422664761543274, "0098_memory": 0.23439732193946838, "0099_memory": 0.34949520230293274, "0100_memory": 0.3579605221748352, "0101_memory": 0.36255359649658203, "0102_memory": 0.4019251763820648, "0103_memory": 0.3488729000091553, "0104_memory": 0.37733885645866394, "0105_memory": 0.4456314444541931, "0106_memory": 0.41783857345581055, "0107_memory": 0.3309130072593689, "0108_memory": 0.3934783935546875, "0109_memory": 0.3470127582550049, "0110_memory": 0.26477569341659546, "0111_memory": 0.3731765151023865, "0112_memory": 0.3841824233531952, "0113_memory": 0.3825299143791199, "0114_memory": 0.3665122091770172, "0115_memory": 0.3731280565261841, "0116_memory": 0.38642239570617676, "0117_memory": 0.39739757776260376, "0118_memory": 0.37818604707717896, "0119_memory": 0.342856764793396, "0120_memory": 0.33860450983047485, "0121_memory": 0.36244282126426697, "0122_memory": 0.4127242863178253, "0123_memory": 0.4111672639846802, "0124_memory": 0.39052748680114746, "0125_memory": 0.3250540494918823, "0126_memory": 0.3385736048221588, "0127_memory": 0.314090758562088, "0128_memory": 0.30682215094566345, "0129_memory": 0.03162278234958649, "0130_memory": 0.2355109602212906, "0131_memory": 0.4000919759273529, "0132_memory": 0.3795585036277771, "0133_memory": 0.3748548626899719, "0134_memory": 0.3812328279018402, "0135_memory": 0.42424267530441284, "0136_memory": 0.43328213691711426, "0137_memory": 0.3692334294319153, "0138_memory": 0.4839234948158264, "0139_memory": 0.39925870299339294, "0140_memory": 0.36990678310394287, "0141_memory": 0.45078903436660767, "0142_memory": 0.4692372679710388, "0143_memory": 0.4666651487350464, "0144_memory": 0.4653957486152649, "0145_memory": 0.5004809498786926}