{"0001_memory": 0.4793626666069031, "0002_memory": 0.2505040764808655, "0003_memory": 0.43269386887550354, "0004_memory": 0.4430570602416992, "0005_memory": 0.364240825176239, "0006_memory": 0.3946235179901123, "0007_memory": 0.3695939779281616, "0008_memory": 0.4630810618400574, "0009_memory": 0.3079409599304199, "0010_memory": 0.39413756132125854, "0011_memory": 0.46365928649902344, "0012_memory": 0.37228190898895264, "0013_memory": 0.38575953245162964, "0014_memory": 0.4255187511444092, "0015_memory": 0.43592369556427, "0016_memory": 0.4892246723175049, "0017_memory": 0.43887072801589966, "0018_memory": 0.35067421197891235, "0019_memory": 0.3187069296836853, "0020_memory": 0.3403276205062866, "0021_memory": 0.38032057881355286, "0022_memory": 0.3610040247440338, "0023_memory": 0.28141751885414124, "0024_memory": 0.24407035112380981, "0025_memory": 0.2726938724517822, "0026_memory": 0.4077671766281128, "0027_memory": 0.4293292164802551, "0028_memory": 0.38826555013656616, "0029_memory": 0.30921676754951477, "0030_memory": 0.4319516718387604, "0031_memory": 0.35383298993110657, "0032_memory": 0.32135871052742004, "0033_memory": 0.4550870656967163, "0034_memory": 0.3299559950828552, "0035_memory": 0.38100913166999817, "0036_memory": 0.4426570534706116, "0037_memory": 0.31360119581222534, "0038_memory": 0.44425803422927856, "0039_memory": 0.28540346026420593, "0040_memory": 0.3392373323440552, "0041_memory": 0.34682756662368774, "0042_memory": 0.3502246141433716, "0043_memory": 0.33933329582214355, "0044_memory": 0.30985525250434875, "0045_memory": 0.319396048784256, "0046_memory": 0.33452191948890686, "0047_memory": 0.2756502628326416, "0048_memory": 0.3735213279724121, "0049_memory": 0.39123356342315674, "0050_memory": 0.42496055364608765, "0051_memory": 0.3597019910812378, "0052_memory": 0.34611085057258606, "0053_memory": 0.4693194031715393, "0054_memory": 0.3611520528793335, "0055_memory": 0.3334299325942993, "0056_memory": 0.3768159747123718, "0057_memory": 0.3569180965423584, "0058_memory": 0.42530351877212524, "0059_memory": 0.4289977550506592, "0060_memory": 0.39904987812042236, "0061_memory": 0.3333684206008911, "0062_memory": 0.30320823192596436, "0063_memory": 0.31600815057754517, "0064_memory": 0.361162006855011, "0065_memory": 0.4524962306022644, "0066_memory": 0.4048592746257782, "0067_memory": 0.41741085052490234, "0068_memory": 0.43332409858703613, "0069_memory": 0.41141971945762634, "0070_memory": 0.32448312640190125, "0071_memory": 0.319083571434021, "0072_memory": 0.5036603808403015, "0073_memory": 0.37565314769744873, "0074_memory": 0.3007723093032837, "0075_memory": 0.3788295388221741, "0076_memory": 0.33974331617355347, "0077_memory": 0.38222306966781616, "0078_memory": 0.34944888949394226, "0079_memory": 0.40343552827835083, "0080_memory": 0.40517860651016235, "0081_memory": 0.34646010398864746, "0082_memory": 0.4678328335285187, "0083_memory": 0.4142080247402191, "0084_memory": 0.3849865794181824, "0085_memory": 0.38422685861587524, "0086_memory": 0.3902590870857239, "0087_memory": 0.4740598797798157, "0088_memory": 0.314824640750885, "0089_memory": 0.37308159470558167, "0090_memory": 0.46304816007614136, "0091_memory": 0.3819660544395447, "0092_memory": 0.4323330521583557, "0093_memory": 0.3608854413032532, "0094_memory": 0.3235408663749695, "0095_memory": 0.3404609262943268, "0096_memory": 0.03162278234958649, "0097_memory": 0.31639450788497925, "0098_memory": 0.31803080439567566, "0099_memory": 0.3264266848564148, "0100_memory": 0.33449411392211914, "0101_memory": 0.31771475076675415, "0102_memory": 0.39781653881073, "0103_memory": 0.3023654818534851, "0104_memory": 0.39061224460601807, "0105_memory": 0.4454724192619324, "0106_memory": 0.4140086770057678, "0107_memory": 0.36201930046081543, "0108_memory": 0.38186949491500854, "0109_memory": 0.3193913698196411, "0110_memory": 0.3312050402164459, "0111_memory": 0.3627285957336426, "0112_memory": 0.37470656633377075, "0113_memory": 0.36152076721191406, "0114_memory": 0.35327643156051636, "0115_memory": 0.34279948472976685, "0116_memory": 0.361769437789917, "0117_memory": 0.36984527111053467, "0118_memory": 0.36396875977516174, "0119_memory": 0.33468717336654663, "0120_memory": 0.29966843128204346, "0121_memory": 0.34476763010025024, "0122_memory": 0.40297186374664307, "0123_memory": 0.3978234827518463, "0124_memory": 0.37765949964523315, "0125_memory": 0.22504708170890808, "0126_memory": 0.3431258201599121, "0127_memory": 0.3413124680519104, "0128_memory": 0.20055896043777466, "0129_memory": 0.3239404857158661, "0130_memory": 0.3253335952758789, "0131_memory": 0.3881992697715759, "0132_memory": 0.3552899956703186, "0133_memory": 0.3569120764732361, "0134_memory": 0.3499019742012024, "0135_memory": 0.40861833095550537, "0136_memory": 0.4237169623374939, "0137_memory": 0.3402484059333801, "0138_memory": 0.48397892713546753, "0139_memory": 0.3910297751426697, "0140_memory": 0.3515932559967041, "0141_memory": 0.44197767972946167, "0142_memory": 0.4662065804004669, "0143_memory": 0.46463528275489807, "0144_memory": 0.462671160697937, "0145_memory": 0.4952390193939209}