{"0001_memory": 0.4791029691696167, "0002_memory": 0.3850761353969574, "0003_memory": 0.4686822295188904, "0004_memory": 0.3900163173675537, "0005_memory": 0.41620934009552, "0006_memory": 0.21879547834396362, "0007_memory": 0.2826681137084961, "0008_memory": 0.4444875419139862, "0009_memory": 0.3942091166973114, "0010_memory": 0.27966588735580444, "0011_memory": 0.4426547884941101, "0012_memory": 0.39891472458839417, "0013_memory": 0.03162278234958649, "0014_memory": 0.385800838470459, "0015_memory": 0.45653456449508667, "0016_memory": 0.48628151416778564, "0017_memory": 0.47095364332199097, "0018_memory": 0.34952548146247864, "0019_memory": 0.3601393699645996, "0020_memory": 0.3654440939426422, "0021_memory": 0.34058141708374023, "0022_memory": 0.3109131455421448, "0023_memory": 0.3738308846950531, "0024_memory": 0.379533052444458, "0025_memory": 0.3803817629814148, "0026_memory": 0.3872271180152893, "0027_memory": 0.45238327980041504, "0028_memory": 0.26689714193344116, "0029_memory": 0.39401793479919434, "0030_memory": 0.46075528860092163, "0031_memory": 0.41094616055488586, "0032_memory": 0.3886982202529907, "0033_memory": 0.42402011156082153, "0034_memory": 0.3790323734283447, "0035_memory": 0.4274328947067261, "0036_memory": 0.4189642667770386, "0037_memory": 0.4040805697441101, "0038_memory": 0.4257660508155823, "0039_memory": 0.3800550103187561, "0040_memory": 0.3937307596206665, "0041_memory": 0.41199150681495667, "0042_memory": 0.4187471866607666, "0043_memory": 0.3558793067932129, "0044_memory": 0.3495873808860779, "0045_memory": 0.3718184530735016, "0046_memory": 0.38371193408966064, "0047_memory": 0.3843449354171753, "0048_memory": 0.31119388341903687, "0049_memory": 0.3028828501701355, "0050_memory": 0.4683579206466675, "0051_memory": 0.3318732976913452, "0052_memory": 0.3922439217567444, "0053_memory": 0.46184036135673523, "0054_memory": 0.35936349630355835, "0055_memory": 0.35435056686401367, "0056_memory": 0.4246896505355835, "0057_memory": 0.31700730323791504, "0058_memory": 0.46650463342666626, "0059_memory": 0.46802058815956116, "0060_memory": 0.21806013584136963, "0061_memory": 0.3636513948440552, "0062_memory": 0.3771379590034485, "0063_memory": 0.3684585690498352, "0064_memory": 0.323509156703949, "0065_memory": 0.43458986282348633, "0066_memory": 0.37880364060401917, "0067_memory": 0.3844683766365051, "0068_memory": 0.4651421904563904, "0069_memory": 0.4439500868320465, "0070_memory": 0.3852578401565552, "0071_memory": 0.3697720468044281, "0072_memory": 0.4946109354496002, "0073_memory": 0.30133605003356934, "0074_memory": 0.37524473667144775, "0075_memory": 0.33562934398651123, "0076_memory": 0.39738941192626953, "0077_memory": 0.4181809425354004, "0078_memory": 0.36105209589004517, "0079_memory": 0.3466595411300659, "0080_memory": 0.35620370507240295, "0081_memory": 0.3860376477241516, "0082_memory": 0.46203485131263733, "0083_memory": 0.3640306293964386, "0084_memory": 0.42803430557250977, "0085_memory": 0.26048263907432556, "0086_memory": 0.37151840329170227, "0087_memory": 0.4697355031967163, "0088_memory": 0.39334264397621155, "0089_memory": 0.32071197032928467, "0090_memory": 0.44011297821998596, "0091_memory": 0.4332825541496277, "0092_memory": 0.3891102969646454, "0093_memory": 0.4017324447631836, "0094_memory": 0.3647426664829254, "0095_memory": 0.4086771309375763, "0096_memory": 0.38575953245162964, "0097_memory": 0.3971751928329468, "0098_memory": 0.40419599413871765, "0099_memory": 0.3735851049423218, "0100_memory": 0.36784088611602783, "0101_memory": 0.3673374652862549, "0102_memory": 0.3470956087112427, "0103_memory": 0.3852735459804535, "0104_memory": 0.42098477482795715, "0105_memory": 0.4134884476661682, "0106_memory": 0.3521931767463684, "0107_memory": 0.41750943660736084, "0108_memory": 0.3011240065097809, "0109_memory": 0.36873310804367065, "0110_memory": 0.38528865575790405, "0111_memory": 0.3261188864707947, "0112_memory": 0.3132314682006836, "0113_memory": 0.3260355591773987, "0114_memory": 0.35543328523635864, "0115_memory": 0.3409278392791748, "0116_memory": 0.3462921380996704, "0117_memory": 0.32757142186164856, "0118_memory": 0.32396501302719116, "0119_memory": 0.39541149139404297, "0120_memory": 0.36151760816574097, "0121_memory": 0.35282033681869507, "0122_memory": 0.3679332435131073, "0123_memory": 0.28961604833602905, "0124_memory": 0.3196839988231659, "0125_memory": 0.38924747705459595, "0126_memory": 0.3671814799308777, "0127_memory": 0.3995579779148102, "0128_memory": 0.38834309577941895, "0129_memory": 0.4010167717933655, "0130_memory": 0.39504167437553406, "0131_memory": 0.3401235342025757, "0132_memory": 0.3150298595428467, "0133_memory": 0.35986340045928955, "0134_memory": 0.32138580083847046, "0135_memory": 0.33984220027923584, "0136_memory": 0.399505615234375, "0137_memory": 0.37034833431243896, "0138_memory": 0.4780218005180359, "0139_memory": 0.34565162658691406, "0140_memory": 0.35656213760375977, "0141_memory": 0.4177033305168152, "0142_memory": 0.43821024894714355, "0143_memory": 0.4516032040119171, "0144_memory": 0.4341164231300354, "0145_memory": 0.488182008266449}