{"0001_memory": 0.4918847978115082, "0002_memory": 0.30406272411346436, "0003_memory": 0.44489747285842896, "0004_memory": 0.443866491317749, "0005_memory": 0.38150691986083984, "0006_memory": 0.3882896304130554, "0007_memory": 0.3782612085342407, "0008_memory": 0.47435325384140015, "0009_memory": 0.2945301830768585, "0010_memory": 0.40942102670669556, "0011_memory": 0.46685343980789185, "0012_memory": 0.3583969175815582, "0013_memory": 0.3886982202529907, "0014_memory": 0.42582792043685913, "0015_memory": 0.4356899857521057, "0016_memory": 0.5005366802215576, "0017_memory": 0.4367101192474365, "0018_memory": 0.3633531928062439, "0019_memory": 0.3542308807373047, "0020_memory": 0.360774964094162, "0021_memory": 0.38999271392822266, "0022_memory": 0.3876901865005493, "0023_memory": 0.3065468668937683, "0024_memory": 0.3127301335334778, "0025_memory": 0.3135302662849426, "0026_memory": 0.42247867584228516, "0027_memory": 0.41315126419067383, "0028_memory": 0.4110954999923706, "0029_memory": 0.31044238805770874, "0030_memory": 0.42384782433509827, "0031_memory": 0.3501228094100952, "0032_memory": 0.03162278234958649, "0033_memory": 0.45940348505973816, "0034_memory": 0.3591007590293884, "0035_memory": 0.3811751902103424, "0036_memory": 0.4541130065917969, "0037_memory": 0.3401068449020386, "0038_memory": 0.4538338780403137, "0039_memory": 0.3182004988193512, "0040_memory": 0.3435441255569458, "0041_memory": 0.3513774275779724, "0042_memory": 0.3638157546520233, "0043_memory": 0.35732412338256836, "0044_memory": 0.3525629937648773, "0045_memory": 0.20797359943389893, "0046_memory": 0.33409711718559265, "0047_memory": 0.32611560821533203, "0048_memory": 0.3946041464805603, "0049_memory": 0.40792882442474365, "0050_memory": 0.42978739738464355, "0051_memory": 0.37616491317749023, "0052_memory": 0.3532029390335083, "0053_memory": 0.4832592010498047, "0054_memory": 0.36734873056411743, "0055_memory": 0.3530982732772827, "0056_memory": 0.38409626483917236, "0057_memory": 0.3609485626220703, "0058_memory": 0.4330834746360779, "0059_memory": 0.4324924349784851, "0060_memory": 0.399721622467041, "0061_memory": 0.3398735523223877, "0062_memory": 0.33086496591567993, "0063_memory": 0.34670290350914, "0064_memory": 0.3618244528770447, "0065_memory": 0.4591185450553894, "0066_memory": 0.41669726371765137, "0067_memory": 0.42640936374664307, "0068_memory": 0.4434998035430908, "0069_memory": 0.40726250410079956, "0070_memory": 0.29015785455703735, "0071_memory": 0.3305346667766571, "0072_memory": 0.5101950168609619, "0073_memory": 0.3971244990825653, "0074_memory": 0.28925877809524536, "0075_memory": 0.39154139161109924, "0076_memory": 0.3259601294994354, "0077_memory": 0.35509154200553894, "0078_memory": 0.33549463748931885, "0079_memory": 0.387873113155365, "0080_memory": 0.41631782054901123, "0081_memory": 0.3288283348083496, "0082_memory": 0.4774820804595947, "0083_memory": 0.4218955338001251, "0084_memory": 0.38262784481048584, "0085_memory": 0.38899385929107666, "0086_memory": 0.41350018978118896, "0087_memory": 0.48912686109542847, "0088_memory": 0.2838856875896454, "0089_memory": 0.3896609842777252, "0090_memory": 0.4593631625175476, "0091_memory": 0.38780760765075684, "0092_memory": 0.4393090605735779, "0093_memory": 0.3597170114517212, "0094_memory": 0.3557719588279724, "0095_memory": 0.338905930519104, "0096_memory": 0.32135871052742004, "0097_memory": 0.25988060235977173, "0098_memory": 0.3177812695503235, "0099_memory": 0.35066235065460205, "0100_memory": 0.36282554268836975, "0101_memory": 0.33989202976226807, "0102_memory": 0.3966740667819977, "0103_memory": 0.31799769401550293, "0104_memory": 0.3957628309726715, "0105_memory": 0.4520716071128845, "0106_memory": 0.41378504037857056, "0107_memory": 0.3734365999698639, "0108_memory": 0.39024680852890015, "0109_memory": 0.33814775943756104, "0110_memory": 0.33630865812301636, "0111_memory": 0.38407641649246216, "0112_memory": 0.3991174101829529, "0113_memory": 0.38522058725357056, "0114_memory": 0.3574671745300293, "0115_memory": 0.35659414529800415, "0116_memory": 0.38723909854888916, "0117_memory": 0.4103315472602844, "0118_memory": 0.3822689652442932, "0119_memory": 0.2552422285079956, "0120_memory": 0.3516732156276703, "0121_memory": 0.3574148416519165, "0122_memory": 0.40657126903533936, "0123_memory": 0.4155397415161133, "0124_memory": 0.39315301179885864, "0125_memory": 0.32451915740966797, "0126_memory": 0.3393156826496124, "0127_memory": 0.3375595808029175, "0128_memory": 0.32609838247299194, "0129_memory": 0.3316396474838257, "0130_memory": 0.3317480981349945, "0131_memory": 0.41489964723587036, "0132_memory": 0.39198100566864014, "0133_memory": 0.34812504053115845, "0134_memory": 0.3870309889316559, "0135_memory": 0.4064130485057831, "0136_memory": 0.434984028339386, "0137_memory": 0.3646419644355774, "0138_memory": 0.49536097049713135, "0139_memory": 0.4067302346229553, "0140_memory": 0.3700118064880371, "0141_memory": 0.4537128806114197, "0142_memory": 0.46793419122695923, "0143_memory": 0.4774564802646637, "0144_memory": 0.46214574575424194, "0145_memory": 0.5040963888168335}