{"0001_memory": 0.32542094588279724, "0002_memory": 0.46956005692481995, "0003_memory": 0.48174697160720825, "0004_memory": 0.33507096767425537, "0005_memory": 0.4483203887939453, "0006_memory": 0.44780802726745605, "0007_memory": 0.45721006393432617, "0008_memory": 0.03162278234958649, "0009_memory": 0.47258758544921875, "0010_memory": 0.4448000192642212, "0011_memory": 0.24472250044345856, "0012_memory": 0.4544167220592499, "0013_memory": 0.4444875419139862, "0014_memory": 0.36130601167678833, "0015_memory": 0.4848712384700775, "0016_memory": 0.28246983885765076, "0017_memory": 0.48550623655319214, "0018_memory": 0.4676504135131836, "0019_memory": 0.45855802297592163, "0020_memory": 0.4701748490333557, "0021_memory": 0.42040935158729553, "0022_memory": 0.45921099185943604, "0023_memory": 0.4549529552459717, "0024_memory": 0.4625794291496277, "0025_memory": 0.4628061056137085, "0026_memory": 0.38606783747673035, "0027_memory": 0.4871567189693451, "0028_memory": 0.45447030663490295, "0029_memory": 0.47232216596603394, "0030_memory": 0.4922330975532532, "0031_memory": 0.46524277329444885, "0032_memory": 0.47435325384140015, "0033_memory": 0.30136337876319885, "0034_memory": 0.4705997705459595, "0035_memory": 0.4652835428714752, "0036_memory": 0.3344529867172241, "0037_memory": 0.4615597426891327, "0038_memory": 0.32542651891708374, "0039_memory": 0.47524598240852356, "0040_memory": 0.4635286331176758, "0041_memory": 0.4648217558860779, "0042_memory": 0.4630487263202667, "0043_memory": 0.46751123666763306, "0044_memory": 0.45669835805892944, "0045_memory": 0.4730325937271118, "0046_memory": 0.45655888319015503, "0047_memory": 0.4745354950428009, "0048_memory": 0.4643617868423462, "0049_memory": 0.44700226187705994, "0050_memory": 0.49292296171188354, "0051_memory": 0.4676940143108368, "0052_memory": 0.44676774740219116, "0053_memory": 0.21654799580574036, "0054_memory": 0.46756941080093384, "0055_memory": 0.45545148849487305, "0056_memory": 0.45492762327194214, "0057_memory": 0.46432554721832275, "0058_memory": 0.4891819953918457, "0059_memory": 0.4839369058609009, "0060_memory": 0.45402127504348755, "0061_memory": 0.467498779296875, "0062_memory": 0.4756728410720825, "0063_memory": 0.47175851464271545, "0064_memory": 0.4646211266517639, "0065_memory": 0.31334617733955383, "0066_memory": 0.394212543964386, "0067_memory": 0.39504069089889526, "0068_memory": 0.4823550581932068, "0069_memory": 0.47744011878967285, "0070_memory": 0.47395992279052734, "0071_memory": 0.46469220519065857, "0072_memory": 0.3163471519947052, "0073_memory": 0.4433360993862152, "0074_memory": 0.4607882499694824, "0075_memory": 0.42439064383506775, "0076_memory": 0.4682457447052002, "0077_memory": 0.46914756298065186, "0078_memory": 0.46612903475761414, "0079_memory": 0.41474735736846924, "0080_memory": 0.39537331461906433, "0081_memory": 0.46036672592163086, "0082_memory": 0.22685855627059937, "0083_memory": 0.4076334238052368, "0084_memory": 0.4668223261833191, "0085_memory": 0.455987811088562, "0086_memory": 0.3907884359359741, "0087_memory": 0.2781965732574463, "0088_memory": 0.46856802701950073, "0089_memory": 0.4722597002983093, "0090_memory": 0.2798483967781067, "0091_memory": 0.4674595296382904, "0092_memory": 0.33999621868133545, "0093_memory": 0.4459952116012573, "0094_memory": 0.4667712450027466, "0095_memory": 0.47089388966560364, "0096_memory": 0.4630810618400574, "0097_memory": 0.4730879068374634, "0098_memory": 0.47114455699920654, "0099_memory": 0.4696387052536011, "0100_memory": 0.4524872601032257, "0101_memory": 0.46918585896492004, "0102_memory": 0.41623371839523315, "0103_memory": 0.4741726517677307, "0104_memory": 0.46848827600479126, "0105_memory": 0.33220553398132324, "0106_memory": 0.41054970026016235, "0107_memory": 0.4535635709762573, "0108_memory": 0.4648093581199646, "0109_memory": 0.47375011444091797, "0110_memory": 0.4571878910064697, "0111_memory": 0.4686098098754883, "0112_memory": 0.44052618741989136, "0113_memory": 0.46860942244529724, "0114_memory": 0.4604383409023285, "0115_memory": 0.4660584628582001, "0116_memory": 0.46681421995162964, "0117_memory": 0.4426499307155609, "0118_memory": 0.4655334949493408, "0119_memory": 0.47020602226257324, "0120_memory": 0.46329551935195923, "0121_memory": 0.45575252175331116, "0122_memory": 0.3974860608577728, "0123_memory": 0.45259368419647217, "0124_memory": 0.47040754556655884, "0125_memory": 0.46797406673431396, "0126_memory": 0.46863722801208496, "0127_memory": 0.4655252695083618, "0128_memory": 0.46822160482406616, "0129_memory": 0.4666535258293152, "0130_memory": 0.4666386842727661, "0131_memory": 0.4418792724609375, "0132_memory": 0.46463286876678467, "0133_memory": 0.465816855430603, "0134_memory": 0.4629948139190674, "0135_memory": 0.41527697443962097, "0136_memory": 0.38231512904167175, "0137_memory": 0.45888811349868774, "0138_memory": 0.2711500823497772, "0139_memory": 0.43209409713745117, "0140_memory": 0.4584508538246155, "0141_memory": 0.3372432589530945, "0142_memory": 0.20252233743667603, "0143_memory": 0.168727844953537, "0144_memory": 0.16448010504245758, "0145_memory": 0.31071487069129944}