{"0001_memory": 0.4691290259361267, "0002_memory": 0.3624081313610077, "0003_memory": 0.3928597569465637, "0004_memory": 0.4586220979690552, "0005_memory": 0.31171292066574097, "0006_memory": 0.4261314272880554, "0007_memory": 0.4012546241283417, "0008_memory": 0.46524277329444885, "0009_memory": 0.348283052444458, "0010_memory": 0.4324032664299011, "0011_memory": 0.4626898765563965, "0012_memory": 0.28040555119514465, "0013_memory": 0.41094616055488586, "0014_memory": 0.4351256489753723, "0015_memory": 0.3939397931098938, "0016_memory": 0.4777085483074188, "0017_memory": 0.40464961528778076, "0018_memory": 0.3931034207344055, "0019_memory": 0.3774416148662567, "0020_memory": 0.3848642110824585, "0021_memory": 0.4071347713470459, "0022_memory": 0.3932366967201233, "0023_memory": 0.36545300483703613, "0024_memory": 0.3635481894016266, "0025_memory": 0.3706547021865845, "0026_memory": 0.42778411507606506, "0027_memory": 0.3629932403564453, "0028_memory": 0.425184965133667, "0029_memory": 0.3323408365249634, "0030_memory": 0.36100253462791443, "0031_memory": 0.03162278234958649, "0032_memory": 0.3501228094100952, "0033_memory": 0.4587843418121338, "0034_memory": 0.3837341070175171, "0035_memory": 0.31098729372024536, "0036_memory": 0.4593460261821747, "0037_memory": 0.2900659143924713, "0038_memory": 0.45751112699508667, "0039_memory": 0.36369165778160095, "0040_memory": 0.2841263711452484, "0041_memory": 0.3114442229270935, "0042_memory": 0.261957585811615, "0043_memory": 0.38378554582595825, "0044_memory": 0.3598327338695526, "0045_memory": 0.3303932547569275, "0046_memory": 0.3363315761089325, "0047_memory": 0.35898488759994507, "0048_memory": 0.40510547161102295, "0049_memory": 0.43162184953689575, "0050_memory": 0.36307090520858765, "0051_memory": 0.3996260166168213, "0052_memory": 0.29734179377555847, "0053_memory": 0.46861332654953003, "0054_memory": 0.41106855869293213, "0055_memory": 0.38774359226226807, "0056_memory": 0.31749826669692993, "0057_memory": 0.38892829418182373, "0058_memory": 0.3723364472389221, "0059_memory": 0.3754197061061859, "0060_memory": 0.42610159516334534, "0061_memory": 0.36883437633514404, "0062_memory": 0.3689962327480316, "0063_memory": 0.3810237646102905, "0064_memory": 0.4010956883430481, "0065_memory": 0.45756763219833374, "0066_memory": 0.4256149232387543, "0067_memory": 0.43295159935951233, "0068_memory": 0.39507076144218445, "0069_memory": 0.34918904304504395, "0070_memory": 0.3725826144218445, "0071_memory": 0.37418121099472046, "0072_memory": 0.488544762134552, "0073_memory": 0.4118490219116211, "0074_memory": 0.3657202124595642, "0075_memory": 0.40247204899787903, "0076_memory": 0.32279205322265625, "0077_memory": 0.2608182430267334, "0078_memory": 0.38566845655441284, "0079_memory": 0.42192542552948, "0080_memory": 0.42374518513679504, "0081_memory": 0.32919394969940186, "0082_memory": 0.45951390266418457, "0083_memory": 0.43600937724113464, "0084_memory": 0.3168371319770813, "0085_memory": 0.4123489260673523, "0086_memory": 0.4191873073577881, "0087_memory": 0.4686923027038574, "0088_memory": 0.3370131552219391, "0089_memory": 0.4030241072177887, "0090_memory": 0.46010082960128784, "0091_memory": 0.3124887943267822, "0092_memory": 0.4507206678390503, "0093_memory": 0.3019466996192932, "0094_memory": 0.37879684567451477, "0095_memory": 0.31831634044647217, "0096_memory": 0.35383298993110657, "0097_memory": 0.3455348014831543, "0098_memory": 0.3551816940307617, "0099_memory": 0.37588921189308167, "0100_memory": 0.3893582224845886, "0101_memory": 0.37333399057388306, "0102_memory": 0.4140511751174927, "0103_memory": 0.36927831172943115, "0104_memory": 0.3305202126502991, "0105_memory": 0.4618050158023834, "0106_memory": 0.4307063817977905, "0107_memory": 0.29328829050064087, "0108_memory": 0.4071062207221985, "0109_memory": 0.374333918094635, "0110_memory": 0.3290119767189026, "0111_memory": 0.392677903175354, "0112_memory": 0.41859179735183716, "0113_memory": 0.39274218678474426, "0114_memory": 0.3975013196468353, "0115_memory": 0.3765130043029785, "0116_memory": 0.40069580078125, "0117_memory": 0.42599350214004517, "0118_memory": 0.4017612934112549, "0119_memory": 0.36773252487182617, "0120_memory": 0.3650319576263428, "0121_memory": 0.39498645067214966, "0122_memory": 0.42471322417259216, "0123_memory": 0.4339059591293335, "0124_memory": 0.40385574102401733, "0125_memory": 0.3739313781261444, "0126_memory": 0.38174134492874146, "0127_memory": 0.2982617914676666, "0128_memory": 0.36626267433166504, "0129_memory": 0.34337952733039856, "0130_memory": 0.3559522032737732, "0131_memory": 0.4316437244415283, "0132_memory": 0.393191397190094, "0133_memory": 0.39807939529418945, "0134_memory": 0.3968183100223541, "0135_memory": 0.4178045094013214, "0136_memory": 0.4412722885608673, "0137_memory": 0.39389824867248535, "0138_memory": 0.4714045822620392, "0139_memory": 0.4220106601715088, "0140_memory": 0.3943747878074646, "0141_memory": 0.45890378952026367, "0142_memory": 0.4634957015514374, "0143_memory": 0.46375876665115356, "0144_memory": 0.4611503481864929, "0145_memory": 0.4821307063102722}