{"0001_memory": 0.3116634488105774, "0002_memory": 0.48803529143333435, "0003_memory": 0.49507901072502136, "0004_memory": 0.39281919598579407, "0005_memory": 0.4774540662765503, "0006_memory": 0.48061686754226685, "0007_memory": 0.4764775037765503, "0008_memory": 0.2711500823497772, "0009_memory": 0.4903617203235626, "0010_memory": 0.4742119312286377, "0011_memory": 0.32670116424560547, "0012_memory": 0.4838804304599762, "0013_memory": 0.4780218005180359, "0014_memory": 0.3969005346298218, "0015_memory": 0.4900266230106354, "0016_memory": 0.20340454578399658, "0017_memory": 0.49775293469429016, "0018_memory": 0.4885961711406708, "0019_memory": 0.47803550958633423, "0020_memory": 0.4793078899383545, "0021_memory": 0.4449511170387268, "0022_memory": 0.47484472393989563, "0023_memory": 0.48730868101119995, "0024_memory": 0.48239558935165405, "0025_memory": 0.485210120677948, "0026_memory": 0.41509437561035156, "0027_memory": 0.5035523772239685, "0028_memory": 0.4835497736930847, "0029_memory": 0.4898960590362549, "0030_memory": 0.5002349615097046, "0031_memory": 0.4714045822620392, "0032_memory": 0.49536097049713135, "0033_memory": 0.34661900997161865, "0034_memory": 0.48764657974243164, "0035_memory": 0.47234201431274414, "0036_memory": 0.3789733052253723, "0037_memory": 0.4705423414707184, "0038_memory": 0.3721599280834198, "0039_memory": 0.4939577281475067, "0040_memory": 0.47265711426734924, "0041_memory": 0.4686410427093506, "0042_memory": 0.47259843349456787, "0043_memory": 0.4837118089199066, "0044_memory": 0.4743981659412384, "0045_memory": 0.4903407096862793, "0046_memory": 0.4921190142631531, "0047_memory": 0.49209707975387573, "0048_memory": 0.4783858060836792, "0049_memory": 0.47070688009262085, "0050_memory": 0.4971148371696472, "0051_memory": 0.49320000410079956, "0052_memory": 0.47442713379859924, "0053_memory": 0.2763533294200897, "0054_memory": 0.4978492558002472, "0055_memory": 0.48212379217147827, "0056_memory": 0.4820253849029541, "0057_memory": 0.4822613596916199, "0058_memory": 0.4957677721977234, "0059_memory": 0.4934368133544922, "0060_memory": 0.48230934143066406, "0061_memory": 0.4865814447402954, "0062_memory": 0.5023101568222046, "0063_memory": 0.5022449493408203, "0064_memory": 0.4965275526046753, "0065_memory": 0.3609299063682556, "0066_memory": 0.42229896783828735, "0067_memory": 0.419454962015152, "0068_memory": 0.5031601190567017, "0069_memory": 0.49460911750793457, "0070_memory": 0.5019133687019348, "0071_memory": 0.4824596047401428, "0072_memory": 0.24229183793067932, "0073_memory": 0.4649437963962555, "0074_memory": 0.4916590452194214, "0075_memory": 0.4480704665184021, "0076_memory": 0.48101717233657837, "0077_memory": 0.47913551330566406, "0078_memory": 0.4895056486129761, "0079_memory": 0.44750359654426575, "0080_memory": 0.43693411350250244, "0081_memory": 0.4882245361804962, "0082_memory": 0.20441089570522308, "0083_memory": 0.45277664065361023, "0084_memory": 0.46761900186538696, "0085_memory": 0.47469061613082886, "0086_memory": 0.4251607060432434, "0087_memory": 0.29357701539993286, "0088_memory": 0.47928622364997864, "0089_memory": 0.49964356422424316, "0090_memory": 0.3453025817871094, "0091_memory": 0.4799530804157257, "0092_memory": 0.39773625135421753, "0093_memory": 0.47858238220214844, "0094_memory": 0.49690699577331543, "0095_memory": 0.4803324043750763, "0096_memory": 0.48397892713546753, "0097_memory": 0.4875492453575134, "0098_memory": 0.4926619529724121, "0099_memory": 0.48644256591796875, "0100_memory": 0.47266682982444763, "0101_memory": 0.4868010878562927, "0102_memory": 0.43863236904144287, "0103_memory": 0.49219247698783875, "0104_memory": 0.47659775614738464, "0105_memory": 0.37298399209976196, "0106_memory": 0.4521034359931946, "0107_memory": 0.4785041809082031, "0108_memory": 0.4745418429374695, "0109_memory": 0.5030068159103394, "0110_memory": 0.4907917380332947, "0111_memory": 0.4846150875091553, "0112_memory": 0.4635244607925415, "0113_memory": 0.4867755174636841, "0114_memory": 0.48450154066085815, "0115_memory": 0.4856128692626953, "0116_memory": 0.49388062953948975, "0117_memory": 0.46674036979675293, "0118_memory": 0.49561575055122375, "0119_memory": 0.4969203472137451, "0120_memory": 0.4880141615867615, "0121_memory": 0.4844263792037964, "0122_memory": 0.4306797385215759, "0123_memory": 0.4789653718471527, "0124_memory": 0.48545631766319275, "0125_memory": 0.4829745292663574, "0126_memory": 0.4839916527271271, "0127_memory": 0.4722442030906677, "0128_memory": 0.4828551411628723, "0129_memory": 0.4839234948158264, "0130_memory": 0.49292510747909546, "0131_memory": 0.4566724896430969, "0132_memory": 0.4841461181640625, "0133_memory": 0.49676015973091125, "0134_memory": 0.4911978244781494, "0135_memory": 0.4513818025588989, "0136_memory": 0.4021749496459961, "0137_memory": 0.4770483374595642, "0138_memory": 0.03162278234958649, "0139_memory": 0.4513010084629059, "0140_memory": 0.483805775642395, "0141_memory": 0.3824436664581299, "0142_memory": 0.30556029081344604, "0143_memory": 0.25063633918762207, "0144_memory": 0.29036736488342285, "0145_memory": 0.22419309616088867}