{"0001_memory": 0.46054691076278687, "0002_memory": 0.4147903323173523, "0003_memory": 0.46039098501205444, "0004_memory": 0.3639744520187378, "0005_memory": 0.41566669940948486, "0006_memory": 0.34814319014549255, "0007_memory": 0.35649144649505615, "0008_memory": 0.41054970026016235, "0009_memory": 0.4117220640182495, "0010_memory": 0.33861586451530457, "0011_memory": 0.40485090017318726, "0012_memory": 0.4195181727409363, "0013_memory": 0.3521931767463684, "0014_memory": 0.32564911246299744, "0015_memory": 0.4566382169723511, "0016_memory": 0.4615294337272644, "0017_memory": 0.46605709195137024, "0018_memory": 0.3742777109146118, "0019_memory": 0.3883429765701294, "0020_memory": 0.3870195150375366, "0021_memory": 0.27985405921936035, "0022_memory": 0.38182532787323, "0023_memory": 0.401695191860199, "0024_memory": 0.4059605598449707, "0025_memory": 0.4067797064781189, "0026_memory": 0.31706833839416504, "0027_memory": 0.45798206329345703, "0028_memory": 0.3591698408126831, "0029_memory": 0.4281158149242401, "0030_memory": 0.45740601420402527, "0031_memory": 0.4307063817977905, "0032_memory": 0.41378504037857056, "0033_memory": 0.4120509624481201, "0034_memory": 0.40194976329803467, "0035_memory": 0.4315687417984009, "0036_memory": 0.39539438486099243, "0037_memory": 0.4293975830078125, "0038_memory": 0.3961387872695923, "0039_memory": 0.40407800674438477, "0040_memory": 0.4350774884223938, "0041_memory": 0.4351133406162262, "0042_memory": 0.4244118630886078, "0043_memory": 0.3841806948184967, "0044_memory": 0.38687369227409363, "0045_memory": 0.41536521911621094, "0046_memory": 0.399545818567276, "0047_memory": 0.42063891887664795, "0048_memory": 0.38552582263946533, "0049_memory": 0.3440118730068207, "0050_memory": 0.459105521440506, "0051_memory": 0.37340372800827026, "0052_memory": 0.41973185539245605, "0053_memory": 0.4357679784297943, "0054_memory": 0.39831840991973877, "0055_memory": 0.3811778426170349, "0056_memory": 0.42480039596557617, "0057_memory": 0.38383716344833374, "0058_memory": 0.45886123180389404, "0059_memory": 0.459148108959198, "0060_memory": 0.36583083868026733, "0061_memory": 0.4061511158943176, "0062_memory": 0.40793371200561523, "0063_memory": 0.3953460156917572, "0064_memory": 0.37723106145858765, "0065_memory": 0.4021342694759369, "0066_memory": 0.3000949025154114, "0067_memory": 0.3190443515777588, "0068_memory": 0.4589560925960541, "0069_memory": 0.4515857696533203, "0070_memory": 0.4074663519859314, "0071_memory": 0.4063701033592224, "0072_memory": 0.4749600887298584, "0073_memory": 0.342615008354187, "0074_memory": 0.3986494243144989, "0075_memory": 0.30218976736068726, "0076_memory": 0.42288297414779663, "0077_memory": 0.4329257607460022, "0078_memory": 0.39919331669807434, "0079_memory": 0.24858766794204712, "0080_memory": 0.25354695320129395, "0081_memory": 0.4065992832183838, "0082_memory": 0.432387113571167, "0083_memory": 0.22045210003852844, "0084_memory": 0.4365927577018738, "0085_memory": 0.3661900758743286, "0086_memory": 0.28582409024238586, "0087_memory": 0.44862034916877747, "0088_memory": 0.42009925842285156, "0089_memory": 0.38844382762908936, "0090_memory": 0.4083929657936096, "0091_memory": 0.43305903673171997, "0092_memory": 0.3434085249900818, "0093_memory": 0.4182461202144623, "0094_memory": 0.4068146347999573, "0095_memory": 0.4319421648979187, "0096_memory": 0.4140086770057678, "0097_memory": 0.420690655708313, "0098_memory": 0.4257488548755646, "0099_memory": 0.4125949442386627, "0100_memory": 0.3936462700366974, "0101_memory": 0.40620630979537964, "0102_memory": 0.2724568843841553, "0103_memory": 0.41026031970977783, "0104_memory": 0.4482573866844177, "0105_memory": 0.3876030445098877, "0106_memory": 0.03162278234958649, "0107_memory": 0.4252055287361145, "0108_memory": 0.38122957944869995, "0109_memory": 0.4003467857837677, "0110_memory": 0.4076763987541199, "0111_memory": 0.3807777166366577, "0112_memory": 0.33282172679901123, "0113_memory": 0.3894573450088501, "0114_memory": 0.3850269019603729, "0115_memory": 0.37977275252342224, "0116_memory": 0.38636189699172974, "0117_memory": 0.34392961859703064, "0118_memory": 0.37288862466812134, "0119_memory": 0.39722639322280884, "0120_memory": 0.40621834993362427, "0121_memory": 0.3839995563030243, "0122_memory": 0.2712172269821167, "0123_memory": 0.3524777293205261, "0124_memory": 0.39525747299194336, "0125_memory": 0.4172290563583374, "0126_memory": 0.40346357226371765, "0127_memory": 0.4288522005081177, "0128_memory": 0.4067920446395874, "0129_memory": 0.41783857345581055, "0130_memory": 0.40651047229766846, "0131_memory": 0.33777880668640137, "0132_memory": 0.3853253722190857, "0133_memory": 0.3879547119140625, "0134_memory": 0.3781384825706482, "0135_memory": 0.2324860841035843, "0136_memory": 0.33872705698013306, "0137_memory": 0.3965405523777008, "0138_memory": 0.4521034359931946, "0139_memory": 0.316301167011261, "0140_memory": 0.3887874484062195, "0141_memory": 0.39075836539268494, "0142_memory": 0.40006744861602783, "0143_memory": 0.4207507371902466, "0144_memory": 0.39748644828796387, "0145_memory": 0.4658207893371582}