{"0001_memory": 0.4819946587085724, "0002_memory": 0.3824458718299866, "0003_memory": 0.4073934555053711, "0004_memory": 0.45886629819869995, "0005_memory": 0.3267625868320465, "0006_memory": 0.42411017417907715, "0007_memory": 0.40407609939575195, "0008_memory": 0.46914756298065186, "0009_memory": 0.3638899028301239, "0010_memory": 0.4318700432777405, "0011_memory": 0.4634503722190857, "0012_memory": 0.2532923221588135, "0013_memory": 0.4181809425354004, "0014_memory": 0.4365566670894623, "0015_memory": 0.4049174189567566, "0016_memory": 0.4887924790382385, "0017_memory": 0.41052329540252686, "0018_memory": 0.40050190687179565, "0019_memory": 0.39590781927108765, "0020_memory": 0.395466148853302, "0021_memory": 0.4154413640499115, "0022_memory": 0.39601171016693115, "0023_memory": 0.370090126991272, "0024_memory": 0.3740710914134979, "0025_memory": 0.370036780834198, "0026_memory": 0.4379245638847351, "0027_memory": 0.3681238293647766, "0028_memory": 0.43364909291267395, "0029_memory": 0.3558412790298462, "0030_memory": 0.37794339656829834, "0031_memory": 0.2608182430267334, "0032_memory": 0.35509154200553894, "0033_memory": 0.4620518088340759, "0034_memory": 0.39308950304985046, "0035_memory": 0.32658857107162476, "0036_memory": 0.4662216901779175, "0037_memory": 0.3157191574573517, "0038_memory": 0.4659038186073303, "0039_memory": 0.3795675039291382, "0040_memory": 0.3133904039859772, "0041_memory": 0.31455540657043457, "0042_memory": 0.306870698928833, "0043_memory": 0.39529627561569214, "0044_memory": 0.3900790810585022, "0045_memory": 0.3501652479171753, "0046_memory": 0.33995378017425537, "0047_memory": 0.3872695863246918, "0048_memory": 0.41137129068374634, "0049_memory": 0.4257134199142456, "0050_memory": 0.3831598162651062, "0051_memory": 0.401655912399292, "0052_memory": 0.30485665798187256, "0053_memory": 0.4779977798461914, "0054_memory": 0.40654176473617554, "0055_memory": 0.3887605667114258, "0056_memory": 0.32487499713897705, "0057_memory": 0.40294167399406433, "0058_memory": 0.3869817852973938, "0059_memory": 0.3966773748397827, "0060_memory": 0.41797327995300293, "0061_memory": 0.3852670192718506, "0062_memory": 0.38261300325393677, "0063_memory": 0.3885178565979004, "0064_memory": 0.40798717737197876, "0065_memory": 0.46627944707870483, "0066_memory": 0.43298280239105225, "0067_memory": 0.4394458532333374, "0068_memory": 0.41087400913238525, "0069_memory": 0.36119669675827026, "0070_memory": 0.3720046281814575, "0071_memory": 0.3821074366569519, "0072_memory": 0.497856080532074, "0073_memory": 0.42586350440979004, "0074_memory": 0.3695128858089447, "0075_memory": 0.4210534691810608, "0076_memory": 0.3219097852706909, "0077_memory": 0.03162278234958649, "0078_memory": 0.3877156376838684, "0079_memory": 0.42253267765045166, "0080_memory": 0.4337640404701233, "0081_memory": 0.3236876130104065, "0082_memory": 0.4726893901824951, "0083_memory": 0.44006526470184326, "0084_memory": 0.3364850878715515, "0085_memory": 0.40185660123825073, "0086_memory": 0.4319917559623718, "0087_memory": 0.4785088896751404, "0088_memory": 0.35012418031692505, "0089_memory": 0.4169650673866272, "0090_memory": 0.4608040452003479, "0091_memory": 0.32369011640548706, "0092_memory": 0.44969332218170166, "0093_memory": 0.2845265865325928, "0094_memory": 0.39210253953933716, "0095_memory": 0.3156799376010895, "0096_memory": 0.38222306966781616, "0097_memory": 0.3601838946342468, "0098_memory": 0.36385485529899597, "0099_memory": 0.3881068825721741, "0100_memory": 0.39611393213272095, "0101_memory": 0.38625720143318176, "0102_memory": 0.4120931029319763, "0103_memory": 0.37900489568710327, "0104_memory": 0.34534788131713867, "0105_memory": 0.46324729919433594, "0106_memory": 0.4329257607460022, "0107_memory": 0.3199640214443207, "0108_memory": 0.4133417010307312, "0109_memory": 0.3864889144897461, "0110_memory": 0.34300655126571655, "0111_memory": 0.40012818574905396, "0112_memory": 0.4268012046813965, "0113_memory": 0.401821494102478, "0114_memory": 0.39167898893356323, "0115_memory": 0.3964636027812958, "0116_memory": 0.41259387135505676, "0117_memory": 0.43121588230133057, "0118_memory": 0.4099123477935791, "0119_memory": 0.36004602909088135, "0120_memory": 0.3893173933029175, "0121_memory": 0.3988471031188965, "0122_memory": 0.4313150942325592, "0123_memory": 0.4361618757247925, "0124_memory": 0.40684670209884644, "0125_memory": 0.3865486681461334, "0126_memory": 0.37686634063720703, "0127_memory": 0.30025529861450195, "0128_memory": 0.37676137685775757, "0129_memory": 0.3431134819984436, "0130_memory": 0.36232292652130127, "0131_memory": 0.42927229404449463, "0132_memory": 0.40525999665260315, "0133_memory": 0.3978913128376007, "0134_memory": 0.4115159213542938, "0135_memory": 0.42933887243270874, "0136_memory": 0.43873852491378784, "0137_memory": 0.39618200063705444, "0138_memory": 0.47913551330566406, "0139_memory": 0.4297143220901489, "0140_memory": 0.4080291986465454, "0141_memory": 0.4656027853488922, "0142_memory": 0.46245551109313965, "0143_memory": 0.4718465209007263, "0144_memory": 0.462791383266449, "0145_memory": 0.4928814172744751}