{"0001_memory": 0.4796120524406433, "0002_memory": 0.39876842498779297, "0003_memory": 0.4686277210712433, "0004_memory": 0.3952081799507141, "0005_memory": 0.42700839042663574, "0006_memory": 0.2572139501571655, "0007_memory": 0.3139599561691284, "0008_memory": 0.4448000192642212, "0009_memory": 0.40699952840805054, "0010_memory": 0.03162278234958649, "0011_memory": 0.4373187720775604, "0012_memory": 0.42105787992477417, "0013_memory": 0.27966588735580444, "0014_memory": 0.3933820128440857, "0015_memory": 0.4604833722114563, "0016_memory": 0.4868425130844116, "0017_memory": 0.4669725298881531, "0018_memory": 0.3691170811653137, "0019_memory": 0.3705350458621979, "0020_memory": 0.3733978271484375, "0021_memory": 0.33636239171028137, "0022_memory": 0.319635808467865, "0023_memory": 0.3754739463329315, "0024_memory": 0.3870929479598999, "0025_memory": 0.38078123331069946, "0026_memory": 0.38541626930236816, "0027_memory": 0.4586767554283142, "0028_memory": 0.24408458173274994, "0029_memory": 0.4109976589679718, "0030_memory": 0.47145888209342957, "0031_memory": 0.4324032664299011, "0032_memory": 0.40942102670669556, "0033_memory": 0.43838226795196533, "0034_memory": 0.3850540816783905, "0035_memory": 0.4335552155971527, "0036_memory": 0.4101320505142212, "0037_memory": 0.41464531421661377, "0038_memory": 0.4220762848854065, "0039_memory": 0.39955055713653564, "0040_memory": 0.4161049723625183, "0041_memory": 0.41756659746170044, "0042_memory": 0.4261583089828491, "0043_memory": 0.3732002377510071, "0044_memory": 0.37067022919654846, "0045_memory": 0.4060055911540985, "0046_memory": 0.3915683925151825, "0047_memory": 0.4043557941913605, "0048_memory": 0.33169442415237427, "0049_memory": 0.2654775381088257, "0050_memory": 0.4685765206813812, "0051_memory": 0.35494375228881836, "0052_memory": 0.406900554895401, "0053_memory": 0.46175122261047363, "0054_memory": 0.38222137093544006, "0055_memory": 0.35876309871673584, "0056_memory": 0.43166449666023254, "0057_memory": 0.33432015776634216, "0058_memory": 0.4712374806404114, "0059_memory": 0.46679386496543884, "0060_memory": 0.30184024572372437, "0061_memory": 0.3820231556892395, "0062_memory": 0.3955150246620178, "0063_memory": 0.38550978899002075, "0064_memory": 0.35344064235687256, "0065_memory": 0.4293944239616394, "0066_memory": 0.374026894569397, "0067_memory": 0.38716796040534973, "0068_memory": 0.46752113103866577, "0069_memory": 0.44752079248428345, "0070_memory": 0.40223854780197144, "0071_memory": 0.37062323093414307, "0072_memory": 0.5002394914627075, "0073_memory": 0.28372037410736084, "0074_memory": 0.37790918350219727, "0075_memory": 0.33134669065475464, "0076_memory": 0.4168727993965149, "0077_memory": 0.4318700432777405, "0078_memory": 0.3780161142349243, "0079_memory": 0.34898141026496887, "0080_memory": 0.35301560163497925, "0081_memory": 0.3950864374637604, "0082_memory": 0.4621443450450897, "0083_memory": 0.35719162225723267, "0084_memory": 0.42500320076942444, "0085_memory": 0.30178672075271606, "0086_memory": 0.36478444933891296, "0087_memory": 0.46980321407318115, "0088_memory": 0.4002181887626648, "0089_memory": 0.3582862913608551, "0090_memory": 0.4418405294418335, "0091_memory": 0.43945077061653137, "0092_memory": 0.39095139503479004, "0093_memory": 0.4093998670578003, "0094_memory": 0.38280221819877625, "0095_memory": 0.4206624925136566, "0096_memory": 0.39413756132125854, "0097_memory": 0.41156888008117676, "0098_memory": 0.41170990467071533, "0099_memory": 0.3845030665397644, "0100_memory": 0.3766181468963623, "0101_memory": 0.38133782148361206, "0102_memory": 0.33897000551223755, "0103_memory": 0.3987341523170471, "0104_memory": 0.4380626082420349, "0105_memory": 0.40388017892837524, "0106_memory": 0.33861586451530457, "0107_memory": 0.42274558544158936, "0108_memory": 0.3287862539291382, "0109_memory": 0.39071664214134216, "0110_memory": 0.3952171802520752, "0111_memory": 0.3347240686416626, "0112_memory": 0.29249584674835205, "0113_memory": 0.34322792291641235, "0114_memory": 0.3626691699028015, "0115_memory": 0.3730015456676483, "0116_memory": 0.3681478798389435, "0117_memory": 0.3117421865463257, "0118_memory": 0.33917099237442017, "0119_memory": 0.399253249168396, "0120_memory": 0.38214534521102905, "0121_memory": 0.35878467559814453, "0122_memory": 0.35945701599121094, "0123_memory": 0.2005680501461029, "0124_memory": 0.3467959761619568, "0125_memory": 0.39855700731277466, "0126_memory": 0.3675636053085327, "0127_memory": 0.40975821018218994, "0128_memory": 0.3855755627155304, "0129_memory": 0.38951271772384644, "0130_memory": 0.40232759714126587, "0131_memory": 0.3153470754623413, "0132_memory": 0.3311510682106018, "0133_memory": 0.3719845414161682, "0134_memory": 0.33742958307266235, "0135_memory": 0.3499263823032379, "0136_memory": 0.39205944538116455, "0137_memory": 0.3818000555038452, "0138_memory": 0.4742119312286377, "0139_memory": 0.32702815532684326, "0140_memory": 0.36531931161880493, "0141_memory": 0.4106166958808899, "0142_memory": 0.4394682049751282, "0143_memory": 0.4512404799461365, "0144_memory": 0.44067472219467163, "0145_memory": 0.4918878972530365}