{"0001_memory": 0.4777442216873169, "0002_memory": 0.28374791145324707, "0003_memory": 0.44021669030189514, "0004_memory": 0.4443238377571106, "0005_memory": 0.3730262815952301, "0006_memory": 0.3947109580039978, "0007_memory": 0.3789389729499817, "0008_memory": 0.46797406673431396, "0009_memory": 0.3221624493598938, "0010_memory": 0.39855700731277466, "0011_memory": 0.46781396865844727, "0012_memory": 0.3723400831222534, "0013_memory": 0.38924747705459595, "0014_memory": 0.4309684634208679, "0015_memory": 0.43854039907455444, "0016_memory": 0.4894932806491852, "0017_memory": 0.4397364556789398, "0018_memory": 0.3600592613220215, "0019_memory": 0.342287540435791, "0020_memory": 0.34614938497543335, "0021_memory": 0.3949548006057739, "0022_memory": 0.3691888451576233, "0023_memory": 0.2784814238548279, "0024_memory": 0.20694640278816223, "0025_memory": 0.2601121664047241, "0026_memory": 0.4135884642601013, "0027_memory": 0.43348464369773865, "0028_memory": 0.4092262387275696, "0029_memory": 0.32402539253234863, "0030_memory": 0.4397084712982178, "0031_memory": 0.3739313781261444, "0032_memory": 0.32451915740966797, "0033_memory": 0.45964890718460083, "0034_memory": 0.3315398097038269, "0035_memory": 0.39124685525894165, "0036_memory": 0.4429512619972229, "0037_memory": 0.34376341104507446, "0038_memory": 0.4477095603942871, "0039_memory": 0.31149882078170776, "0040_memory": 0.3451460003852844, "0041_memory": 0.34438633918762207, "0042_memory": 0.3662099242210388, "0043_memory": 0.34735578298568726, "0044_memory": 0.3340842127799988, "0045_memory": 0.32748156785964966, "0046_memory": 0.34055858850479126, "0047_memory": 0.29715925455093384, "0048_memory": 0.373337984085083, "0049_memory": 0.3949861526489258, "0050_memory": 0.43261486291885376, "0051_memory": 0.36840391159057617, "0052_memory": 0.34955787658691406, "0053_memory": 0.47071850299835205, "0054_memory": 0.37325429916381836, "0055_memory": 0.3378019630908966, "0056_memory": 0.38391023874282837, "0057_memory": 0.3602861762046814, "0058_memory": 0.4312986731529236, "0059_memory": 0.43395769596099854, "0060_memory": 0.40225836634635925, "0061_memory": 0.33463001251220703, "0062_memory": 0.327335387468338, "0063_memory": 0.32869547605514526, "0064_memory": 0.37030550837516785, "0065_memory": 0.45461153984069824, "0066_memory": 0.4034428298473358, "0067_memory": 0.41046199202537537, "0068_memory": 0.4419744610786438, "0069_memory": 0.40818554162979126, "0070_memory": 0.3275325894355774, "0071_memory": 0.3317331373691559, "0072_memory": 0.4987826347351074, "0073_memory": 0.377129465341568, "0074_memory": 0.29547959566116333, "0075_memory": 0.38461971282958984, "0076_memory": 0.34369808435440063, "0077_memory": 0.3865486681461334, "0078_memory": 0.3511087894439697, "0079_memory": 0.4093460738658905, "0080_memory": 0.4090976119041443, "0081_memory": 0.3503216803073883, "0082_memory": 0.46572864055633545, "0083_memory": 0.4200538992881775, "0084_memory": 0.3937709331512451, "0085_memory": 0.3877652883529663, "0086_memory": 0.40249162912368774, "0087_memory": 0.47372230887413025, "0088_memory": 0.3248063921928406, "0089_memory": 0.37538230419158936, "0090_memory": 0.46177828311920166, "0091_memory": 0.39155593514442444, "0092_memory": 0.44385960698127747, "0093_memory": 0.3654038906097412, "0094_memory": 0.315837025642395, "0095_memory": 0.3472135365009308, "0096_memory": 0.22504708170890808, "0097_memory": 0.3311443328857422, "0098_memory": 0.3164367079734802, "0099_memory": 0.34040406346321106, "0100_memory": 0.3422735333442688, "0101_memory": 0.34650716185569763, "0102_memory": 0.3986092805862427, "0103_memory": 0.3129693269729614, "0104_memory": 0.3993743062019348, "0105_memory": 0.4479982256889343, "0106_memory": 0.4172290563583374, "0107_memory": 0.3716622292995453, "0108_memory": 0.37871575355529785, "0109_memory": 0.3292369246482849, "0110_memory": 0.32809558510780334, "0111_memory": 0.37156975269317627, "0112_memory": 0.37665796279907227, "0113_memory": 0.3691108524799347, "0114_memory": 0.3564113974571228, "0115_memory": 0.3497188985347748, "0116_memory": 0.37160784006118774, "0117_memory": 0.3881225287914276, "0118_memory": 0.37235313653945923, "0119_memory": 0.33926790952682495, "0120_memory": 0.3277468681335449, "0121_memory": 0.34828752279281616, "0122_memory": 0.40050163865089417, "0123_memory": 0.40364930033683777, "0124_memory": 0.37987929582595825, "0125_memory": 0.03162278234958649, "0126_memory": 0.34767886996269226, "0127_memory": 0.3507454991340637, "0128_memory": 0.25718954205513, "0129_memory": 0.3250540494918823, "0130_memory": 0.32868462800979614, "0131_memory": 0.39462000131607056, "0132_memory": 0.370619535446167, "0133_memory": 0.36069363355636597, "0134_memory": 0.3673953413963318, "0135_memory": 0.41489648818969727, "0136_memory": 0.4215605854988098, "0137_memory": 0.34519219398498535, "0138_memory": 0.4829745292663574, "0139_memory": 0.3915278911590576, "0140_memory": 0.3545255661010742, "0141_memory": 0.44548535346984863, "0142_memory": 0.46814876794815063, "0143_memory": 0.4656858742237091, "0144_memory": 0.4598875641822815, "0145_memory": 0.4943440556526184}