{"0001_memory": 0.5026692748069763, "0002_memory": 0.4344360828399658, "0003_memory": 0.3424084186553955, "0004_memory": 0.47561439871788025, "0005_memory": 0.3532901704311371, "0006_memory": 0.45380789041519165, "0007_memory": 0.4484015703201294, "0008_memory": 0.4871567189693451, "0009_memory": 0.4169161915779114, "0010_memory": 0.4586767554283142, "0011_memory": 0.48729363083839417, "0012_memory": 0.36503052711486816, "0013_memory": 0.45238327980041504, "0014_memory": 0.4643956422805786, "0015_memory": 0.3708755373954773, "0016_memory": 0.5096184611320496, "0017_memory": 0.3717882037162781, "0018_memory": 0.4381702244281769, "0019_memory": 0.438574880361557, "0020_memory": 0.43856221437454224, "0021_memory": 0.45894771814346313, "0022_memory": 0.4418889582157135, "0023_memory": 0.42054855823516846, "0024_memory": 0.42171356081962585, "0025_memory": 0.4230620563030243, "0026_memory": 0.46343404054641724, "0027_memory": 0.03162278234958649, "0028_memory": 0.47294729948043823, "0029_memory": 0.41277366876602173, "0030_memory": 0.28766900300979614, "0031_memory": 0.3629932403564453, "0032_memory": 0.41315126419067383, "0033_memory": 0.4912382960319519, "0034_memory": 0.4377332031726837, "0035_memory": 0.3590574264526367, "0036_memory": 0.4863148331642151, "0037_memory": 0.3781486749649048, "0038_memory": 0.48419010639190674, "0039_memory": 0.43174439668655396, "0040_memory": 0.38075020909309387, "0041_memory": 0.3793792128562927, "0042_memory": 0.3662320375442505, "0043_memory": 0.4393872916698456, "0044_memory": 0.4391773045063019, "0045_memory": 0.409060001373291, "0046_memory": 0.40215641260147095, "0047_memory": 0.43899038434028625, "0048_memory": 0.45070311427116394, "0049_memory": 0.46255725622177124, "0050_memory": 0.33024078607559204, "0051_memory": 0.44182199239730835, "0052_memory": 0.3619145154953003, "0053_memory": 0.49112021923065186, "0054_memory": 0.45670264959335327, "0055_memory": 0.4370289742946625, "0056_memory": 0.34372907876968384, "0057_memory": 0.441264808177948, "0058_memory": 0.35191482305526733, "0059_memory": 0.36087483167648315, "0060_memory": 0.4621352553367615, "0061_memory": 0.4339335560798645, "0062_memory": 0.42782315611839294, "0063_memory": 0.43046244978904724, "0064_memory": 0.44417262077331543, "0065_memory": 0.49073320627212524, "0066_memory": 0.45535334944725037, "0067_memory": 0.46756792068481445, "0068_memory": 0.3560463786125183, "0069_memory": 0.27685344219207764, "0070_memory": 0.42466285824775696, "0071_memory": 0.42875105142593384, "0072_memory": 0.5205596685409546, "0073_memory": 0.46171045303344727, "0074_memory": 0.42191967368125916, "0075_memory": 0.4615286588668823, "0076_memory": 0.40347743034362793, "0077_memory": 0.3681238293647766, "0078_memory": 0.4390597939491272, "0079_memory": 0.4500352144241333, "0080_memory": 0.4546288549900055, "0081_memory": 0.4030212163925171, "0082_memory": 0.49310657382011414, "0083_memory": 0.45921438932418823, "0084_memory": 0.34780752658843994, "0085_memory": 0.450019896030426, "0086_memory": 0.45236438512802124, "0087_memory": 0.49464651942253113, "0088_memory": 0.40868496894836426, "0089_memory": 0.45490726828575134, "0090_memory": 0.49189233779907227, "0091_memory": 0.35518258810043335, "0092_memory": 0.4732683300971985, "0093_memory": 0.36280179023742676, "0094_memory": 0.43496161699295044, "0095_memory": 0.39768704771995544, "0096_memory": 0.4293292164802551, "0097_memory": 0.42075684666633606, "0098_memory": 0.42045915126800537, "0099_memory": 0.43476855754852295, "0100_memory": 0.44703209400177, "0101_memory": 0.43762683868408203, "0102_memory": 0.4568210244178772, "0103_memory": 0.4332839846611023, "0104_memory": 0.32309243083000183, "0105_memory": 0.485842764377594, "0106_memory": 0.45798206329345703, "0107_memory": 0.3608420491218567, "0108_memory": 0.45647376775741577, "0109_memory": 0.4307228922843933, "0110_memory": 0.39930811524391174, "0111_memory": 0.4362158179283142, "0112_memory": 0.4616701304912567, "0113_memory": 0.44458574056625366, "0114_memory": 0.4387087821960449, "0115_memory": 0.4409870505332947, "0116_memory": 0.4524528682231903, "0117_memory": 0.47159725427627563, "0118_memory": 0.44476425647735596, "0119_memory": 0.42497938871383667, "0120_memory": 0.43584391474723816, "0121_memory": 0.4365983307361603, "0122_memory": 0.45076823234558105, "0123_memory": 0.465139776468277, "0124_memory": 0.45247212052345276, "0125_memory": 0.43348464369773865, "0126_memory": 0.4369060695171356, "0127_memory": 0.38533151149749756, "0128_memory": 0.43155360221862793, "0129_memory": 0.4050256311893463, "0130_memory": 0.41005411744117737, "0131_memory": 0.4647359848022461, "0132_memory": 0.44779905676841736, "0133_memory": 0.44505810737609863, "0134_memory": 0.4439588785171509, "0135_memory": 0.4573475420475006, "0136_memory": 0.4642844498157501, "0137_memory": 0.44863295555114746, "0138_memory": 0.5035523772239685, "0139_memory": 0.4685957431793213, "0140_memory": 0.44793763756752014, "0141_memory": 0.48619699478149414, "0142_memory": 0.48309218883514404, "0143_memory": 0.48681584000587463, "0144_memory": 0.48144757747650146, "0145_memory": 0.5143006443977356}