{"0001_memory": 0.49392449855804443, "0002_memory": 0.29497218132019043, "0003_memory": 0.44968146085739136, "0004_memory": 0.44786524772644043, "0005_memory": 0.38588494062423706, "0006_memory": 0.38752663135528564, "0007_memory": 0.37555500864982605, "0008_memory": 0.4756728410720825, "0009_memory": 0.34430205821990967, "0010_memory": 0.3955150246620178, "0011_memory": 0.46948492527008057, "0012_memory": 0.375049352645874, "0013_memory": 0.3771379590034485, "0014_memory": 0.429405152797699, "0015_memory": 0.45632800459861755, "0016_memory": 0.5021151304244995, "0017_memory": 0.4525699317455292, "0018_memory": 0.3422132134437561, "0019_memory": 0.34925955533981323, "0020_memory": 0.3459981083869934, "0021_memory": 0.39156490564346313, "0022_memory": 0.3674899935722351, "0023_memory": 0.3210364580154419, "0024_memory": 0.32043343782424927, "0025_memory": 0.317574143409729, "0026_memory": 0.4225882887840271, "0027_memory": 0.42782315611839294, "0028_memory": 0.4021480083465576, "0029_memory": 0.34636133909225464, "0030_memory": 0.4362630248069763, "0031_memory": 0.3689962327480316, "0032_memory": 0.33086496591567993, "0033_memory": 0.47059547901153564, "0034_memory": 0.3337392210960388, "0035_memory": 0.3864806294441223, "0036_memory": 0.4601966142654419, "0037_memory": 0.3504279851913452, "0038_memory": 0.4625614881515503, "0039_memory": 0.26653140783309937, "0040_memory": 0.3673303723335266, "0041_memory": 0.3816550374031067, "0042_memory": 0.374656617641449, "0043_memory": 0.34024864435195923, "0044_memory": 0.3500695824623108, "0045_memory": 0.3326323628425598, "0046_memory": 0.3250805139541626, "0047_memory": 0.29232317209243774, "0048_memory": 0.3691737949848175, "0049_memory": 0.40360569953918457, "0050_memory": 0.43994438648223877, "0051_memory": 0.3396044969558716, "0052_memory": 0.3722447454929352, "0053_memory": 0.4810118079185486, "0054_memory": 0.3614155054092407, "0055_memory": 0.35010141134262085, "0056_memory": 0.388175904750824, "0057_memory": 0.36374300718307495, "0058_memory": 0.4424639344215393, "0059_memory": 0.44316890835762024, "0060_memory": 0.38971930742263794, "0061_memory": 0.33313775062561035, "0062_memory": 0.03162278234958649, "0063_memory": 0.2758704125881195, "0064_memory": 0.3425999879837036, "0065_memory": 0.4683259129524231, "0066_memory": 0.40849918127059937, "0067_memory": 0.4305099844932556, "0068_memory": 0.4501305818557739, "0069_memory": 0.4276279807090759, "0070_memory": 0.3212764859199524, "0071_memory": 0.32487624883651733, "0072_memory": 0.5188853144645691, "0073_memory": 0.3962063789367676, "0074_memory": 0.3198069632053375, "0075_memory": 0.39570364356040955, "0076_memory": 0.33719560503959656, "0077_memory": 0.38261300325393677, "0078_memory": 0.33060410618782043, "0079_memory": 0.3899143934249878, "0080_memory": 0.4095526933670044, "0081_memory": 0.3418036103248596, "0082_memory": 0.4847131371498108, "0083_memory": 0.41610246896743774, "0084_memory": 0.40669912099838257, "0085_memory": 0.37204188108444214, "0086_memory": 0.4002842307090759, "0087_memory": 0.4912216365337372, "0088_memory": 0.3411261737346649, "0089_memory": 0.35756632685661316, "0090_memory": 0.47045791149139404, "0091_memory": 0.3990931212902069, "0092_memory": 0.43678784370422363, "0093_memory": 0.3727235794067383, "0094_memory": 0.292593777179718, "0095_memory": 0.36863023042678833, "0096_memory": 0.30320823192596436, "0097_memory": 0.3089248538017273, "0098_memory": 0.3418479263782501, "0099_memory": 0.32604971528053284, "0100_memory": 0.3632998764514923, "0101_memory": 0.33453497290611267, "0102_memory": 0.396417498588562, "0103_memory": 0.22904455661773682, "0104_memory": 0.4116099774837494, "0105_memory": 0.46423792839050293, "0106_memory": 0.40793371200561523, "0107_memory": 0.37751954793930054, "0108_memory": 0.3837437033653259, "0109_memory": 0.20832395553588867, "0110_memory": 0.34235095977783203, "0111_memory": 0.35465002059936523, "0112_memory": 0.39903536438941956, "0113_memory": 0.3377542495727539, "0114_memory": 0.345643013715744, "0115_memory": 0.34393739700317383, "0116_memory": 0.3427097201347351, "0117_memory": 0.40629565715789795, "0118_memory": 0.3543086647987366, "0119_memory": 0.33221399784088135, "0120_memory": 0.31095701456069946, "0121_memory": 0.33603906631469727, "0122_memory": 0.413646936416626, "0123_memory": 0.39977043867111206, "0124_memory": 0.3749479651451111, "0125_memory": 0.327335387468338, "0126_memory": 0.3347991108894348, "0127_memory": 0.3590122163295746, "0128_memory": 0.3135465383529663, "0129_memory": 0.3542931079864502, "0130_memory": 0.3487657904624939, "0131_memory": 0.413799524307251, "0132_memory": 0.3730912208557129, "0133_memory": 0.3480631113052368, "0134_memory": 0.3487124741077423, "0135_memory": 0.40476930141448975, "0136_memory": 0.43562448024749756, "0137_memory": 0.36469560861587524, "0138_memory": 0.5023101568222046, "0139_memory": 0.40915289521217346, "0140_memory": 0.36180591583251953, "0141_memory": 0.4553840756416321, "0142_memory": 0.4643014073371887, "0143_memory": 0.4740346670150757, "0144_memory": 0.46751680970191956, "0145_memory": 0.5109057426452637}