{"0001_memory": 0.48699167370796204, "0002_memory": 0.2551596164703369, "0003_memory": 0.44494616985321045, "0004_memory": 0.45176073908805847, "0005_memory": 0.36887824535369873, "0006_memory": 0.39009520411491394, "0007_memory": 0.3581778407096863, "0008_memory": 0.47524598240852356, "0009_memory": 0.29081636667251587, "0010_memory": 0.39955055713653564, "0011_memory": 0.4687730073928833, "0012_memory": 0.37939170002937317, "0013_memory": 0.3800550103187561, "0014_memory": 0.425042986869812, "0015_memory": 0.4416464567184448, "0016_memory": 0.4974104166030884, "0017_memory": 0.44827699661254883, "0018_memory": 0.3387778401374817, "0019_memory": 0.3337145745754242, "0020_memory": 0.3410097360610962, "0021_memory": 0.37621796131134033, "0022_memory": 0.3647475838661194, "0023_memory": 0.32152533531188965, "0024_memory": 0.29073667526245117, "0025_memory": 0.31629225611686707, "0026_memory": 0.3991581201553345, "0027_memory": 0.43174439668655396, "0028_memory": 0.4083508849143982, "0029_memory": 0.3306432366371155, "0030_memory": 0.42657309770584106, "0031_memory": 0.36369165778160095, "0032_memory": 0.3182004988193512, "0033_memory": 0.46434256434440613, "0034_memory": 0.3203803300857544, "0035_memory": 0.38987550139427185, "0036_memory": 0.45584285259246826, "0037_memory": 0.35148030519485474, "0038_memory": 0.4519822895526886, "0039_memory": 0.03162278234958649, "0040_memory": 0.35114818811416626, "0041_memory": 0.3690792918205261, "0042_memory": 0.3624451756477356, "0043_memory": 0.33308836817741394, "0044_memory": 0.3390953540802002, "0045_memory": 0.315347820520401, "0046_memory": 0.34246158599853516, "0047_memory": 0.22004280984401703, "0048_memory": 0.3786015510559082, "0049_memory": 0.4015631079673767, "0050_memory": 0.43104609847068787, "0051_memory": 0.3463193476200104, "0052_memory": 0.36779290437698364, "0053_memory": 0.4779931902885437, "0054_memory": 0.3639466166496277, "0055_memory": 0.342804878950119, "0056_memory": 0.39402198791503906, "0057_memory": 0.35704606771469116, "0058_memory": 0.431257426738739, "0059_memory": 0.4400133788585663, "0060_memory": 0.39870643615722656, "0061_memory": 0.3283764719963074, "0062_memory": 0.26653140783309937, "0063_memory": 0.30238020420074463, "0064_memory": 0.3516743779182434, "0065_memory": 0.4610505700111389, "0066_memory": 0.41322240233421326, "0067_memory": 0.4219345450401306, "0068_memory": 0.4445394277572632, "0069_memory": 0.4252080023288727, "0070_memory": 0.3362475037574768, "0071_memory": 0.32585328817367554, "0072_memory": 0.5115958452224731, "0073_memory": 0.38802021741867065, "0074_memory": 0.32160839438438416, "0075_memory": 0.381492555141449, "0076_memory": 0.3390687108039856, "0077_memory": 0.3795675039291382, "0078_memory": 0.34457099437713623, "0079_memory": 0.4026966691017151, "0080_memory": 0.407038152217865, "0081_memory": 0.3393092155456543, "0082_memory": 0.47308117151260376, "0083_memory": 0.4233158826828003, "0084_memory": 0.3854066729545593, "0085_memory": 0.3810160756111145, "0086_memory": 0.40876924991607666, "0087_memory": 0.4826299548149109, "0088_memory": 0.3252830505371094, "0089_memory": 0.3646281063556671, "0090_memory": 0.4619560241699219, "0091_memory": 0.38626807928085327, "0092_memory": 0.44002607464790344, "0093_memory": 0.38066816329956055, "0094_memory": 0.3244074583053589, "0095_memory": 0.34608012437820435, "0096_memory": 0.28540346026420593, "0097_memory": 0.3255619406700134, "0098_memory": 0.33978530764579773, "0099_memory": 0.32885876297950745, "0100_memory": 0.35611194372177124, "0101_memory": 0.33080729842185974, "0102_memory": 0.394722580909729, "0103_memory": 0.21377643942832947, "0104_memory": 0.40518832206726074, "0105_memory": 0.4585103988647461, "0106_memory": 0.40407800674438477, "0107_memory": 0.3714505434036255, "0108_memory": 0.3833038806915283, "0109_memory": 0.2815210819244385, "0110_memory": 0.3524506688117981, "0111_memory": 0.35894501209259033, "0112_memory": 0.3834512233734131, "0113_memory": 0.3618848919868469, "0114_memory": 0.3572348356246948, "0115_memory": 0.3381875455379486, "0116_memory": 0.36205488443374634, "0117_memory": 0.3997153341770172, "0118_memory": 0.3509618043899536, "0119_memory": 0.33805859088897705, "0120_memory": 0.32261407375335693, "0121_memory": 0.3568965792655945, "0122_memory": 0.40739333629608154, "0123_memory": 0.4058379530906677, "0124_memory": 0.37351346015930176, "0125_memory": 0.31149882078170776, "0126_memory": 0.332425981760025, "0127_memory": 0.34352684020996094, "0128_memory": 0.27828434109687805, "0129_memory": 0.34342068433761597, "0130_memory": 0.339175820350647, "0131_memory": 0.4055843949317932, "0132_memory": 0.36754441261291504, "0133_memory": 0.3522750735282898, "0134_memory": 0.3582746386528015, "0135_memory": 0.40929511189460754, "0136_memory": 0.43039363622665405, "0137_memory": 0.3570787310600281, "0138_memory": 0.4939577281475067, "0139_memory": 0.39388787746429443, "0140_memory": 0.36719173192977905, "0141_memory": 0.455569326877594, "0142_memory": 0.46841442584991455, "0143_memory": 0.47320756316185, "0144_memory": 0.4684572219848633, "0145_memory": 0.5022693872451782}