{"0001_memory": 0.4731420874595642, "0002_memory": 0.35695478320121765, "0003_memory": 0.399202823638916, "0004_memory": 0.4340687096118927, "0005_memory": 0.3058948516845703, "0006_memory": 0.40265655517578125, "0007_memory": 0.3947245478630066, "0008_memory": 0.44676774740219116, "0009_memory": 0.33991774916648865, "0010_memory": 0.406900554895401, "0011_memory": 0.45803606510162354, "0012_memory": 0.2691994309425354, "0013_memory": 0.3922439217567444, "0014_memory": 0.4355713725090027, "0015_memory": 0.39977598190307617, "0016_memory": 0.4828146696090698, "0017_memory": 0.41317856311798096, "0018_memory": 0.38744795322418213, "0019_memory": 0.3772132694721222, "0020_memory": 0.37321406602859497, "0021_memory": 0.40995192527770996, "0022_memory": 0.3879142999649048, "0023_memory": 0.3326033353805542, "0024_memory": 0.3341696858406067, "0025_memory": 0.3299492597579956, "0026_memory": 0.42973482608795166, "0027_memory": 0.3619145154953003, "0028_memory": 0.4158378839492798, "0029_memory": 0.32773536443710327, "0030_memory": 0.3786957859992981, "0031_memory": 0.29734179377555847, "0032_memory": 0.3532029390335083, "0033_memory": 0.46158528327941895, "0034_memory": 0.3701290488243103, "0035_memory": 0.3359970450401306, "0036_memory": 0.45249199867248535, "0037_memory": 0.258537232875824, "0038_memory": 0.4537045359611511, "0039_memory": 0.36779290437698364, "0040_memory": 0.2673147916793823, "0041_memory": 0.2481594830751419, "0042_memory": 0.30340880155563354, "0043_memory": 0.37929219007492065, "0044_memory": 0.3658999502658844, "0045_memory": 0.33827292919158936, "0046_memory": 0.31075745820999146, "0047_memory": 0.361112505197525, "0048_memory": 0.39887043833732605, "0049_memory": 0.4094974398612976, "0050_memory": 0.38352441787719727, "0051_memory": 0.3884813189506531, "0052_memory": 0.03162278234958649, "0053_memory": 0.45275095105171204, "0054_memory": 0.39411619305610657, "0055_memory": 0.3648078441619873, "0056_memory": 0.3120720386505127, "0057_memory": 0.38426831364631653, "0058_memory": 0.39114415645599365, "0059_memory": 0.3935777544975281, "0060_memory": 0.4074662923812866, "0061_memory": 0.36463862657546997, "0062_memory": 0.3722447454929352, "0063_memory": 0.35645467042922974, "0064_memory": 0.3891063928604126, "0065_memory": 0.45998120307922363, "0066_memory": 0.4202646017074585, "0067_memory": 0.41954153776168823, "0068_memory": 0.3990533947944641, "0069_memory": 0.3462809920310974, "0070_memory": 0.35421839356422424, "0071_memory": 0.36455589532852173, "0072_memory": 0.4929298758506775, "0073_memory": 0.4043547511100769, "0074_memory": 0.3400190472602844, "0075_memory": 0.40747177600860596, "0076_memory": 0.3159545660018921, "0077_memory": 0.30485665798187256, "0078_memory": 0.38337066769599915, "0079_memory": 0.4184337258338928, "0080_memory": 0.40597429871559143, "0081_memory": 0.3127623498439789, "0082_memory": 0.4599097967147827, "0083_memory": 0.4209725856781006, "0084_memory": 0.3327762484550476, "0085_memory": 0.3991324305534363, "0086_memory": 0.41641393303871155, "0087_memory": 0.4620469808578491, "0088_memory": 0.3349975347518921, "0089_memory": 0.3890703022480011, "0090_memory": 0.4636952877044678, "0091_memory": 0.33557313680648804, "0092_memory": 0.4342876374721527, "0093_memory": 0.2378430962562561, "0094_memory": 0.36214229464530945, "0095_memory": 0.30047380924224854, "0096_memory": 0.34611085057258606, "0097_memory": 0.3508833944797516, "0098_memory": 0.33844608068466187, "0099_memory": 0.36939918994903564, "0100_memory": 0.3774717450141907, "0101_memory": 0.37668925523757935, "0102_memory": 0.42014962434768677, "0103_memory": 0.3757111728191376, "0104_memory": 0.3346399962902069, "0105_memory": 0.4500819444656372, "0106_memory": 0.41973185539245605, "0107_memory": 0.30110764503479004, "0108_memory": 0.40166038274765015, "0109_memory": 0.3615920841693878, "0110_memory": 0.29771631956100464, "0111_memory": 0.38082724809646606, "0112_memory": 0.4095708429813385, "0113_memory": 0.3864145576953888, "0114_memory": 0.37463217973709106, "0115_memory": 0.38005632162094116, "0116_memory": 0.3941621780395508, "0117_memory": 0.4160556197166443, "0118_memory": 0.38760215044021606, "0119_memory": 0.35572150349617004, "0120_memory": 0.3577384352684021, "0121_memory": 0.36990952491760254, "0122_memory": 0.41130346059799194, "0123_memory": 0.41110730171203613, "0124_memory": 0.3881528973579407, "0125_memory": 0.34955787658691406, "0126_memory": 0.3777771592140198, "0127_memory": 0.2930026650428772, "0128_memory": 0.35294073820114136, "0129_memory": 0.31674057245254517, "0130_memory": 0.3186699151992798, "0131_memory": 0.4212980568408966, "0132_memory": 0.38591283559799194, "0133_memory": 0.385520875453949, "0134_memory": 0.38389116525650024, "0135_memory": 0.4144003689289093, "0136_memory": 0.440127432346344, "0137_memory": 0.3825157582759857, "0138_memory": 0.47442713379859924, "0139_memory": 0.4163103699684143, "0140_memory": 0.37262195348739624, "0141_memory": 0.4537229537963867, "0142_memory": 0.4511183500289917, "0143_memory": 0.4455330967903137, "0144_memory": 0.44436389207839966, "0145_memory": 0.48598799109458923}