{"0001_memory": 0.364488422870636, "0002_memory": 0.46727949380874634, "0003_memory": 0.48737281560897827, "0004_memory": 0.32045042514801025, "0005_memory": 0.4564509987831116, "0006_memory": 0.44531309604644775, "0007_memory": 0.44430428743362427, "0008_memory": 0.24472250044345856, "0009_memory": 0.4707040786743164, "0010_memory": 0.4373187720775604, "0011_memory": 0.03162278234958649, "0012_memory": 0.4552250802516937, "0013_memory": 0.4426547884941101, "0014_memory": 0.3383103013038635, "0015_memory": 0.48250842094421387, "0016_memory": 0.34646108746528625, "0017_memory": 0.48324739933013916, "0018_memory": 0.46278417110443115, "0019_memory": 0.45882612466812134, "0020_memory": 0.46566951274871826, "0021_memory": 0.40621060132980347, "0022_memory": 0.4497030973434448, "0023_memory": 0.4610779285430908, "0024_memory": 0.4654839336872101, "0025_memory": 0.46838074922561646, "0026_memory": 0.3703121542930603, "0027_memory": 0.48729363083839417, "0028_memory": 0.4532325267791748, "0029_memory": 0.47533899545669556, "0030_memory": 0.4870337247848511, "0031_memory": 0.4626898765563965, "0032_memory": 0.46685343980789185, "0033_memory": 0.24721355736255646, "0034_memory": 0.4693930745124817, "0035_memory": 0.46192097663879395, "0036_memory": 0.3052487373352051, "0037_memory": 0.46206676959991455, "0038_memory": 0.28807711601257324, "0039_memory": 0.4687730073928833, "0040_memory": 0.46221113204956055, "0041_memory": 0.4623314142227173, "0042_memory": 0.4632372260093689, "0043_memory": 0.4608813524246216, "0044_memory": 0.4586431086063385, "0045_memory": 0.4663102626800537, "0046_memory": 0.4637569189071655, "0047_memory": 0.469746470451355, "0048_memory": 0.4543277621269226, "0049_memory": 0.4420182704925537, "0050_memory": 0.49163272976875305, "0051_memory": 0.46727901697158813, "0052_memory": 0.45803606510162354, "0053_memory": 0.30052468180656433, "0054_memory": 0.46846628189086914, "0055_memory": 0.46155354380607605, "0056_memory": 0.4512605369091034, "0057_memory": 0.4559336304664612, "0058_memory": 0.490101158618927, "0059_memory": 0.48862263560295105, "0060_memory": 0.4495803117752075, "0061_memory": 0.4642065167427063, "0062_memory": 0.46948492527008057, "0063_memory": 0.47307831048965454, "0064_memory": 0.4641197919845581, "0065_memory": 0.2660861015319824, "0066_memory": 0.3875037729740143, "0067_memory": 0.38554298877716064, "0068_memory": 0.48489701747894287, "0069_memory": 0.4800461232662201, "0070_memory": 0.47020572423934937, "0071_memory": 0.46200621128082275, "0072_memory": 0.36792370676994324, "0073_memory": 0.4369690716266632, "0074_memory": 0.46646326780319214, "0075_memory": 0.41181090474128723, "0076_memory": 0.46109116077423096, "0077_memory": 0.4634503722190857, "0078_memory": 0.46101558208465576, "0079_memory": 0.4027548134326935, "0080_memory": 0.39700090885162354, "0081_memory": 0.45544546842575073, "0082_memory": 0.29880332946777344, "0083_memory": 0.4017649292945862, "0084_memory": 0.4656198024749756, "0085_memory": 0.4436967968940735, "0086_memory": 0.38850077986717224, "0087_memory": 0.33721745014190674, "0088_memory": 0.46196210384368896, "0089_memory": 0.47272059321403503, "0090_memory": 0.20853421092033386, "0091_memory": 0.4639686048030853, "0092_memory": 0.3240014314651489, "0093_memory": 0.45412731170654297, "0094_memory": 0.4704298675060272, "0095_memory": 0.4670538604259491, "0096_memory": 0.46365928649902344, "0097_memory": 0.46858078241348267, "0098_memory": 0.4755711257457733, "0099_memory": 0.46824875473976135, "0100_memory": 0.4591670632362366, "0101_memory": 0.46268409490585327, "0102_memory": 0.40456607937812805, "0103_memory": 0.4648095965385437, "0104_memory": 0.4746878147125244, "0105_memory": 0.31067001819610596, "0106_memory": 0.40485090017318726, "0107_memory": 0.4641958773136139, "0108_memory": 0.4521673619747162, "0109_memory": 0.4732409119606018, "0110_memory": 0.4648596942424774, "0111_memory": 0.46506643295288086, "0112_memory": 0.4318351149559021, "0113_memory": 0.4640882611274719, "0114_memory": 0.4562285840511322, "0115_memory": 0.45946425199508667, "0116_memory": 0.4666439890861511, "0117_memory": 0.43646055459976196, "0118_memory": 0.46687743067741394, "0119_memory": 0.4666171967983246, "0120_memory": 0.4682103097438812, "0121_memory": 0.4612327814102173, "0122_memory": 0.39695656299591064, "0123_memory": 0.4465887248516083, "0124_memory": 0.46771103143692017, "0125_memory": 0.46781396865844727, "0126_memory": 0.46226802468299866, "0127_memory": 0.4583301544189453, "0128_memory": 0.4683828353881836, "0129_memory": 0.473503440618515, "0130_memory": 0.47305580973625183, "0131_memory": 0.4338787794113159, "0132_memory": 0.4575108289718628, "0133_memory": 0.46436816453933716, "0134_memory": 0.4637885093688965, "0135_memory": 0.4084364175796509, "0136_memory": 0.3595672845840454, "0137_memory": 0.4633727967739105, "0138_memory": 0.32670116424560547, "0139_memory": 0.42384326457977295, "0140_memory": 0.46083879470825195, "0141_memory": 0.310037761926651, "0142_memory": 0.19442081451416016, "0143_memory": 0.27180999517440796, "0144_memory": 0.21570813655853271, "0145_memory": 0.3548395335674286}