{"0001_memory": 0.4849573075771332, "0002_memory": 0.3411089777946472, "0003_memory": 0.4464050531387329, "0004_memory": 0.427194207906723, "0005_memory": 0.39586442708969116, "0006_memory": 0.3596334755420685, "0007_memory": 0.3601389527320862, "0008_memory": 0.45575252175331116, "0009_memory": 0.36253392696380615, "0010_memory": 0.35878467559814453, "0011_memory": 0.4612327814102173, "0012_memory": 0.38323092460632324, "0013_memory": 0.35282033681869507, "0014_memory": 0.4193938970565796, "0015_memory": 0.44753438234329224, "0016_memory": 0.4879343509674072, "0017_memory": 0.4479144513607025, "0018_memory": 0.33355990052223206, "0019_memory": 0.3116357922554016, "0020_memory": 0.326315701007843, "0021_memory": 0.37876030802726746, "0022_memory": 0.35250943899154663, "0023_memory": 0.32161688804626465, "0024_memory": 0.33481311798095703, "0025_memory": 0.32614022493362427, "0026_memory": 0.41212669014930725, "0027_memory": 0.4365983307361603, "0028_memory": 0.3647272288799286, "0029_memory": 0.36553651094436646, "0030_memory": 0.45118391513824463, "0031_memory": 0.39498645067214966, "0032_memory": 0.3574148416519165, "0033_memory": 0.45816195011138916, "0034_memory": 0.3401793837547302, "0035_memory": 0.40296071767807007, "0036_memory": 0.4463340938091278, "0037_memory": 0.37251418828964233, "0038_memory": 0.44963595271110535, "0039_memory": 0.3568965792655945, "0040_memory": 0.37739476561546326, "0041_memory": 0.3822837769985199, "0042_memory": 0.3931434750556946, "0043_memory": 0.3132261037826538, "0044_memory": 0.3019351065158844, "0045_memory": 0.3573954105377197, "0046_memory": 0.3445412814617157, "0047_memory": 0.35838431119918823, "0048_memory": 0.35614949464797974, "0049_memory": 0.36198416352272034, "0050_memory": 0.44559577107429504, "0051_memory": 0.3246666193008423, "0052_memory": 0.36990952491760254, "0053_memory": 0.46626150608062744, "0054_memory": 0.27528226375579834, "0055_memory": 0.2401232272386551, "0056_memory": 0.3856242299079895, "0057_memory": 0.3455771207809448, "0058_memory": 0.44907617568969727, "0059_memory": 0.4458621144294739, "0060_memory": 0.3580509424209595, "0061_memory": 0.32192039489746094, "0062_memory": 0.33603906631469727, "0063_memory": 0.32892662286758423, "0064_memory": 0.3128173351287842, "0065_memory": 0.46077513694763184, "0066_memory": 0.39561814069747925, "0067_memory": 0.4115876853466034, "0068_memory": 0.4474560618400574, "0069_memory": 0.423973947763443, "0070_memory": 0.34173065423965454, "0071_memory": 0.3271315097808838, "0072_memory": 0.5042505860328674, "0073_memory": 0.3617987632751465, "0074_memory": 0.31672152876853943, "0075_memory": 0.3746555745601654, "0076_memory": 0.367053747177124, "0077_memory": 0.3988471031188965, "0078_memory": 0.29456329345703125, "0079_memory": 0.37724852561950684, "0080_memory": 0.3793560862541199, "0081_memory": 0.3618590831756592, "0082_memory": 0.4709441661834717, "0083_memory": 0.39302369952201843, "0084_memory": 0.4102066159248352, "0085_memory": 0.3616897165775299, "0086_memory": 0.3927946388721466, "0087_memory": 0.47359055280685425, "0088_memory": 0.3617333769798279, "0089_memory": 0.33315882086753845, "0090_memory": 0.46385467052459717, "0091_memory": 0.40581414103507996, "0092_memory": 0.42554399371147156, "0093_memory": 0.372821569442749, "0094_memory": 0.3192872703075409, "0095_memory": 0.38189971446990967, "0096_memory": 0.34476763010025024, "0097_memory": 0.3555045425891876, "0098_memory": 0.3588290214538574, "0099_memory": 0.32788440585136414, "0100_memory": 0.28097033500671387, "0101_memory": 0.3209737539291382, "0102_memory": 0.3846919536590576, "0103_memory": 0.35153084993362427, "0104_memory": 0.4115646481513977, "0105_memory": 0.44875407218933105, "0106_memory": 0.3839995563030243, "0107_memory": 0.3780527710914612, "0108_memory": 0.3662351369857788, "0109_memory": 0.33352896571159363, "0110_memory": 0.3496314585208893, "0111_memory": 0.34315091371536255, "0112_memory": 0.365200400352478, "0113_memory": 0.3370526432991028, "0114_memory": 0.20619502663612366, "0115_memory": 0.33279871940612793, "0116_memory": 0.33393073081970215, "0117_memory": 0.37225979566574097, "0118_memory": 0.33474093675613403, "0119_memory": 0.35199296474456787, "0120_memory": 0.3294903039932251, "0121_memory": 0.03162278234958649, "0122_memory": 0.3884926438331604, "0123_memory": 0.36372584104537964, "0124_memory": 0.3640163540840149, "0125_memory": 0.34828752279281616, "0126_memory": 0.3133399486541748, "0127_memory": 0.37674033641815186, "0128_memory": 0.3497631847858429, "0129_memory": 0.36244282126426697, "0130_memory": 0.3545091152191162, "0131_memory": 0.38351333141326904, "0132_memory": 0.35827136039733887, "0133_memory": 0.2753490209579468, "0134_memory": 0.3356510400772095, "0135_memory": 0.38436612486839294, "0136_memory": 0.42635542154312134, "0137_memory": 0.30142730474472046, "0138_memory": 0.4844263792037964, "0139_memory": 0.3814457058906555, "0140_memory": 0.2168809175491333, "0141_memory": 0.4480637311935425, "0142_memory": 0.4514884650707245, "0143_memory": 0.45764315128326416, "0144_memory": 0.4524981677532196, "0145_memory": 0.4977211356163025}