{"0001_memory": 0.4620096981525421, "0002_memory": 0.3817960023880005, "0003_memory": 0.4596419930458069, "0004_memory": 0.3854469656944275, "0005_memory": 0.41827937960624695, "0006_memory": 0.34353959560394287, "0007_memory": 0.3444094657897949, "0008_memory": 0.43209409713745117, "0009_memory": 0.38931044936180115, "0010_memory": 0.32702815532684326, "0011_memory": 0.42384326457977295, "0012_memory": 0.4294375479221344, "0013_memory": 0.34565162658691406, "0014_memory": 0.3569393754005432, "0015_memory": 0.4520415961742401, "0016_memory": 0.4613572359085083, "0017_memory": 0.4649093449115753, "0018_memory": 0.3829154670238495, "0019_memory": 0.3626543879508972, "0020_memory": 0.3650255799293518, "0021_memory": 0.2601931095123291, "0022_memory": 0.3549439311027527, "0023_memory": 0.40180379152297974, "0024_memory": 0.3778799772262573, "0025_memory": 0.39970663189888, "0026_memory": 0.34665486216545105, "0027_memory": 0.4685957431793213, "0028_memory": 0.3497922420501709, "0029_memory": 0.3980100750923157, "0030_memory": 0.46623384952545166, "0031_memory": 0.4220106601715088, "0032_memory": 0.4067302346229553, "0033_memory": 0.40375614166259766, "0034_memory": 0.3945738971233368, "0035_memory": 0.42171555757522583, "0036_memory": 0.38775914907455444, "0037_memory": 0.41144782304763794, "0038_memory": 0.3980759382247925, "0039_memory": 0.39388787746429443, "0040_memory": 0.4129769802093506, "0041_memory": 0.4155736565589905, "0042_memory": 0.41478481888771057, "0043_memory": 0.3662002384662628, "0044_memory": 0.3622904121875763, "0045_memory": 0.40326058864593506, "0046_memory": 0.41331547498703003, "0047_memory": 0.3951537013053894, "0048_memory": 0.35299742221832275, "0049_memory": 0.3006277084350586, "0050_memory": 0.4559818208217621, "0051_memory": 0.3889291286468506, "0052_memory": 0.4163103699684143, "0053_memory": 0.444469153881073, "0054_memory": 0.4003611207008362, "0055_memory": 0.3724207878112793, "0056_memory": 0.4262971580028534, "0057_memory": 0.3589332103729248, "0058_memory": 0.45662805438041687, "0059_memory": 0.454681396484375, "0060_memory": 0.35042285919189453, "0061_memory": 0.386860191822052, "0062_memory": 0.40915289521217346, "0063_memory": 0.40958958864212036, "0064_memory": 0.3834820091724396, "0065_memory": 0.40671607851982117, "0066_memory": 0.3347291946411133, "0067_memory": 0.3405865728855133, "0068_memory": 0.4638461172580719, "0069_memory": 0.45952096581459045, "0070_memory": 0.42132556438446045, "0071_memory": 0.388750284910202, "0072_memory": 0.4763442277908325, "0073_memory": 0.2974073886871338, "0074_memory": 0.40357786417007446, "0075_memory": 0.20801173150539398, "0076_memory": 0.4064677953720093, "0077_memory": 0.4297143220901489, "0078_memory": 0.38288480043411255, "0079_memory": 0.2908162474632263, "0080_memory": 0.30960512161254883, "0081_memory": 0.4096042513847351, "0082_memory": 0.43961256742477417, "0083_memory": 0.3295050859451294, "0084_memory": 0.42413678765296936, "0085_memory": 0.34996455907821655, "0086_memory": 0.3282974660396576, "0087_memory": 0.44984889030456543, "0088_memory": 0.3971009850502014, "0089_memory": 0.3926893472671509, "0090_memory": 0.4139522910118103, "0091_memory": 0.4303801953792572, "0092_memory": 0.3844221234321594, "0093_memory": 0.4233902096748352, "0094_memory": 0.40291550755500793, "0095_memory": 0.4121516942977905, "0096_memory": 0.3910297751426697, "0097_memory": 0.40304356813430786, "0098_memory": 0.4021810293197632, "0099_memory": 0.3930022716522217, "0100_memory": 0.36579734086990356, "0101_memory": 0.3859013617038727, "0102_memory": 0.2759774625301361, "0103_memory": 0.405714213848114, "0104_memory": 0.4354100525379181, "0105_memory": 0.3944355845451355, "0106_memory": 0.316301167011261, "0107_memory": 0.41362112760543823, "0108_memory": 0.3540547788143158, "0109_memory": 0.4046626687049866, "0110_memory": 0.41547486186027527, "0111_memory": 0.37180325388908386, "0112_memory": 0.28522372245788574, "0113_memory": 0.36495211720466614, "0114_memory": 0.3904893100261688, "0115_memory": 0.37528079748153687, "0116_memory": 0.39649224281311035, "0117_memory": 0.2792006731033325, "0118_memory": 0.38153892755508423, "0119_memory": 0.4215165972709656, "0120_memory": 0.3954645097255707, "0121_memory": 0.3814457058906555, "0122_memory": 0.3265087306499481, "0123_memory": 0.33119872212409973, "0124_memory": 0.3626627027988434, "0125_memory": 0.3915278911590576, "0126_memory": 0.37927812337875366, "0127_memory": 0.4123092293739319, "0128_memory": 0.38767948746681213, "0129_memory": 0.39925870299339294, "0130_memory": 0.4105331301689148, "0131_memory": 0.25129610300064087, "0132_memory": 0.3595348596572876, "0133_memory": 0.39262187480926514, "0134_memory": 0.37738803029060364, "0135_memory": 0.3095813989639282, "0136_memory": 0.35734468698501587, "0137_memory": 0.3617834448814392, "0138_memory": 0.4513010084629059, "0139_memory": 0.03162278234958649, "0140_memory": 0.38286668062210083, "0141_memory": 0.39216727018356323, "0142_memory": 0.42275625467300415, "0143_memory": 0.43390145897865295, "0144_memory": 0.42372405529022217, "0145_memory": 0.46694567799568176}