{"0001_memory": 0.4839268922805786, "0002_memory": 0.3313467800617218, "0003_memory": 0.45956289768218994, "0004_memory": 0.4409440755844116, "0005_memory": 0.38576385378837585, "0006_memory": 0.3820655941963196, "0007_memory": 0.34615159034729004, "0008_memory": 0.4705997705459595, "0009_memory": 0.3280007839202881, "0010_memory": 0.3850540816783905, "0011_memory": 0.4693930745124817, "0012_memory": 0.3871576488018036, "0013_memory": 0.3790323734283447, "0014_memory": 0.4275549650192261, "0015_memory": 0.44983744621276855, "0016_memory": 0.49612167477607727, "0017_memory": 0.46134305000305176, "0018_memory": 0.35692912340164185, "0019_memory": 0.343502938747406, "0020_memory": 0.35664552450180054, "0021_memory": 0.38976749777793884, "0022_memory": 0.35220086574554443, "0023_memory": 0.3486466407775879, "0024_memory": 0.328696608543396, "0025_memory": 0.34336191415786743, "0026_memory": 0.40886396169662476, "0027_memory": 0.4377332031726837, "0028_memory": 0.393532931804657, "0029_memory": 0.34465962648391724, "0030_memory": 0.44161564111709595, "0031_memory": 0.3837341070175171, "0032_memory": 0.3591007590293884, "0033_memory": 0.46342259645462036, "0034_memory": 0.03162278234958649, "0035_memory": 0.4078744053840637, "0036_memory": 0.44560307264328003, "0037_memory": 0.3645956516265869, "0038_memory": 0.4458116888999939, "0039_memory": 0.3203803300857544, "0040_memory": 0.3687346875667572, "0041_memory": 0.3751944303512573, "0042_memory": 0.3781776428222656, "0043_memory": 0.3561252951622009, "0044_memory": 0.34189504384994507, "0045_memory": 0.3535563051700592, "0046_memory": 0.3634694218635559, "0047_memory": 0.33433032035827637, "0048_memory": 0.35951000452041626, "0049_memory": 0.38935279846191406, "0050_memory": 0.43927913904190063, "0051_memory": 0.3564121425151825, "0052_memory": 0.3701290488243103, "0053_memory": 0.474918395280838, "0054_memory": 0.343619167804718, "0055_memory": 0.32695382833480835, "0056_memory": 0.40599650144577026, "0057_memory": 0.34974026679992676, "0058_memory": 0.4448480010032654, "0059_memory": 0.4474732279777527, "0060_memory": 0.39252138137817383, "0061_memory": 0.2944355607032776, "0062_memory": 0.3337392210960388, "0063_memory": 0.3062247931957245, "0064_memory": 0.371853768825531, "0065_memory": 0.4551442861557007, "0066_memory": 0.4104467034339905, "0067_memory": 0.41473188996315, "0068_memory": 0.4622625708580017, "0069_memory": 0.4258738160133362, "0070_memory": 0.36248478293418884, "0071_memory": 0.2349587231874466, "0072_memory": 0.5083244442939758, "0073_memory": 0.38219213485717773, "0074_memory": 0.3475119173526764, "0075_memory": 0.3917861580848694, "0076_memory": 0.37574708461761475, "0077_memory": 0.39308950304985046, "0078_memory": 0.3336639404296875, "0079_memory": 0.40509146451950073, "0080_memory": 0.4097000062465668, "0081_memory": 0.3689863681793213, "0082_memory": 0.46942758560180664, "0083_memory": 0.42004749178886414, "0084_memory": 0.39962002635002136, "0085_memory": 0.37770384550094604, "0086_memory": 0.40647655725479126, "0087_memory": 0.47842341661453247, "0088_memory": 0.3461343050003052, "0089_memory": 0.37521255016326904, "0090_memory": 0.4652335047721863, "0091_memory": 0.40837758779525757, "0092_memory": 0.4388500154018402, "0093_memory": 0.3820703625679016, "0094_memory": 0.28225964307785034, "0095_memory": 0.36632558703422546, "0096_memory": 0.3299559950828552, "0097_memory": 0.3564518988132477, "0098_memory": 0.34390363097190857, "0099_memory": 0.2655490040779114, "0100_memory": 0.34066832065582275, "0101_memory": 0.30899447202682495, "0102_memory": 0.396514356136322, "0103_memory": 0.33190274238586426, "0104_memory": 0.40460193157196045, "0105_memory": 0.44542044401168823, "0106_memory": 0.40194976329803467, "0107_memory": 0.38944223523139954, "0108_memory": 0.3677346110343933, "0109_memory": 0.3111310303211212, "0110_memory": 0.35875147581100464, "0111_memory": 0.35921114683151245, "0112_memory": 0.3812182545661926, "0113_memory": 0.36015063524246216, "0114_memory": 0.3410758376121521, "0115_memory": 0.3618899881839752, "0116_memory": 0.3747253119945526, "0117_memory": 0.39621007442474365, "0118_memory": 0.3621445298194885, "0119_memory": 0.37068265676498413, "0120_memory": 0.2214389443397522, "0121_memory": 0.3401793837547302, "0122_memory": 0.404011607170105, "0123_memory": 0.39058035612106323, "0124_memory": 0.36647140979766846, "0125_memory": 0.3315398097038269, "0126_memory": 0.3154992461204529, "0127_memory": 0.37602829933166504, "0128_memory": 0.3167591691017151, "0129_memory": 0.3433155417442322, "0130_memory": 0.34379348158836365, "0131_memory": 0.39920473098754883, "0132_memory": 0.3535219728946686, "0133_memory": 0.33770740032196045, "0134_memory": 0.36036986112594604, "0135_memory": 0.40993213653564453, "0136_memory": 0.4243604838848114, "0137_memory": 0.3535245656967163, "0138_memory": 0.48764657974243164, "0139_memory": 0.3945738971233368, "0140_memory": 0.342950701713562, "0141_memory": 0.44365745782852173, "0142_memory": 0.4708348512649536, "0143_memory": 0.46947938203811646, "0144_memory": 0.46608269214630127, "0145_memory": 0.5005834102630615}