{"0001_memory": 0.467004656791687, "0002_memory": 0.3442603051662445, "0003_memory": 0.4055870473384857, "0004_memory": 0.4518156051635742, "0005_memory": 0.3298237919807434, "0006_memory": 0.41202306747436523, "0007_memory": 0.38659995794296265, "0008_memory": 0.4635286331176758, "0009_memory": 0.328995943069458, "0010_memory": 0.4161049723625183, "0011_memory": 0.46221113204956055, "0012_memory": 0.30356931686401367, "0013_memory": 0.3937307596206665, "0014_memory": 0.4318268895149231, "0015_memory": 0.3953770101070404, "0016_memory": 0.4768855571746826, "0017_memory": 0.4079129993915558, "0018_memory": 0.38053059577941895, "0019_memory": 0.3586949408054352, "0020_memory": 0.374889999628067, "0021_memory": 0.40509456396102905, "0022_memory": 0.37893056869506836, "0023_memory": 0.3436276316642761, "0024_memory": 0.3356022238731384, "0025_memory": 0.3435705900192261, "0026_memory": 0.423689603805542, "0027_memory": 0.38075020909309387, "0028_memory": 0.42368483543395996, "0029_memory": 0.3142797350883484, "0030_memory": 0.3863416314125061, "0031_memory": 0.2841263711452484, "0032_memory": 0.3435441255569458, "0033_memory": 0.456875741481781, "0034_memory": 0.3687346875667572, "0035_memory": 0.32652103900909424, "0036_memory": 0.45139986276626587, "0037_memory": 0.20398379862308502, "0038_memory": 0.4504801034927368, "0039_memory": 0.35114818811416626, "0040_memory": 0.03162278234958649, "0041_memory": 0.24912340939044952, "0042_memory": 0.30723467469215393, "0043_memory": 0.371698260307312, "0044_memory": 0.35390424728393555, "0045_memory": 0.30677682161331177, "0046_memory": 0.3226836323738098, "0047_memory": 0.3424443006515503, "0048_memory": 0.3896248936653137, "0049_memory": 0.41652923822402954, "0050_memory": 0.3892672657966614, "0051_memory": 0.3870985507965088, "0052_memory": 0.2673147916793823, "0053_memory": 0.4642027020454407, "0054_memory": 0.3959880471229553, "0055_memory": 0.36986762285232544, "0056_memory": 0.33979976177215576, "0057_memory": 0.3803442418575287, "0058_memory": 0.39199554920196533, "0059_memory": 0.3955027461051941, "0060_memory": 0.4125005006790161, "0061_memory": 0.3536117672920227, "0062_memory": 0.3673303723335266, "0063_memory": 0.3734927773475647, "0064_memory": 0.3900402784347534, "0065_memory": 0.4528617858886719, "0066_memory": 0.41799747943878174, "0067_memory": 0.4250309467315674, "0068_memory": 0.4061836898326874, "0069_memory": 0.3603411912918091, "0070_memory": 0.35752683877944946, "0071_memory": 0.36073094606399536, "0072_memory": 0.4876866042613983, "0073_memory": 0.40042123198509216, "0074_memory": 0.34829992055892944, "0075_memory": 0.39425885677337646, "0076_memory": 0.282831609249115, "0077_memory": 0.3133904039859772, "0078_memory": 0.36940672993659973, "0079_memory": 0.4232925772666931, "0080_memory": 0.4235254228115082, "0081_memory": 0.30189716815948486, "0082_memory": 0.4574037790298462, "0083_memory": 0.4375791847705841, "0084_memory": 0.31908121705055237, "0085_memory": 0.39645883440971375, "0086_memory": 0.41807475686073303, "0087_memory": 0.46491068601608276, "0088_memory": 0.317122220993042, "0089_memory": 0.3850197196006775, "0090_memory": 0.45828956365585327, "0091_memory": 0.33754873275756836, "0092_memory": 0.44554445147514343, "0093_memory": 0.3011791706085205, "0094_memory": 0.3693247139453888, "0095_memory": 0.21273839473724365, "0096_memory": 0.3392373323440552, "0097_memory": 0.34078776836395264, "0098_memory": 0.3339725434780121, "0099_memory": 0.3629802465438843, "0100_memory": 0.37235772609710693, "0101_memory": 0.3639103174209595, "0102_memory": 0.4142710864543915, "0103_memory": 0.35996633768081665, "0104_memory": 0.3262496590614319, "0105_memory": 0.4566355347633362, "0106_memory": 0.4350774884223938, "0107_memory": 0.3178875148296356, "0108_memory": 0.39370065927505493, "0109_memory": 0.3679853677749634, "0110_memory": 0.3151993155479431, "0111_memory": 0.385946124792099, "0112_memory": 0.4050440788269043, "0113_memory": 0.3851364552974701, "0114_memory": 0.38246065378189087, "0115_memory": 0.36398845911026, "0116_memory": 0.39449813961982727, "0117_memory": 0.41131526231765747, "0118_memory": 0.3919069766998291, "0119_memory": 0.3583919405937195, "0120_memory": 0.3596894145011902, "0121_memory": 0.37739476561546326, "0122_memory": 0.4195576310157776, "0123_memory": 0.41227272152900696, "0124_memory": 0.38732293248176575, "0125_memory": 0.3451460003852844, "0126_memory": 0.365960955619812, "0127_memory": 0.23553983867168427, "0128_memory": 0.3429500460624695, "0129_memory": 0.32210320234298706, "0130_memory": 0.34301096200942993, "0131_memory": 0.4167981743812561, "0132_memory": 0.385823130607605, "0133_memory": 0.38576579093933105, "0134_memory": 0.3888815641403198, "0135_memory": 0.4233902096748352, "0136_memory": 0.43309658765792847, "0137_memory": 0.3773851990699768, "0138_memory": 0.47265711426734924, "0139_memory": 0.4129769802093506, "0140_memory": 0.37476521730422974, "0141_memory": 0.4539446532726288, "0142_memory": 0.46223384141921997, "0143_memory": 0.4589514136314392, "0144_memory": 0.45811358094215393, "0145_memory": 0.48257479071617126}