{"0001_memory": 0.4338204860687256, "0002_memory": 0.40345925092697144, "0003_memory": 0.45820802450180054, "0004_memory": 0.33522146940231323, "0005_memory": 0.4190957248210907, "0006_memory": 0.37245696783065796, "0007_memory": 0.3719997704029083, "0008_memory": 0.3907884359359741, "0009_memory": 0.4044497609138489, "0010_memory": 0.36478444933891296, "0011_memory": 0.38850077986717224, "0012_memory": 0.43019747734069824, "0013_memory": 0.37151840329170227, "0014_memory": 0.2926435172557831, "0015_memory": 0.45047205686569214, "0016_memory": 0.4349955916404724, "0017_memory": 0.4559628665447235, "0018_memory": 0.38808584213256836, "0019_memory": 0.37602001428604126, "0020_memory": 0.38460099697113037, "0021_memory": 0.30740615725517273, "0022_memory": 0.36989283561706543, "0023_memory": 0.39663439989089966, "0024_memory": 0.3964235782623291, "0025_memory": 0.40411150455474854, "0026_memory": 0.25275951623916626, "0027_memory": 0.45236438512802124, "0028_memory": 0.3842748999595642, "0029_memory": 0.4089195132255554, "0030_memory": 0.455189049243927, "0031_memory": 0.4191873073577881, "0032_memory": 0.41350018978118896, "0033_memory": 0.37586116790771484, "0034_memory": 0.40647655725479126, "0035_memory": 0.42408138513565063, "0036_memory": 0.35199087858200073, "0037_memory": 0.411703497171402, "0038_memory": 0.3598442077636719, "0039_memory": 0.40876924991607666, "0040_memory": 0.41807475686073303, "0041_memory": 0.4171401262283325, "0042_memory": 0.41028326749801636, "0043_memory": 0.38299834728240967, "0044_memory": 0.3786466419696808, "0045_memory": 0.4107600450515747, "0046_memory": 0.418458491563797, "0047_memory": 0.40958118438720703, "0048_memory": 0.3763465881347656, "0049_memory": 0.35195592045783997, "0050_memory": 0.4488336145877838, "0051_memory": 0.3912820518016815, "0052_memory": 0.41641393303871155, "0053_memory": 0.41496193408966064, "0054_memory": 0.41509127616882324, "0055_memory": 0.3828832507133484, "0056_memory": 0.43160557746887207, "0057_memory": 0.37309888005256653, "0058_memory": 0.449924498796463, "0059_memory": 0.45053744316101074, "0060_memory": 0.3853190541267395, "0061_memory": 0.3981586694717407, "0062_memory": 0.4002842307090759, "0063_memory": 0.4100205898284912, "0064_memory": 0.3870602548122406, "0065_memory": 0.37127548456192017, "0066_memory": 0.20764903724193573, "0067_memory": 0.24372981488704681, "0068_memory": 0.4572443962097168, "0069_memory": 0.4427047371864319, "0070_memory": 0.42097875475883484, "0071_memory": 0.3921926021575928, "0072_memory": 0.4507169723510742, "0073_memory": 0.34320226311683655, "0074_memory": 0.40848833322525024, "0075_memory": 0.31852585077285767, "0076_memory": 0.4189037084579468, "0077_memory": 0.4319917559623718, "0078_memory": 0.39941152930259705, "0079_memory": 0.29728126525878906, "0080_memory": 0.2408924698829651, "0081_memory": 0.42317110300064087, "0082_memory": 0.4065706729888916, "0083_memory": 0.2761605978012085, "0084_memory": 0.42924439907073975, "0085_memory": 0.3767332434654236, "0086_memory": 0.03162278234958649, "0087_memory": 0.42545008659362793, "0088_memory": 0.4027668833732605, "0089_memory": 0.39249834418296814, "0090_memory": 0.386452853679657, "0091_memory": 0.4318113327026367, "0092_memory": 0.3113812804222107, "0093_memory": 0.41414928436279297, "0094_memory": 0.40813153982162476, "0095_memory": 0.4219787120819092, "0096_memory": 0.3902590870857239, "0097_memory": 0.4000718295574188, "0098_memory": 0.4081050753593445, "0099_memory": 0.4020909070968628, "0100_memory": 0.3747408092021942, "0101_memory": 0.3934401869773865, "0102_memory": 0.3035832643508911, "0103_memory": 0.40698719024658203, "0104_memory": 0.4313862919807434, "0105_memory": 0.34506797790527344, "0106_memory": 0.28582409024238586, "0107_memory": 0.41528233885765076, "0108_memory": 0.36979472637176514, "0109_memory": 0.41304516792297363, "0110_memory": 0.41820967197418213, "0111_memory": 0.3756209909915924, "0112_memory": 0.33951258659362793, "0113_memory": 0.36132633686065674, "0114_memory": 0.40279150009155273, "0115_memory": 0.3837612271308899, "0116_memory": 0.38034486770629883, "0117_memory": 0.34023433923721313, "0118_memory": 0.3820528984069824, "0119_memory": 0.4201720654964447, "0120_memory": 0.4000765085220337, "0121_memory": 0.3927946388721466, "0122_memory": 0.20178411900997162, "0123_memory": 0.3715708255767822, "0124_memory": 0.3837047815322876, "0125_memory": 0.40249162912368774, "0126_memory": 0.3987250328063965, "0127_memory": 0.42036107182502747, "0128_memory": 0.40144747495651245, "0129_memory": 0.4128533601760864, "0130_memory": 0.4136219620704651, "0131_memory": 0.34069061279296875, "0132_memory": 0.37208178639411926, "0133_memory": 0.4115017056465149, "0134_memory": 0.372295618057251, "0135_memory": 0.29854175448417664, "0136_memory": 0.2775334417819977, "0137_memory": 0.38655632734298706, "0138_memory": 0.4251607060432434, "0139_memory": 0.3282974660396576, "0140_memory": 0.39648157358169556, "0141_memory": 0.3484601378440857, "0142_memory": 0.38488340377807617, "0143_memory": 0.39971429109573364, "0144_memory": 0.3860127031803131, "0145_memory": 0.44139862060546875}