{"0001_memory": 0.4527142643928528, "0002_memory": 0.3875162899494171, "0003_memory": 0.45579880475997925, "0004_memory": 0.38094502687454224, "0005_memory": 0.41198691725730896, "0006_memory": 0.3437767028808594, "0007_memory": 0.33643385767936707, "0008_memory": 0.42040935158729553, "0009_memory": 0.38718295097351074, "0010_memory": 0.33636239171028137, "0011_memory": 0.40621060132980347, "0012_memory": 0.41720688343048096, "0013_memory": 0.34058141708374023, "0014_memory": 0.34705406427383423, "0015_memory": 0.4445248246192932, "0016_memory": 0.4544997215270996, "0017_memory": 0.45440423488616943, "0018_memory": 0.365365207195282, "0019_memory": 0.3521265983581543, "0020_memory": 0.3549973964691162, "0021_memory": 0.03162278234958649, "0022_memory": 0.34761422872543335, "0023_memory": 0.39494773745536804, "0024_memory": 0.3863137364387512, "0025_memory": 0.3835306763648987, "0026_memory": 0.32534754276275635, "0027_memory": 0.45894771814346313, "0028_memory": 0.3492369055747986, "0029_memory": 0.4002641439437866, "0030_memory": 0.45047855377197266, "0031_memory": 0.4071347713470459, "0032_memory": 0.38999271392822266, "0033_memory": 0.400371789932251, "0034_memory": 0.38976749777793884, "0035_memory": 0.41065388917922974, "0036_memory": 0.3882376551628113, "0037_memory": 0.40504440665245056, "0038_memory": 0.38828033208847046, "0039_memory": 0.37621796131134033, "0040_memory": 0.40509456396102905, "0041_memory": 0.41296836733818054, "0042_memory": 0.3913702070713043, "0043_memory": 0.3620283901691437, "0044_memory": 0.35136035084724426, "0045_memory": 0.3865545392036438, "0046_memory": 0.4061364531517029, "0047_memory": 0.3905988037586212, "0048_memory": 0.3504123389720917, "0049_memory": 0.3205838203430176, "0050_memory": 0.4502018392086029, "0051_memory": 0.37889963388442993, "0052_memory": 0.40995192527770996, "0053_memory": 0.43544214963912964, "0054_memory": 0.38057035207748413, "0055_memory": 0.3670993149280548, "0056_memory": 0.4192731976509094, "0057_memory": 0.35506671667099, "0058_memory": 0.4455106556415558, "0059_memory": 0.4461708962917328, "0060_memory": 0.34979763627052307, "0061_memory": 0.37832608819007874, "0062_memory": 0.39156490564346313, "0063_memory": 0.38371771574020386, "0064_memory": 0.37787163257598877, "0065_memory": 0.3961274027824402, "0066_memory": 0.3190290927886963, "0067_memory": 0.3203606605529785, "0068_memory": 0.45041316747665405, "0069_memory": 0.4514700472354889, "0070_memory": 0.40639665722846985, "0071_memory": 0.3841042220592499, "0072_memory": 0.4669850170612335, "0073_memory": 0.30581188201904297, "0074_memory": 0.398953378200531, "0075_memory": 0.22316965460777283, "0076_memory": 0.3963102102279663, "0077_memory": 0.4154413640499115, "0078_memory": 0.37603455781936646, "0079_memory": 0.2574920654296875, "0080_memory": 0.2998790740966797, "0081_memory": 0.402147114276886, "0082_memory": 0.43083298206329346, "0083_memory": 0.30119630694389343, "0084_memory": 0.4172895848751068, "0085_memory": 0.3433685302734375, "0086_memory": 0.30740615725517273, "0087_memory": 0.44352665543556213, "0088_memory": 0.38522088527679443, "0089_memory": 0.3831309378147125, "0090_memory": 0.4021025598049164, "0091_memory": 0.41341733932495117, "0092_memory": 0.36402571201324463, "0093_memory": 0.4193161725997925, "0094_memory": 0.39585694670677185, "0095_memory": 0.4040890336036682, "0096_memory": 0.38032057881355286, "0097_memory": 0.3877077102661133, "0098_memory": 0.400296151638031, "0099_memory": 0.3874931037425995, "0100_memory": 0.3685767650604248, "0101_memory": 0.3731309771537781, "0102_memory": 0.21912100911140442, "0103_memory": 0.3863316476345062, "0104_memory": 0.43353575468063354, "0105_memory": 0.38954710960388184, "0106_memory": 0.27985405921936035, "0107_memory": 0.4094027578830719, "0108_memory": 0.34924596548080444, "0109_memory": 0.3982064127922058, "0110_memory": 0.410520076751709, "0111_memory": 0.36897265911102295, "0112_memory": 0.29141151905059814, "0113_memory": 0.3676135540008545, "0114_memory": 0.3783266544342041, "0115_memory": 0.3599390983581543, "0116_memory": 0.3865506052970886, "0117_memory": 0.29162731766700745, "0118_memory": 0.3760240077972412, "0119_memory": 0.4062373638153076, "0120_memory": 0.38860052824020386, "0121_memory": 0.37876030802726746, "0122_memory": 0.30632099509239197, "0123_memory": 0.33654922246932983, "0124_memory": 0.36932575702667236, "0125_memory": 0.3949548006057739, "0126_memory": 0.3792949318885803, "0127_memory": 0.40084126591682434, "0128_memory": 0.3872785270214081, "0129_memory": 0.40733301639556885, "0130_memory": 0.401348352432251, "0131_memory": 0.28901615738868713, "0132_memory": 0.34617841243743896, "0133_memory": 0.38331151008605957, "0134_memory": 0.37121516466140747, "0135_memory": 0.2716465890407562, "0136_memory": 0.3448357582092285, "0137_memory": 0.3645640015602112, "0138_memory": 0.4449511170387268, "0139_memory": 0.2601931095123291, "0140_memory": 0.3805118501186371, "0141_memory": 0.38621795177459717, "0142_memory": 0.40892356634140015, "0143_memory": 0.4245114326477051, "0144_memory": 0.409665584564209, "0145_memory": 0.45970553159713745}