{"0001_memory": 0.03162278234958649, "0002_memory": 0.4856528043746948, "0003_memory": 0.4939230680465698, "0004_memory": 0.4073735177516937, "0005_memory": 0.47652488946914673, "0006_memory": 0.4794969856739044, "0007_memory": 0.47910287976264954, "0008_memory": 0.32542094588279724, "0009_memory": 0.4848100244998932, "0010_memory": 0.4796120524406433, "0011_memory": 0.364488422870636, "0012_memory": 0.481587290763855, "0013_memory": 0.4791029691696167, "0014_memory": 0.4098578989505768, "0015_memory": 0.48763781785964966, "0016_memory": 0.3197099566459656, "0017_memory": 0.492709755897522, "0018_memory": 0.4876970052719116, "0019_memory": 0.47777360677719116, "0020_memory": 0.4824965000152588, "0021_memory": 0.4527142643928528, "0022_memory": 0.4788675904273987, "0023_memory": 0.4842348098754883, "0024_memory": 0.478059321641922, "0025_memory": 0.48363086581230164, "0026_memory": 0.41930878162384033, "0027_memory": 0.5026692748069763, "0028_memory": 0.48710712790489197, "0029_memory": 0.48722362518310547, "0030_memory": 0.5011888742446899, "0031_memory": 0.4691290259361267, "0032_memory": 0.4918847978115082, "0033_memory": 0.38699933886528015, "0034_memory": 0.4839268922805786, "0035_memory": 0.4693993926048279, "0036_memory": 0.3975321054458618, "0037_memory": 0.4659700393676758, "0038_memory": 0.39069807529449463, "0039_memory": 0.48699167370796204, "0040_memory": 0.467004656791687, "0041_memory": 0.47157350182533264, "0042_memory": 0.4717177748680115, "0043_memory": 0.4819714426994324, "0044_memory": 0.47368866205215454, "0045_memory": 0.48580947518348694, "0046_memory": 0.4870666265487671, "0047_memory": 0.48755669593811035, "0048_memory": 0.4818769693374634, "0049_memory": 0.4759707450866699, "0050_memory": 0.4961104989051819, "0051_memory": 0.495012491941452, "0052_memory": 0.4731420874595642, "0053_memory": 0.27497243881225586, "0054_memory": 0.5013065338134766, "0055_memory": 0.4783827066421509, "0056_memory": 0.48204612731933594, "0057_memory": 0.4797855615615845, "0058_memory": 0.4919207692146301, "0059_memory": 0.4923756718635559, "0060_memory": 0.4864996075630188, "0061_memory": 0.48308873176574707, "0062_memory": 0.49392449855804443, "0063_memory": 0.4993935227394104, "0064_memory": 0.4941767454147339, "0065_memory": 0.38874322175979614, "0066_memory": 0.42822402715682983, "0067_memory": 0.43226301670074463, "0068_memory": 0.49646925926208496, "0069_memory": 0.4903041124343872, "0070_memory": 0.4969918429851532, "0071_memory": 0.48476749658584595, "0072_memory": 0.3309329152107239, "0073_memory": 0.46926745772361755, "0074_memory": 0.4856523871421814, "0075_memory": 0.4510835111141205, "0076_memory": 0.4778534173965454, "0077_memory": 0.4819946587085724, "0078_memory": 0.4882991313934326, "0079_memory": 0.45506221055984497, "0080_memory": 0.4442117214202881, "0081_memory": 0.48173362016677856, "0082_memory": 0.2828065752983093, "0083_memory": 0.4607955813407898, "0084_memory": 0.46729469299316406, "0085_memory": 0.48258069157600403, "0086_memory": 0.4338204860687256, "0087_memory": 0.2087741196155548, "0088_memory": 0.4833315312862396, "0089_memory": 0.4971126914024353, "0090_memory": 0.3731139898300171, "0091_memory": 0.4784380793571472, "0092_memory": 0.4087583124637604, "0093_memory": 0.48084503412246704, "0094_memory": 0.4899232089519501, "0095_memory": 0.47592344880104065, "0096_memory": 0.4793626666069031, "0097_memory": 0.48756861686706543, "0098_memory": 0.48434656858444214, "0099_memory": 0.4851408302783966, "0100_memory": 0.47986429929733276, "0101_memory": 0.48667609691619873, "0102_memory": 0.4525725841522217, "0103_memory": 0.49125146865844727, "0104_memory": 0.47370782494544983, "0105_memory": 0.40138566493988037, "0106_memory": 0.46054691076278687, "0107_memory": 0.4728406071662903, "0108_memory": 0.4831395447254181, "0109_memory": 0.49996963143348694, "0110_memory": 0.48491397500038147, "0111_memory": 0.48588472604751587, "0112_memory": 0.4619878828525543, "0113_memory": 0.48327454924583435, "0114_memory": 0.4897646903991699, "0115_memory": 0.48361092805862427, "0116_memory": 0.49725162982940674, "0117_memory": 0.4684188961982727, "0118_memory": 0.4897117018699646, "0119_memory": 0.49930673837661743, "0120_memory": 0.4830204248428345, "0121_memory": 0.4849573075771332, "0122_memory": 0.4363153576850891, "0123_memory": 0.48177483677864075, "0124_memory": 0.48742979764938354, "0125_memory": 0.4777442216873169, "0126_memory": 0.4883977770805359, "0127_memory": 0.47323161363601685, "0128_memory": 0.481449693441391, "0129_memory": 0.48305290937423706, "0130_memory": 0.48821014165878296, "0131_memory": 0.46797388792037964, "0132_memory": 0.48268288373947144, "0133_memory": 0.49390411376953125, "0134_memory": 0.48966386914253235, "0135_memory": 0.4596579074859619, "0136_memory": 0.420169472694397, "0137_memory": 0.4801461100578308, "0138_memory": 0.3116634488105774, "0139_memory": 0.4620096981525421, "0140_memory": 0.48606717586517334, "0141_memory": 0.39810246229171753, "0142_memory": 0.3457525372505188, "0143_memory": 0.31106728315353394, "0144_memory": 0.3339851498603821, "0145_memory": 0.3307737708091736}