{"0001_memory": 0.4619878828525543, "0002_memory": 0.38992804288864136, "0003_memory": 0.4575544595718384, "0004_memory": 0.3912738859653473, "0005_memory": 0.4168524146080017, "0006_memory": 0.3023657500743866, "0007_memory": 0.3215739130973816, "0008_memory": 0.44052618741989136, "0009_memory": 0.3823985457420349, "0010_memory": 0.29249584674835205, "0011_memory": 0.4318351149559021, "0012_memory": 0.4276365041732788, "0013_memory": 0.3132314682006836, "0014_memory": 0.3741416335105896, "0015_memory": 0.45244818925857544, "0016_memory": 0.47160184383392334, "0017_memory": 0.461622029542923, "0018_memory": 0.3654300570487976, "0019_memory": 0.3619208037853241, "0020_memory": 0.3717662990093231, "0021_memory": 0.29141151905059814, "0022_memory": 0.32006531953811646, "0023_memory": 0.38269364833831787, "0024_memory": 0.3658984303474426, "0025_memory": 0.3829025626182556, "0026_memory": 0.35013729333877563, "0027_memory": 0.4616701304912567, "0028_memory": 0.3178211450576782, "0029_memory": 0.39724814891815186, "0030_memory": 0.4643271267414093, "0031_memory": 0.41859179735183716, "0032_memory": 0.3991174101829529, "0033_memory": 0.41487300395965576, "0034_memory": 0.3812182545661926, "0035_memory": 0.4208289384841919, "0036_memory": 0.392189085483551, "0037_memory": 0.4032626450061798, "0038_memory": 0.39605221152305603, "0039_memory": 0.3834512233734131, "0040_memory": 0.4050440788269043, "0041_memory": 0.41016000509262085, "0042_memory": 0.41097474098205566, "0043_memory": 0.3696623742580414, "0044_memory": 0.354974627494812, "0045_memory": 0.3995755910873413, "0046_memory": 0.40685921907424927, "0047_memory": 0.39737823605537415, "0048_memory": 0.3302460312843323, "0049_memory": 0.25482553243637085, "0050_memory": 0.4594443440437317, "0051_memory": 0.3717406690120697, "0052_memory": 0.4095708429813385, "0053_memory": 0.4521923065185547, "0054_memory": 0.38843441009521484, "0055_memory": 0.3436867594718933, "0056_memory": 0.4252397418022156, "0057_memory": 0.33390259742736816, "0058_memory": 0.45439857244491577, "0059_memory": 0.4594256281852722, "0060_memory": 0.32828617095947266, "0061_memory": 0.37508583068847656, "0062_memory": 0.39903536438941956, "0063_memory": 0.3916802704334259, "0064_memory": 0.3675517737865448, "0065_memory": 0.41005057096481323, "0066_memory": 0.3446480631828308, "0067_memory": 0.35857293009757996, "0068_memory": 0.45445704460144043, "0069_memory": 0.44191989302635193, "0070_memory": 0.41064950823783875, "0071_memory": 0.37208497524261475, "0072_memory": 0.4853475093841553, "0073_memory": 0.2136181890964508, "0074_memory": 0.38449394702911377, "0075_memory": 0.28328609466552734, "0076_memory": 0.4068506360054016, "0077_memory": 0.4268012046813965, "0078_memory": 0.3765597939491272, "0079_memory": 0.3226066529750824, "0080_memory": 0.3203338384628296, "0081_memory": 0.4032445251941681, "0082_memory": 0.44050151109695435, "0083_memory": 0.34186750650405884, "0084_memory": 0.41283944249153137, "0085_memory": 0.3242647051811218, "0086_memory": 0.33951258659362793, "0087_memory": 0.45798951387405396, "0088_memory": 0.39308440685272217, "0089_memory": 0.37247976660728455, "0090_memory": 0.41782641410827637, "0091_memory": 0.4248805642127991, "0092_memory": 0.3873770534992218, "0093_memory": 0.42233771085739136, "0094_memory": 0.38904619216918945, "0095_memory": 0.4033952057361603, "0096_memory": 0.37470656633377075, "0097_memory": 0.3999163508415222, "0098_memory": 0.38930559158325195, "0099_memory": 0.3761098384857178, "0100_memory": 0.3563283383846283, "0101_memory": 0.37353724241256714, "0102_memory": 0.3002709150314331, "0103_memory": 0.3958006203174591, "0104_memory": 0.4265299141407013, "0105_memory": 0.3943493366241455, "0106_memory": 0.33282172679901123, "0107_memory": 0.4156491160392761, "0108_memory": 0.3339892029762268, "0109_memory": 0.4001759886741638, "0110_memory": 0.40213602781295776, "0111_memory": 0.35258185863494873, "0112_memory": 0.03162278234958649, "0113_memory": 0.3514559864997864, "0114_memory": 0.37313106656074524, "0115_memory": 0.3716821074485779, "0116_memory": 0.38514044880867004, "0117_memory": 0.21612651646137238, "0118_memory": 0.3392599821090698, "0119_memory": 0.4121606945991516, "0120_memory": 0.3859625458717346, "0121_memory": 0.365200400352478, "0122_memory": 0.3335895538330078, "0123_memory": 0.29567915201187134, "0124_memory": 0.3537609875202179, "0125_memory": 0.37665796279907227, "0126_memory": 0.3747991919517517, "0127_memory": 0.40028661489486694, "0128_memory": 0.38259372115135193, "0129_memory": 0.3841824233531952, "0130_memory": 0.39030879735946655, "0131_memory": 0.26024582982063293, "0132_memory": 0.33349379897117615, "0133_memory": 0.3693702220916748, "0134_memory": 0.3583618998527527, "0135_memory": 0.3318506181240082, "0136_memory": 0.37229225039482117, "0137_memory": 0.3633423149585724, "0138_memory": 0.4635244607925415, "0139_memory": 0.28522372245788574, "0140_memory": 0.3663148880004883, "0141_memory": 0.39253491163253784, "0142_memory": 0.4321171045303345, "0143_memory": 0.4427180886268616, "0144_memory": 0.4323055148124695, "0145_memory": 0.47719430923461914}