{"0001_memory": 0.4596579074859619, "0002_memory": 0.4114452302455902, "0003_memory": 0.46146488189697266, "0004_memory": 0.3674275279045105, "0005_memory": 0.4221135973930359, "0006_memory": 0.3489997386932373, "0007_memory": 0.3625604510307312, "0008_memory": 0.41527697443962097, "0009_memory": 0.41484618186950684, "0010_memory": 0.3499263823032379, "0011_memory": 0.4084364175796509, "0012_memory": 0.4161933958530426, "0013_memory": 0.33984220027923584, "0014_memory": 0.34318214654922485, "0015_memory": 0.45998066663742065, "0016_memory": 0.4616597890853882, "0017_memory": 0.47029340267181396, "0018_memory": 0.38132935762405396, "0019_memory": 0.38551729917526245, "0020_memory": 0.3827289640903473, "0021_memory": 0.2716465890407562, "0022_memory": 0.37908220291137695, "0023_memory": 0.40323877334594727, "0024_memory": 0.40634602308273315, "0025_memory": 0.40673214197158813, "0026_memory": 0.3310277462005615, "0027_memory": 0.4573475420475006, "0028_memory": 0.3560107946395874, "0029_memory": 0.4183024764060974, "0030_memory": 0.4603477120399475, "0031_memory": 0.4178045094013214, "0032_memory": 0.4064130485057831, "0033_memory": 0.41320115327835083, "0034_memory": 0.40993213653564453, "0035_memory": 0.43555259704589844, "0036_memory": 0.39888158440589905, "0037_memory": 0.42555487155914307, "0038_memory": 0.40345507860183716, "0039_memory": 0.40929511189460754, "0040_memory": 0.4233902096748352, "0041_memory": 0.4333333969116211, "0042_memory": 0.42047274112701416, "0043_memory": 0.37642815709114075, "0044_memory": 0.3815508484840393, "0045_memory": 0.40169429779052734, "0046_memory": 0.4049546718597412, "0047_memory": 0.411226749420166, "0048_memory": 0.3758026659488678, "0049_memory": 0.34236976504325867, "0050_memory": 0.46454310417175293, "0051_memory": 0.3810846507549286, "0052_memory": 0.4144003689289093, "0053_memory": 0.43742284178733826, "0054_memory": 0.39961129426956177, "0055_memory": 0.38492780923843384, "0056_memory": 0.42297857999801636, "0057_memory": 0.3797537088394165, "0058_memory": 0.4595411717891693, "0059_memory": 0.46182799339294434, "0060_memory": 0.35677582025527954, "0061_memory": 0.4022179841995239, "0062_memory": 0.40476930141448975, "0063_memory": 0.3995116949081421, "0064_memory": 0.3724866509437561, "0065_memory": 0.41239669919013977, "0066_memory": 0.31216058135032654, "0067_memory": 0.3176037669181824, "0068_memory": 0.4577504098415375, "0069_memory": 0.4524955451488495, "0070_memory": 0.4084450602531433, "0071_memory": 0.4020918011665344, "0072_memory": 0.4704768657684326, "0073_memory": 0.33645230531692505, "0074_memory": 0.4054363965988159, "0075_memory": 0.2896929979324341, "0076_memory": 0.4171714782714844, "0077_memory": 0.42933887243270874, "0078_memory": 0.3922448754310608, "0079_memory": 0.20170021057128906, "0080_memory": 0.2695125937461853, "0081_memory": 0.40931302309036255, "0082_memory": 0.435606449842453, "0083_memory": 0.25962817668914795, "0084_memory": 0.44485971331596375, "0085_memory": 0.35879945755004883, "0086_memory": 0.29854175448417664, "0087_memory": 0.44957730174064636, "0088_memory": 0.4133405387401581, "0089_memory": 0.37492281198501587, "0090_memory": 0.4075165092945099, "0091_memory": 0.43347588181495667, "0092_memory": 0.3528335392475128, "0093_memory": 0.4190055727958679, "0094_memory": 0.40350091457366943, "0095_memory": 0.4301108121871948, "0096_memory": 0.40861833095550537, "0097_memory": 0.4158770442008972, "0098_memory": 0.41957247257232666, "0099_memory": 0.40217459201812744, "0100_memory": 0.3924762010574341, "0101_memory": 0.403587281703949, "0102_memory": 0.2589799761772156, "0103_memory": 0.4138794541358948, "0104_memory": 0.4431460499763489, "0105_memory": 0.3971398174762726, "0106_memory": 0.2324860841035843, "0107_memory": 0.4244598150253296, "0108_memory": 0.3709057867527008, "0109_memory": 0.394795298576355, "0110_memory": 0.4075525104999542, "0111_memory": 0.38411903381347656, "0112_memory": 0.3318506181240082, "0113_memory": 0.39231839776039124, "0114_memory": 0.38453924655914307, "0115_memory": 0.37045300006866455, "0116_memory": 0.3842272162437439, "0117_memory": 0.33792510628700256, "0118_memory": 0.3791181743144989, "0119_memory": 0.413245290517807, "0120_memory": 0.3991841673851013, "0121_memory": 0.38436612486839294, "0122_memory": 0.29229411482810974, "0123_memory": 0.3547685146331787, "0124_memory": 0.3911657929420471, "0125_memory": 0.41489648818969727, "0126_memory": 0.4019579589366913, "0127_memory": 0.42531388998031616, "0128_memory": 0.41284048557281494, "0129_memory": 0.42424267530441284, "0130_memory": 0.4113500714302063, "0131_memory": 0.3358023762702942, "0132_memory": 0.38103389739990234, "0133_memory": 0.39093801379203796, "0134_memory": 0.38133320212364197, "0135_memory": 0.03162278234958649, "0136_memory": 0.3462814688682556, "0137_memory": 0.39682847261428833, "0138_memory": 0.4513818025588989, "0139_memory": 0.3095813989639282, "0140_memory": 0.38045454025268555, "0141_memory": 0.3986208438873291, "0142_memory": 0.40135428309440613, "0143_memory": 0.42245936393737793, "0144_memory": 0.40113312005996704, "0145_memory": 0.4648345708847046}