{"0001_memory": 0.48588472604751587, "0002_memory": 0.3599087595939636, "0003_memory": 0.4604520797729492, "0004_memory": 0.4159807562828064, "0005_memory": 0.4063679575920105, "0006_memory": 0.33250367641448975, "0007_memory": 0.31095799803733826, "0008_memory": 0.4686098098754883, "0009_memory": 0.3786674737930298, "0010_memory": 0.3347240686416626, "0011_memory": 0.46506643295288086, "0012_memory": 0.3989117741584778, "0013_memory": 0.3261188864707947, "0014_memory": 0.404243528842926, "0015_memory": 0.4558279514312744, "0016_memory": 0.49426740407943726, "0017_memory": 0.46611344814300537, "0018_memory": 0.3133648633956909, "0019_memory": 0.32181650400161743, "0020_memory": 0.315595805644989, "0021_memory": 0.36897265911102295, "0022_memory": 0.27824509143829346, "0023_memory": 0.36399728059768677, "0024_memory": 0.36033302545547485, "0025_memory": 0.35068321228027344, "0026_memory": 0.3909967541694641, "0027_memory": 0.4362158179283142, "0028_memory": 0.34695693850517273, "0029_memory": 0.3795517683029175, "0030_memory": 0.45154672861099243, "0031_memory": 0.392677903175354, "0032_memory": 0.38407641649246216, "0033_memory": 0.4533580243587494, "0034_memory": 0.35921114683151245, "0035_memory": 0.4077470898628235, "0036_memory": 0.43074309825897217, "0037_memory": 0.3824900984764099, "0038_memory": 0.4333614110946655, "0039_memory": 0.35894501209259033, "0040_memory": 0.385946124792099, "0041_memory": 0.3938038945198059, "0042_memory": 0.393554151058197, "0043_memory": 0.31720948219299316, "0044_memory": 0.3255205750465393, "0045_memory": 0.37622201442718506, "0046_memory": 0.37648749351501465, "0047_memory": 0.36516374349594116, "0048_memory": 0.3089296519756317, "0049_memory": 0.3450199365615845, "0050_memory": 0.44498854875564575, "0051_memory": 0.28404006361961365, "0052_memory": 0.38082724809646606, "0053_memory": 0.4730834662914276, "0054_memory": 0.37168431282043457, "0055_memory": 0.3248280882835388, "0056_memory": 0.4134898781776428, "0057_memory": 0.26340579986572266, "0058_memory": 0.4539474844932556, "0059_memory": 0.4531797468662262, "0060_memory": 0.33649319410324097, "0061_memory": 0.3563007116317749, "0062_memory": 0.35465002059936523, "0063_memory": 0.34912046790122986, "0064_memory": 0.2913780212402344, "0065_memory": 0.44254225492477417, "0066_memory": 0.3766857981681824, "0067_memory": 0.3946484923362732, "0068_memory": 0.46261364221572876, "0069_memory": 0.42996251583099365, "0070_memory": 0.3810184597969055, "0071_memory": 0.3487858474254608, "0072_memory": 0.5067795515060425, "0073_memory": 0.3503252863883972, "0074_memory": 0.3692648112773895, "0075_memory": 0.36301806569099426, "0076_memory": 0.387040376663208, "0077_memory": 0.40012818574905396, "0078_memory": 0.3634223937988281, "0079_memory": 0.3839905261993408, "0080_memory": 0.37830522656440735, "0081_memory": 0.3857780992984772, "0082_memory": 0.47082120180130005, "0083_memory": 0.38633596897125244, "0084_memory": 0.41284704208374023, "0085_memory": 0.3127566874027252, "0086_memory": 0.3756209909915924, "0087_memory": 0.48033255338668823, "0088_memory": 0.37136635184288025, "0089_memory": 0.2902832329273224, "0090_memory": 0.4630858302116394, "0091_memory": 0.41351187229156494, "0092_memory": 0.4156283140182495, "0093_memory": 0.39345812797546387, "0094_memory": 0.3502641022205353, "0095_memory": 0.39287593960762024, "0096_memory": 0.3627285957336426, "0097_memory": 0.3810065984725952, "0098_memory": 0.38347047567367554, "0099_memory": 0.3545628786087036, "0100_memory": 0.3361269235610962, "0101_memory": 0.36137208342552185, "0102_memory": 0.37473875284194946, "0103_memory": 0.3567604422569275, "0104_memory": 0.41126495599746704, "0105_memory": 0.42899006605148315, "0106_memory": 0.3807777166366577, "0107_memory": 0.3976781368255615, "0108_memory": 0.3224565386772156, "0109_memory": 0.3505359888076782, "0110_memory": 0.3790827989578247, "0111_memory": 0.03162278234958649, "0112_memory": 0.35258185863494873, "0113_memory": 0.20091354846954346, "0114_memory": 0.32774582505226135, "0115_memory": 0.3175124228000641, "0116_memory": 0.3178919553756714, "0117_memory": 0.36310499906539917, "0118_memory": 0.2561538517475128, "0119_memory": 0.39147070050239563, "0120_memory": 0.3502922058105469, "0121_memory": 0.34315091371536255, "0122_memory": 0.37326765060424805, "0123_memory": 0.33989065885543823, "0124_memory": 0.2679222822189331, "0125_memory": 0.37156975269317627, "0126_memory": 0.3554444909095764, "0127_memory": 0.3810213804244995, "0128_memory": 0.35417914390563965, "0129_memory": 0.3731765151023865, "0130_memory": 0.36535173654556274, "0131_memory": 0.3639680743217468, "0132_memory": 0.2830854654312134, "0133_memory": 0.36290377378463745, "0134_memory": 0.21241691708564758, "0135_memory": 0.38411903381347656, "0136_memory": 0.4028211832046509, "0137_memory": 0.3394157886505127, "0138_memory": 0.4846150875091553, "0139_memory": 0.37180325388908386, "0140_memory": 0.3467143774032593, "0141_memory": 0.4284220337867737, "0142_memory": 0.4617236256599426, "0143_memory": 0.4655017852783203, "0144_memory": 0.4617268443107605, "0145_memory": 0.4995945990085602}