{"0001_memory": 0.4684188961982727, "0002_memory": 0.3924713134765625, "0003_memory": 0.4653918743133545, "0004_memory": 0.39874398708343506, "0005_memory": 0.4220641851425171, "0006_memory": 0.32386547327041626, "0007_memory": 0.3341764807701111, "0008_memory": 0.4426499307155609, "0009_memory": 0.39799678325653076, "0010_memory": 0.3117421865463257, "0011_memory": 0.43646055459976196, "0012_memory": 0.4197186231613159, "0013_memory": 0.32757142186164856, "0014_memory": 0.3858318626880646, "0015_memory": 0.45906728506088257, "0016_memory": 0.47761982679367065, "0017_memory": 0.4668489098548889, "0018_memory": 0.3830460011959076, "0019_memory": 0.35238638520240784, "0020_memory": 0.3741556406021118, "0021_memory": 0.29162731766700745, "0022_memory": 0.34192782640457153, "0023_memory": 0.3854769766330719, "0024_memory": 0.38449209928512573, "0025_memory": 0.38951194286346436, "0026_memory": 0.3624066710472107, "0027_memory": 0.47159725427627563, "0028_memory": 0.31854426860809326, "0029_memory": 0.4007929861545563, "0030_memory": 0.4718785881996155, "0031_memory": 0.42599350214004517, "0032_memory": 0.4103315472602844, "0033_memory": 0.4204496741294861, "0034_memory": 0.39621007442474365, "0035_memory": 0.42458727955818176, "0036_memory": 0.40085864067077637, "0037_memory": 0.41070014238357544, "0038_memory": 0.40615028142929077, "0039_memory": 0.3997153341770172, "0040_memory": 0.41131526231765747, "0041_memory": 0.4123900830745697, "0042_memory": 0.41721025109291077, "0043_memory": 0.3749080300331116, "0044_memory": 0.35432523488998413, "0045_memory": 0.40653884410858154, "0046_memory": 0.4115203022956848, "0047_memory": 0.40397214889526367, "0048_memory": 0.33634185791015625, "0049_memory": 0.2852689027786255, "0050_memory": 0.465695321559906, "0051_memory": 0.3838008642196655, "0052_memory": 0.4160556197166443, "0053_memory": 0.4574572741985321, "0054_memory": 0.3890625834465027, "0055_memory": 0.35962867736816406, "0056_memory": 0.43054646253585815, "0057_memory": 0.35118645429611206, "0058_memory": 0.45981651544570923, "0059_memory": 0.46076279878616333, "0060_memory": 0.3372161388397217, "0061_memory": 0.37456610798835754, "0062_memory": 0.40629565715789795, "0063_memory": 0.4019482135772705, "0064_memory": 0.37798911333084106, "0065_memory": 0.41519802808761597, "0066_memory": 0.3489578068256378, "0067_memory": 0.3634297847747803, "0068_memory": 0.4640364944934845, "0069_memory": 0.4547244906425476, "0070_memory": 0.40539926290512085, "0071_memory": 0.3810572922229767, "0072_memory": 0.48818543553352356, "0073_memory": 0.25483590364456177, "0074_memory": 0.4006519913673401, "0075_memory": 0.28069067001342773, "0076_memory": 0.40307262539863586, "0077_memory": 0.43121588230133057, "0078_memory": 0.385303795337677, "0079_memory": 0.32858675718307495, "0080_memory": 0.34349602460861206, "0081_memory": 0.4138343036174774, "0082_memory": 0.4537377953529358, "0083_memory": 0.3442513048648834, "0084_memory": 0.4296055734157562, "0085_memory": 0.336203932762146, "0086_memory": 0.34023433923721313, "0087_memory": 0.4618452787399292, "0088_memory": 0.4015212059020996, "0089_memory": 0.38334405422210693, "0090_memory": 0.4314013421535492, "0091_memory": 0.4279412031173706, "0092_memory": 0.3906172215938568, "0093_memory": 0.4199562072753906, "0094_memory": 0.3962094783782959, "0095_memory": 0.41141030192375183, "0096_memory": 0.36984527111053467, "0097_memory": 0.4067438542842865, "0098_memory": 0.3945186734199524, "0099_memory": 0.38659146428108215, "0100_memory": 0.3578709661960602, "0101_memory": 0.3758199214935303, "0102_memory": 0.31518006324768066, "0103_memory": 0.40261104702949524, "0104_memory": 0.43354228138923645, "0105_memory": 0.3991559147834778, "0106_memory": 0.34392961859703064, "0107_memory": 0.4230475127696991, "0108_memory": 0.33870261907577515, "0109_memory": 0.4111942946910858, "0110_memory": 0.3987502455711365, "0111_memory": 0.36310499906539917, "0112_memory": 0.21612651646137238, "0113_memory": 0.36286962032318115, "0114_memory": 0.3818908929824829, "0115_memory": 0.36553895473480225, "0116_memory": 0.3901592493057251, "0117_memory": 0.03162278234958649, "0118_memory": 0.3717896640300751, "0119_memory": 0.4156576991081238, "0120_memory": 0.3928315043449402, "0121_memory": 0.37225979566574097, "0122_memory": 0.3479432463645935, "0123_memory": 0.3077036738395691, "0124_memory": 0.36073213815689087, "0125_memory": 0.3881225287914276, "0126_memory": 0.3849647343158722, "0127_memory": 0.41503119468688965, "0128_memory": 0.3879069685935974, "0129_memory": 0.39739757776260376, "0130_memory": 0.40173810720443726, "0131_memory": 0.22200195491313934, "0132_memory": 0.342642605304718, "0133_memory": 0.38807085156440735, "0134_memory": 0.344738632440567, "0135_memory": 0.33792510628700256, "0136_memory": 0.37786251306533813, "0137_memory": 0.36196112632751465, "0138_memory": 0.46674036979675293, "0139_memory": 0.2792006731033325, "0140_memory": 0.36780625581741333, "0141_memory": 0.39872056245803833, "0142_memory": 0.438161700963974, "0143_memory": 0.44844159483909607, "0144_memory": 0.43813061714172363, "0145_memory": 0.4826841354370117}