{"0001_memory": 0.4728406071662903, "0002_memory": 0.3557303845882416, "0003_memory": 0.38156968355178833, "0004_memory": 0.4463895559310913, "0005_memory": 0.24621647596359253, "0006_memory": 0.4238526225090027, "0007_memory": 0.41279152035713196, "0008_memory": 0.4535635709762573, "0009_memory": 0.34639206528663635, "0010_memory": 0.42274558544158936, "0011_memory": 0.4641958773136139, "0012_memory": 0.31359222531318665, "0013_memory": 0.41750943660736084, "0014_memory": 0.43654149770736694, "0015_memory": 0.3963732123374939, "0016_memory": 0.4764209985733032, "0017_memory": 0.3911838233470917, "0018_memory": 0.40420109033584595, "0019_memory": 0.3907875418663025, "0020_memory": 0.40025603771209717, "0021_memory": 0.4094027578830719, "0022_memory": 0.40250200033187866, "0023_memory": 0.364546537399292, "0024_memory": 0.35624611377716064, "0025_memory": 0.36443090438842773, "0026_memory": 0.43023210763931274, "0027_memory": 0.3608420491218567, "0028_memory": 0.4417320489883423, "0029_memory": 0.33690041303634644, "0030_memory": 0.36993086338043213, "0031_memory": 0.29328829050064087, "0032_memory": 0.3734365999698639, "0033_memory": 0.4636848568916321, "0034_memory": 0.38944223523139954, "0035_memory": 0.31653690338134766, "0036_memory": 0.45324933528900146, "0037_memory": 0.311461865901947, "0038_memory": 0.45931941270828247, "0039_memory": 0.3714505434036255, "0040_memory": 0.3178875148296356, "0041_memory": 0.32067495584487915, "0042_memory": 0.2494129240512848, "0043_memory": 0.38873815536499023, "0044_memory": 0.38568395376205444, "0045_memory": 0.3627726435661316, "0046_memory": 0.3384524881839752, "0047_memory": 0.37536388635635376, "0048_memory": 0.4080732464790344, "0049_memory": 0.42027801275253296, "0050_memory": 0.35477155447006226, "0051_memory": 0.40344053506851196, "0052_memory": 0.30110764503479004, "0053_memory": 0.4560301899909973, "0054_memory": 0.4146391451358795, "0055_memory": 0.3882429003715515, "0056_memory": 0.2751837372779846, "0057_memory": 0.4010375142097473, "0058_memory": 0.37206923961639404, "0059_memory": 0.37116265296936035, "0060_memory": 0.41735613346099854, "0061_memory": 0.3852270245552063, "0062_memory": 0.37751954793930054, "0063_memory": 0.38344740867614746, "0064_memory": 0.38934287428855896, "0065_memory": 0.4642641246318817, "0066_memory": 0.4175586402416229, "0067_memory": 0.43263036012649536, "0068_memory": 0.385551780462265, "0069_memory": 0.34548598527908325, "0070_memory": 0.3834119439125061, "0071_memory": 0.3803786039352417, "0072_memory": 0.49479836225509644, "0073_memory": 0.41782596707344055, "0074_memory": 0.3658730983734131, "0075_memory": 0.40975421667099, "0076_memory": 0.33793050050735474, "0077_memory": 0.3199640214443207, "0078_memory": 0.3943820595741272, "0079_memory": 0.41755813360214233, "0080_memory": 0.409220814704895, "0081_memory": 0.341655433177948, "0082_memory": 0.45580989122390747, "0083_memory": 0.42731931805610657, "0084_memory": 0.32592666149139404, "0085_memory": 0.41818559169769287, "0086_memory": 0.41528233885765076, "0087_memory": 0.4623732268810272, "0088_memory": 0.348082959651947, "0089_memory": 0.4110623598098755, "0090_memory": 0.466103196144104, "0091_memory": 0.31913822889328003, "0092_memory": 0.44536757469177246, "0093_memory": 0.30932730436325073, "0094_memory": 0.37502023577690125, "0095_memory": 0.33580338954925537, "0096_memory": 0.36201930046081543, "0097_memory": 0.36294466257095337, "0098_memory": 0.3381374478340149, "0099_memory": 0.3847307860851288, "0100_memory": 0.393644779920578, "0101_memory": 0.3951749801635742, "0102_memory": 0.4187828004360199, "0103_memory": 0.3783431649208069, "0104_memory": 0.32668164372444153, "0105_memory": 0.45767638087272644, "0106_memory": 0.4252055287361145, "0107_memory": 0.03162278234958649, "0108_memory": 0.41682711243629456, "0109_memory": 0.3814888000488281, "0110_memory": 0.3350769877433777, "0111_memory": 0.3976781368255615, "0112_memory": 0.4156491160392761, "0113_memory": 0.3937966823577881, "0114_memory": 0.3993965983390808, "0115_memory": 0.39970114827156067, "0116_memory": 0.4064318537712097, "0117_memory": 0.4230475127696991, "0118_memory": 0.40088123083114624, "0119_memory": 0.38261231780052185, "0120_memory": 0.37728050351142883, "0121_memory": 0.3780527710914612, "0122_memory": 0.41600364446640015, "0123_memory": 0.432156503200531, "0124_memory": 0.4140473008155823, "0125_memory": 0.3716622292995453, "0126_memory": 0.39776647090911865, "0127_memory": 0.3250369429588318, "0128_memory": 0.364074170589447, "0129_memory": 0.3309130072593689, "0130_memory": 0.346491277217865, "0131_memory": 0.4254816174507141, "0132_memory": 0.4063267111778259, "0133_memory": 0.40285781025886536, "0134_memory": 0.39975225925445557, "0135_memory": 0.4244598150253296, "0136_memory": 0.4445827603340149, "0137_memory": 0.3844423294067383, "0138_memory": 0.4785041809082031, "0139_memory": 0.41362112760543823, "0140_memory": 0.4008163511753082, "0141_memory": 0.4569934904575348, "0142_memory": 0.44426053762435913, "0143_memory": 0.4489244222640991, "0144_memory": 0.4510595202445984, "0145_memory": 0.485931396484375}