{"0001_memory": 0.4784380793571472, "0002_memory": 0.39488160610198975, "0003_memory": 0.37885236740112305, "0004_memory": 0.45497891306877136, "0005_memory": 0.29233187437057495, "0006_memory": 0.4351232945919037, "0007_memory": 0.41544821858406067, "0008_memory": 0.4674595296382904, "0009_memory": 0.38141441345214844, "0010_memory": 0.43945077061653137, "0011_memory": 0.4639686048030853, "0012_memory": 0.3249022960662842, "0013_memory": 0.4332825541496277, "0014_memory": 0.4410631060600281, "0015_memory": 0.37561652064323425, "0016_memory": 0.48358452320098877, "0017_memory": 0.37707793712615967, "0018_memory": 0.41311758756637573, "0019_memory": 0.39834511280059814, "0020_memory": 0.40557077527046204, "0021_memory": 0.41341733932495117, "0022_memory": 0.41481149196624756, "0023_memory": 0.37837424874305725, "0024_memory": 0.37574154138565063, "0025_memory": 0.3820697069168091, "0026_memory": 0.43422916531562805, "0027_memory": 0.35518258810043335, "0028_memory": 0.4408808946609497, "0029_memory": 0.38145822286605835, "0030_memory": 0.35351675748825073, "0031_memory": 0.3124887943267822, "0032_memory": 0.38780760765075684, "0033_memory": 0.46047770977020264, "0034_memory": 0.40837758779525757, "0035_memory": 0.26773205399513245, "0036_memory": 0.4663662612438202, "0037_memory": 0.34099283814430237, "0038_memory": 0.46042105555534363, "0039_memory": 0.38626807928085327, "0040_memory": 0.33754873275756836, "0041_memory": 0.3450765311717987, "0042_memory": 0.3200652599334717, "0043_memory": 0.40706580877304077, "0044_memory": 0.40023887157440186, "0045_memory": 0.38083332777023315, "0046_memory": 0.3452202081680298, "0047_memory": 0.4008733332157135, "0048_memory": 0.42333441972732544, "0049_memory": 0.436440110206604, "0050_memory": 0.36417147517204285, "0051_memory": 0.42398467659950256, "0052_memory": 0.33557313680648804, "0053_memory": 0.47560328245162964, "0054_memory": 0.41270744800567627, "0055_memory": 0.405551016330719, "0056_memory": 0.26839298009872437, "0057_memory": 0.41265013813972473, "0058_memory": 0.36542853713035583, "0059_memory": 0.3738797903060913, "0060_memory": 0.44253408908843994, "0061_memory": 0.40472346544265747, "0062_memory": 0.3990931212902069, "0063_memory": 0.3975464105606079, "0064_memory": 0.4230365753173828, "0065_memory": 0.46616607904434204, "0066_memory": 0.43351972103118896, "0067_memory": 0.43947112560272217, "0068_memory": 0.3754972815513611, "0069_memory": 0.3512106239795685, "0070_memory": 0.40337198972702026, "0071_memory": 0.40490490198135376, "0072_memory": 0.49634650349617004, "0073_memory": 0.42664802074432373, "0074_memory": 0.38363176584243774, "0075_memory": 0.4205000698566437, "0076_memory": 0.34346097707748413, "0077_memory": 0.32369011640548706, "0078_memory": 0.40330833196640015, "0079_memory": 0.426247239112854, "0080_memory": 0.4349098801612854, "0081_memory": 0.3385302424430847, "0082_memory": 0.4684077203273773, "0083_memory": 0.4461020529270172, "0084_memory": 0.300010085105896, "0085_memory": 0.4316245913505554, "0086_memory": 0.4318113327026367, "0087_memory": 0.4741517901420593, "0088_memory": 0.37936294078826904, "0089_memory": 0.4330047369003296, "0090_memory": 0.46129006147384644, "0091_memory": 0.03162278234958649, "0092_memory": 0.45116353034973145, "0093_memory": 0.33050721883773804, "0094_memory": 0.41073358058929443, "0095_memory": 0.3472810387611389, "0096_memory": 0.3819660544395447, "0097_memory": 0.39120596647262573, "0098_memory": 0.384942889213562, "0099_memory": 0.4095193147659302, "0100_memory": 0.4084858298301697, "0101_memory": 0.40326550602912903, "0102_memory": 0.42213064432144165, "0103_memory": 0.3953489065170288, "0104_memory": 0.3300127387046814, "0105_memory": 0.4666305184364319, "0106_memory": 0.43305903673171997, "0107_memory": 0.31913822889328003, "0108_memory": 0.4290934205055237, "0109_memory": 0.4015466272830963, "0110_memory": 0.360002726316452, "0111_memory": 0.41351187229156494, "0112_memory": 0.4248805642127991, "0113_memory": 0.4186335504055023, "0114_memory": 0.4028626084327698, "0115_memory": 0.40810903906822205, "0116_memory": 0.4316409230232239, "0117_memory": 0.4279412031173706, "0118_memory": 0.42118707299232483, "0119_memory": 0.39442959427833557, "0120_memory": 0.4081366956233978, "0121_memory": 0.40581414103507996, "0122_memory": 0.43455439805984497, "0123_memory": 0.4429357647895813, "0124_memory": 0.42379093170166016, "0125_memory": 0.39155593514442444, "0126_memory": 0.4061792492866516, "0127_memory": 0.3334049880504608, "0128_memory": 0.39432305097579956, "0129_memory": 0.3720951974391937, "0130_memory": 0.3691546320915222, "0131_memory": 0.4338669180870056, "0132_memory": 0.4143775701522827, "0133_memory": 0.40561583638191223, "0134_memory": 0.42019134759902954, "0135_memory": 0.43347588181495667, "0136_memory": 0.4461447596549988, "0137_memory": 0.40935391187667847, "0138_memory": 0.4799530804157257, "0139_memory": 0.4303801953792572, "0140_memory": 0.4158977270126343, "0141_memory": 0.46508097648620605, "0142_memory": 0.46354788541793823, "0143_memory": 0.4706937074661255, "0144_memory": 0.46237605810165405, "0145_memory": 0.48796379566192627}