{"0001_memory": 0.48756861686706543, "0002_memory": 0.31618374586105347, "0003_memory": 0.44156214594841003, "0004_memory": 0.44628503918647766, "0005_memory": 0.3809993267059326, "0006_memory": 0.4077368974685669, "0007_memory": 0.38300883769989014, "0008_memory": 0.4730879068374634, "0009_memory": 0.26821303367614746, "0010_memory": 0.41156888008117676, "0011_memory": 0.46858078241348267, "0012_memory": 0.3677430748939514, "0013_memory": 0.3971751928329468, "0014_memory": 0.42370015382766724, "0015_memory": 0.43680715560913086, "0016_memory": 0.4898069500923157, "0017_memory": 0.44209766387939453, "0018_memory": 0.37524521350860596, "0019_memory": 0.3561840057373047, "0020_memory": 0.35789671540260315, "0021_memory": 0.3877077102661133, "0022_memory": 0.38643544912338257, "0023_memory": 0.3201122581958771, "0024_memory": 0.31991511583328247, "0025_memory": 0.3189120590686798, "0026_memory": 0.4191208481788635, "0027_memory": 0.42075684666633606, "0028_memory": 0.4139593243598938, "0029_memory": 0.29436278343200684, "0030_memory": 0.4211934208869934, "0031_memory": 0.3455348014831543, "0032_memory": 0.25988060235977173, "0033_memory": 0.45920661091804504, "0034_memory": 0.3564518988132477, "0035_memory": 0.3725127875804901, "0036_memory": 0.44918808341026306, "0037_memory": 0.32600265741348267, "0038_memory": 0.4505242705345154, "0039_memory": 0.3255619406700134, "0040_memory": 0.34078776836395264, "0041_memory": 0.34906816482543945, "0042_memory": 0.34776031970977783, "0043_memory": 0.3578358292579651, "0044_memory": 0.35303938388824463, "0045_memory": 0.23594316840171814, "0046_memory": 0.33136463165283203, "0047_memory": 0.3205910325050354, "0048_memory": 0.38245296478271484, "0049_memory": 0.40912652015686035, "0050_memory": 0.42376965284347534, "0051_memory": 0.3797021508216858, "0052_memory": 0.3508833944797516, "0053_memory": 0.47644540667533875, "0054_memory": 0.375092089176178, "0055_memory": 0.3600213825702667, "0056_memory": 0.3891434669494629, "0057_memory": 0.3861769437789917, "0058_memory": 0.4327448606491089, "0059_memory": 0.4321800470352173, "0060_memory": 0.39268651604652405, "0061_memory": 0.3362717628479004, "0062_memory": 0.3089248538017273, "0063_memory": 0.354857861995697, "0064_memory": 0.3823338449001312, "0065_memory": 0.45505183935165405, "0066_memory": 0.40548714995384216, "0067_memory": 0.42595764994621277, "0068_memory": 0.4431387782096863, "0069_memory": 0.4104005992412567, "0070_memory": 0.3097643554210663, "0071_memory": 0.34074240922927856, "0072_memory": 0.505008339881897, "0073_memory": 0.4000990390777588, "0074_memory": 0.31789475679397583, "0075_memory": 0.38706672191619873, "0076_memory": 0.3168376088142395, "0077_memory": 0.3601838946342468, "0078_memory": 0.34189099073410034, "0079_memory": 0.40650802850723267, "0080_memory": 0.41374826431274414, "0081_memory": 0.3443603217601776, "0082_memory": 0.4742555618286133, "0083_memory": 0.43054497241973877, "0084_memory": 0.3830850124359131, "0085_memory": 0.38756677508354187, "0086_memory": 0.4000718295574188, "0087_memory": 0.4837149977684021, "0088_memory": 0.23626098036766052, "0089_memory": 0.3946481943130493, "0090_memory": 0.46533405780792236, "0091_memory": 0.39120596647262573, "0092_memory": 0.4384285807609558, "0093_memory": 0.36181408166885376, "0094_memory": 0.34874290227890015, "0095_memory": 0.3355563282966614, "0096_memory": 0.31639450788497925, "0097_memory": 0.03162278234958649, "0098_memory": 0.2959190607070923, "0099_memory": 0.33703404664993286, "0100_memory": 0.3645641803741455, "0101_memory": 0.3338829278945923, "0102_memory": 0.39648041129112244, "0103_memory": 0.3324893116950989, "0104_memory": 0.3847607970237732, "0105_memory": 0.45292699337005615, "0106_memory": 0.420690655708313, "0107_memory": 0.36294466257095337, "0108_memory": 0.3822212815284729, "0109_memory": 0.34897351264953613, "0110_memory": 0.337435781955719, "0111_memory": 0.3810065984725952, "0112_memory": 0.3999163508415222, "0113_memory": 0.36645394563674927, "0114_memory": 0.3670620620250702, "0115_memory": 0.3680848777294159, "0116_memory": 0.3783663511276245, "0117_memory": 0.4067438542842865, "0118_memory": 0.3902595341205597, "0119_memory": 0.30463898181915283, "0120_memory": 0.346823513507843, "0121_memory": 0.3555045425891876, "0122_memory": 0.4110810458660126, "0123_memory": 0.4139373302459717, "0124_memory": 0.39629292488098145, "0125_memory": 0.3311443328857422, "0126_memory": 0.3446482717990875, "0127_memory": 0.3335877060890198, "0128_memory": 0.32407331466674805, "0129_memory": 0.32422664761543274, "0130_memory": 0.3280070424079895, "0131_memory": 0.41173815727233887, "0132_memory": 0.3900098204612732, "0133_memory": 0.36666008830070496, "0134_memory": 0.3849788308143616, "0135_memory": 0.4158770442008972, "0136_memory": 0.43097105622291565, "0137_memory": 0.3605220913887024, "0138_memory": 0.4875492453575134, "0139_memory": 0.40304356813430786, "0140_memory": 0.372483491897583, "0141_memory": 0.4439687132835388, "0142_memory": 0.4642490744590759, "0143_memory": 0.4698390066623688, "0144_memory": 0.46851009130477905, "0145_memory": 0.4973008632659912}