{"0001_memory": 0.4818769693374634, "0002_memory": 0.3714824318885803, "0003_memory": 0.47042316198349, "0004_memory": 0.41935816407203674, "0005_memory": 0.4173813462257385, "0006_memory": 0.3219614326953888, "0007_memory": 0.26673614978790283, "0008_memory": 0.4643617868423462, "0009_memory": 0.3821474313735962, "0010_memory": 0.33169442415237427, "0011_memory": 0.4543277621269226, "0012_memory": 0.40431299805641174, "0013_memory": 0.31119388341903687, "0014_memory": 0.3932686746120453, "0015_memory": 0.4584372043609619, "0016_memory": 0.48611244559288025, "0017_memory": 0.4687008261680603, "0018_memory": 0.34088918566703796, "0019_memory": 0.334513396024704, "0020_memory": 0.3352273106575012, "0021_memory": 0.3504123389720917, "0022_memory": 0.2252921164035797, "0023_memory": 0.3800605833530426, "0024_memory": 0.37513023614883423, "0025_memory": 0.37923768162727356, "0026_memory": 0.38437601923942566, "0027_memory": 0.45070311427116394, "0028_memory": 0.3315066695213318, "0029_memory": 0.3839292526245117, "0030_memory": 0.4540317952632904, "0031_memory": 0.40510547161102295, "0032_memory": 0.3946041464805603, "0033_memory": 0.4396371841430664, "0034_memory": 0.35951000452041626, "0035_memory": 0.4138738512992859, "0036_memory": 0.4209516942501068, "0037_memory": 0.38345232605934143, "0038_memory": 0.42843472957611084, "0039_memory": 0.3786015510559082, "0040_memory": 0.3896248936653137, "0041_memory": 0.39412611722946167, "0042_memory": 0.40540581941604614, "0043_memory": 0.33417534828186035, "0044_memory": 0.339131236076355, "0045_memory": 0.3873092532157898, "0046_memory": 0.39034348726272583, "0047_memory": 0.3822282552719116, "0048_memory": 0.03162278234958649, "0049_memory": 0.3337162435054779, "0050_memory": 0.45637598633766174, "0051_memory": 0.3381267488002777, "0052_memory": 0.39887043833732605, "0053_memory": 0.46832525730133057, "0054_memory": 0.37862125039100647, "0055_memory": 0.35259461402893066, "0056_memory": 0.41825392842292786, "0057_memory": 0.2755635976791382, "0058_memory": 0.45969992876052856, "0059_memory": 0.45998483896255493, "0060_memory": 0.31180092692375183, "0061_memory": 0.3451148271560669, "0062_memory": 0.3691737949848175, "0063_memory": 0.3799144923686981, "0064_memory": 0.3271229863166809, "0065_memory": 0.4365577697753906, "0066_memory": 0.36906081438064575, "0067_memory": 0.3839944303035736, "0068_memory": 0.4690062403678894, "0069_memory": 0.44094666838645935, "0070_memory": 0.4006490707397461, "0071_memory": 0.35076969861984253, "0072_memory": 0.49986547231674194, "0073_memory": 0.3255898058414459, "0074_memory": 0.3889375329017639, "0075_memory": 0.3449690341949463, "0076_memory": 0.37395578622817993, "0077_memory": 0.41137129068374634, "0078_memory": 0.35384267568588257, "0079_memory": 0.3648669421672821, "0080_memory": 0.382013738155365, "0081_memory": 0.39706194400787354, "0082_memory": 0.4664977490901947, "0083_memory": 0.39351093769073486, "0084_memory": 0.4219973683357239, "0085_memory": 0.2922818064689636, "0086_memory": 0.3763465881347656, "0087_memory": 0.47576767206192017, "0088_memory": 0.37818965315818787, "0089_memory": 0.33570170402526855, "0090_memory": 0.4483928978443146, "0091_memory": 0.42333441972732544, "0092_memory": 0.4106825292110443, "0093_memory": 0.4017110764980316, "0094_memory": 0.34745103120803833, "0095_memory": 0.39390480518341064, "0096_memory": 0.3735213279724121, "0097_memory": 0.38245296478271484, "0098_memory": 0.3756570816040039, "0099_memory": 0.3502897620201111, "0100_memory": 0.35310202836990356, "0101_memory": 0.3596055507659912, "0102_memory": 0.35956329107284546, "0103_memory": 0.3806867003440857, "0104_memory": 0.4239821434020996, "0105_memory": 0.4219755530357361, "0106_memory": 0.38552582263946533, "0107_memory": 0.4080732464790344, "0108_memory": 0.24976713955402374, "0109_memory": 0.3816174268722534, "0110_memory": 0.3853661119937897, "0111_memory": 0.3089296519756317, "0112_memory": 0.3302460312843323, "0113_memory": 0.28979042172431946, "0114_memory": 0.37049466371536255, "0115_memory": 0.3342358469963074, "0116_memory": 0.3490666449069977, "0117_memory": 0.33634185791015625, "0118_memory": 0.32448434829711914, "0119_memory": 0.41097551584243774, "0120_memory": 0.3609344959259033, "0121_memory": 0.35614949464797974, "0122_memory": 0.3814707398414612, "0123_memory": 0.3357503414154053, "0124_memory": 0.28969624638557434, "0125_memory": 0.373337984085083, "0126_memory": 0.3602970242500305, "0127_memory": 0.39432042837142944, "0128_memory": 0.37773454189300537, "0129_memory": 0.3837987184524536, "0130_memory": 0.39081960916519165, "0131_memory": 0.3532564043998718, "0132_memory": 0.2575368583202362, "0133_memory": 0.3734694719314575, "0134_memory": 0.3116094470024109, "0135_memory": 0.3758026659488678, "0136_memory": 0.3919580280780792, "0137_memory": 0.34926271438598633, "0138_memory": 0.4783858060836792, "0139_memory": 0.35299742221832275, "0140_memory": 0.360887736082077, "0141_memory": 0.4167950749397278, "0142_memory": 0.45326846837997437, "0143_memory": 0.45797044038772583, "0144_memory": 0.4562586545944214, "0145_memory": 0.49411988258361816}