{"0001_memory": 0.4363153576850891, "0002_memory": 0.4047074019908905, "0003_memory": 0.454242467880249, "0004_memory": 0.3394004702568054, "0005_memory": 0.41694167256355286, "0006_memory": 0.349452942609787, "0007_memory": 0.3729158639907837, "0008_memory": 0.3974860608577728, "0009_memory": 0.40325304865837097, "0010_memory": 0.35945701599121094, "0011_memory": 0.39695656299591064, "0012_memory": 0.4230414032936096, "0013_memory": 0.3679332435131073, "0014_memory": 0.31025734543800354, "0015_memory": 0.4542764127254486, "0016_memory": 0.4418800473213196, "0017_memory": 0.46075761318206787, "0018_memory": 0.3808606266975403, "0019_memory": 0.3820263147354126, "0020_memory": 0.3861715793609619, "0021_memory": 0.30632099509239197, "0022_memory": 0.3739667534828186, "0023_memory": 0.4019896388053894, "0024_memory": 0.39824146032333374, "0025_memory": 0.4006253182888031, "0026_memory": 0.26997077465057373, "0027_memory": 0.45076823234558105, "0028_memory": 0.3791249394416809, "0029_memory": 0.41059690713882446, "0030_memory": 0.4566236138343811, "0031_memory": 0.42471322417259216, "0032_memory": 0.40657126903533936, "0033_memory": 0.3869468569755554, "0034_memory": 0.404011607170105, "0035_memory": 0.4260317385196686, "0036_memory": 0.3646148443222046, "0037_memory": 0.4193444550037384, "0038_memory": 0.36746543645858765, "0039_memory": 0.40739333629608154, "0040_memory": 0.4195576310157776, "0041_memory": 0.418620765209198, "0042_memory": 0.4163282513618469, "0043_memory": 0.38607057929039, "0044_memory": 0.37760433554649353, "0045_memory": 0.41110265254974365, "0046_memory": 0.414396733045578, "0047_memory": 0.41430869698524475, "0048_memory": 0.3814707398414612, "0049_memory": 0.34720343351364136, "0050_memory": 0.45287197828292847, "0051_memory": 0.3846166729927063, "0052_memory": 0.41130346059799194, "0053_memory": 0.4159126877784729, "0054_memory": 0.41116321086883545, "0055_memory": 0.3711334466934204, "0056_memory": 0.42775046825408936, "0057_memory": 0.36847662925720215, "0058_memory": 0.4494091868400574, "0059_memory": 0.45250606536865234, "0060_memory": 0.377907931804657, "0061_memory": 0.3968273997306824, "0062_memory": 0.413646936416626, "0063_memory": 0.40603911876678467, "0064_memory": 0.37942224740982056, "0065_memory": 0.3822649121284485, "0066_memory": 0.24172858893871307, "0067_memory": 0.26652035117149353, "0068_memory": 0.461291640996933, "0069_memory": 0.442394882440567, "0070_memory": 0.4175679683685303, "0071_memory": 0.3958735764026642, "0072_memory": 0.45497313141822815, "0073_memory": 0.34540700912475586, "0074_memory": 0.39779746532440186, "0075_memory": 0.31472015380859375, "0076_memory": 0.4214245080947876, "0077_memory": 0.4313150942325592, "0078_memory": 0.4027084708213806, "0079_memory": 0.27703672647476196, "0080_memory": 0.2120257169008255, "0081_memory": 0.4166133403778076, "0082_memory": 0.4069826900959015, "0083_memory": 0.26801997423171997, "0084_memory": 0.42727068066596985, "0085_memory": 0.37999969720840454, "0086_memory": 0.20178411900997162, "0087_memory": 0.427767813205719, "0088_memory": 0.39515241980552673, "0089_memory": 0.38888677954673767, "0090_memory": 0.38970714807510376, "0091_memory": 0.43455439805984497, "0092_memory": 0.32564741373062134, "0093_memory": 0.42153400182724, "0094_memory": 0.40788352489471436, "0095_memory": 0.42394745349884033, "0096_memory": 0.40297186374664307, "0097_memory": 0.4110810458660126, "0098_memory": 0.4106487035751343, "0099_memory": 0.4054087996482849, "0100_memory": 0.3847994804382324, "0101_memory": 0.39897310733795166, "0102_memory": 0.30034738779067993, "0103_memory": 0.4068666696548462, "0104_memory": 0.4353901743888855, "0105_memory": 0.3533625900745392, "0106_memory": 0.2712172269821167, "0107_memory": 0.41600364446640015, "0108_memory": 0.38139307498931885, "0109_memory": 0.41157639026641846, "0110_memory": 0.41190966963768005, "0111_memory": 0.37326765060424805, "0112_memory": 0.3335895538330078, "0113_memory": 0.3818433880805969, "0114_memory": 0.39502352476119995, "0115_memory": 0.38495537638664246, "0116_memory": 0.39615315198898315, "0117_memory": 0.3479432463645935, "0118_memory": 0.3715043067932129, "0119_memory": 0.41976845264434814, "0120_memory": 0.3973334729671478, "0121_memory": 0.3884926438331604, "0122_memory": 0.03162278234958649, "0123_memory": 0.36452051997184753, "0124_memory": 0.3856332004070282, "0125_memory": 0.40050163865089417, "0126_memory": 0.4000350534915924, "0127_memory": 0.4212481677532196, "0128_memory": 0.40707796812057495, "0129_memory": 0.4127242863178253, "0130_memory": 0.4061298966407776, "0131_memory": 0.33572378754615784, "0132_memory": 0.3783588409423828, "0133_memory": 0.39724791049957275, "0134_memory": 0.37667059898376465, "0135_memory": 0.29229411482810974, "0136_memory": 0.2880740761756897, "0137_memory": 0.38066768646240234, "0138_memory": 0.4306797385215759, "0139_memory": 0.3265087306499481, "0140_memory": 0.38845422863960266, "0141_memory": 0.3612084984779358, "0142_memory": 0.38944894075393677, "0143_memory": 0.40151989459991455, "0144_memory": 0.38574492931365967, "0145_memory": 0.446291983127594}