{"0001_memory": 0.4717177748680115, "0002_memory": 0.36234384775161743, "0003_memory": 0.3877636194229126, "0004_memory": 0.4559297263622284, "0005_memory": 0.28142064809799194, "0006_memory": 0.4236065149307251, "0007_memory": 0.40256983041763306, "0008_memory": 0.4630487263202667, "0009_memory": 0.33861225843429565, "0010_memory": 0.4261583089828491, "0011_memory": 0.4632372260093689, "0012_memory": 0.31495851278305054, "0013_memory": 0.4187471866607666, "0014_memory": 0.4352502226829529, "0015_memory": 0.3965124487876892, "0016_memory": 0.47967225313186646, "0017_memory": 0.4031287729740143, "0018_memory": 0.3988715708255768, "0019_memory": 0.3750266134738922, "0020_memory": 0.3805578351020813, "0021_memory": 0.3913702070713043, "0022_memory": 0.3987675905227661, "0023_memory": 0.3635571599006653, "0024_memory": 0.3595116436481476, "0025_memory": 0.36026230454444885, "0026_memory": 0.41889506578445435, "0027_memory": 0.3662320375442505, "0028_memory": 0.42981648445129395, "0029_memory": 0.33233365416526794, "0030_memory": 0.3643319606781006, "0031_memory": 0.261957585811615, "0032_memory": 0.3638157546520233, "0033_memory": 0.46210426092147827, "0034_memory": 0.3781776428222656, "0035_memory": 0.31231796741485596, "0036_memory": 0.4543520212173462, "0037_memory": 0.30292123556137085, "0038_memory": 0.45346564054489136, "0039_memory": 0.3624451756477356, "0040_memory": 0.30723467469215393, "0041_memory": 0.3154395818710327, "0042_memory": 0.03162278234958649, "0043_memory": 0.38994431495666504, "0044_memory": 0.3788204789161682, "0045_memory": 0.34880518913269043, "0046_memory": 0.34045010805130005, "0047_memory": 0.36262667179107666, "0048_memory": 0.40540581941604614, "0049_memory": 0.42796987295150757, "0050_memory": 0.3698427975177765, "0051_memory": 0.4047292470932007, "0052_memory": 0.30340880155563354, "0053_memory": 0.46512681245803833, "0054_memory": 0.40677228569984436, "0055_memory": 0.3882545828819275, "0056_memory": 0.3159448504447937, "0057_memory": 0.396728515625, "0058_memory": 0.3708753287792206, "0059_memory": 0.37649357318878174, "0060_memory": 0.4284358024597168, "0061_memory": 0.3797825574874878, "0062_memory": 0.374656617641449, "0063_memory": 0.36390018463134766, "0064_memory": 0.402762770652771, "0065_memory": 0.46030211448669434, "0066_memory": 0.41501569747924805, "0067_memory": 0.4134412407875061, "0068_memory": 0.38608044385910034, "0069_memory": 0.3545301556587219, "0070_memory": 0.3818804621696472, "0071_memory": 0.3739515244960785, "0072_memory": 0.4930647611618042, "0073_memory": 0.4137098789215088, "0074_memory": 0.3732006847858429, "0075_memory": 0.40505218505859375, "0076_memory": 0.33292144536972046, "0077_memory": 0.306870698928833, "0078_memory": 0.3916369676589966, "0079_memory": 0.41798585653305054, "0080_memory": 0.41666561365127563, "0081_memory": 0.33628973364830017, "0082_memory": 0.4569666087627411, "0083_memory": 0.4309597611427307, "0084_memory": 0.31791627407073975, "0085_memory": 0.4156544804573059, "0086_memory": 0.41028326749801636, "0087_memory": 0.46514302492141724, "0088_memory": 0.33254140615463257, "0089_memory": 0.39762118458747864, "0090_memory": 0.4624442458152771, "0091_memory": 0.3200652599334717, "0092_memory": 0.4453614354133606, "0093_memory": 0.3177890181541443, "0094_memory": 0.38015806674957275, "0095_memory": 0.3214848041534424, "0096_memory": 0.3502246141433716, "0097_memory": 0.34776031970977783, "0098_memory": 0.34204989671707153, "0099_memory": 0.37765341997146606, "0100_memory": 0.3896695077419281, "0101_memory": 0.37402892112731934, "0102_memory": 0.41133546829223633, "0103_memory": 0.3710777461528778, "0104_memory": 0.3327268362045288, "0105_memory": 0.46116766333580017, "0106_memory": 0.4244118630886078, "0107_memory": 0.2494129240512848, "0108_memory": 0.4117276668548584, "0109_memory": 0.37921273708343506, "0110_memory": 0.3419036865234375, "0111_memory": 0.393554151058197, "0112_memory": 0.41097474098205566, "0113_memory": 0.395669162273407, "0114_memory": 0.39788818359375, "0115_memory": 0.3941311240196228, "0116_memory": 0.406668484210968, "0117_memory": 0.41721025109291077, "0118_memory": 0.3968490958213806, "0119_memory": 0.3781154751777649, "0120_memory": 0.3749659061431885, "0121_memory": 0.3931434750556946, "0122_memory": 0.4163282513618469, "0123_memory": 0.43143635988235474, "0124_memory": 0.40867945551872253, "0125_memory": 0.3662099242210388, "0126_memory": 0.3851339817047119, "0127_memory": 0.3156730532646179, "0128_memory": 0.3621408939361572, "0129_memory": 0.3364129066467285, "0130_memory": 0.3509178161621094, "0131_memory": 0.4249979853630066, "0132_memory": 0.3862950801849365, "0133_memory": 0.4054487943649292, "0134_memory": 0.39338418841362, "0135_memory": 0.42047274112701416, "0136_memory": 0.43732091784477234, "0137_memory": 0.3920750319957733, "0138_memory": 0.47259843349456787, "0139_memory": 0.41478481888771057, "0140_memory": 0.40125349164009094, "0141_memory": 0.4547494053840637, "0142_memory": 0.46366557478904724, "0143_memory": 0.459482342004776, "0144_memory": 0.46173161268234253, "0145_memory": 0.4845849871635437}