{"0001_memory": 0.4856528043746948, "0002_memory": 0.03162278234958649, "0003_memory": 0.44017356634140015, "0004_memory": 0.4437286853790283, "0005_memory": 0.3740554451942444, "0006_memory": 0.39517760276794434, "0007_memory": 0.37170618772506714, "0008_memory": 0.46956005692481995, "0009_memory": 0.3177291750907898, "0010_memory": 0.39876842498779297, "0011_memory": 0.46727949380874634, "0012_memory": 0.3823331296443939, "0013_memory": 0.3850761353969574, "0014_memory": 0.4206155240535736, "0015_memory": 0.43996381759643555, "0016_memory": 0.48749980330467224, "0017_memory": 0.44502267241477966, "0018_memory": 0.3480170667171478, "0019_memory": 0.3297106623649597, "0020_memory": 0.33992934226989746, "0021_memory": 0.3875162899494171, "0022_memory": 0.36452895402908325, "0023_memory": 0.30752450227737427, "0024_memory": 0.27974510192871094, "0025_memory": 0.2991103529930115, "0026_memory": 0.4149794280529022, "0027_memory": 0.4344360828399658, "0028_memory": 0.41066494584083557, "0029_memory": 0.32235103845596313, "0030_memory": 0.43303489685058594, "0031_memory": 0.3624081313610077, "0032_memory": 0.30406272411346436, "0033_memory": 0.4512576460838318, "0034_memory": 0.3313467800617218, "0035_memory": 0.3826122283935547, "0036_memory": 0.4432019889354706, "0037_memory": 0.3374413251876831, "0038_memory": 0.4474315643310547, "0039_memory": 0.2551596164703369, "0040_memory": 0.3442603051662445, "0041_memory": 0.354360431432724, "0042_memory": 0.36234384775161743, "0043_memory": 0.3281368315219879, "0044_memory": 0.3314489722251892, "0045_memory": 0.3195532560348511, "0046_memory": 0.34426552057266235, "0047_memory": 0.2091665416955948, "0048_memory": 0.3714824318885803, "0049_memory": 0.38783401250839233, "0050_memory": 0.4240264296531677, "0051_memory": 0.3542187809944153, "0052_memory": 0.35695478320121765, "0053_memory": 0.47116976976394653, "0054_memory": 0.373177707195282, "0055_memory": 0.34190016984939575, "0056_memory": 0.37223583459854126, "0057_memory": 0.3486289978027344, "0058_memory": 0.43133825063705444, "0059_memory": 0.4273315668106079, "0060_memory": 0.3890215754508972, "0061_memory": 0.3285648822784424, "0062_memory": 0.29497218132019043, "0063_memory": 0.32115042209625244, "0064_memory": 0.32674455642700195, "0065_memory": 0.45555853843688965, "0066_memory": 0.4014478623867035, "0067_memory": 0.4175006151199341, "0068_memory": 0.442020446062088, "0069_memory": 0.41582363843917847, "0070_memory": 0.33141085505485535, "0071_memory": 0.29810839891433716, "0072_memory": 0.5050689578056335, "0073_memory": 0.3861218988895416, "0074_memory": 0.3178836703300476, "0075_memory": 0.38036227226257324, "0076_memory": 0.3349279761314392, "0077_memory": 0.3824458718299866, "0078_memory": 0.3383678197860718, "0079_memory": 0.39771127700805664, "0080_memory": 0.40409448742866516, "0081_memory": 0.3478645086288452, "0082_memory": 0.4707186222076416, "0083_memory": 0.4182097315788269, "0084_memory": 0.3896399438381195, "0085_memory": 0.38455435633659363, "0086_memory": 0.40345925092697144, "0087_memory": 0.4789275527000427, "0088_memory": 0.31201809644699097, "0089_memory": 0.3722701966762543, "0090_memory": 0.46290263533592224, "0091_memory": 0.39488160610198975, "0092_memory": 0.44176435470581055, "0093_memory": 0.376448392868042, "0094_memory": 0.31921419501304626, "0095_memory": 0.34421902894973755, "0096_memory": 0.2505040764808655, "0097_memory": 0.31618374586105347, "0098_memory": 0.3181672692298889, "0099_memory": 0.32866978645324707, "0100_memory": 0.34696418046951294, "0101_memory": 0.34027373790740967, "0102_memory": 0.3970192074775696, "0103_memory": 0.27805081009864807, "0104_memory": 0.39232170581817627, "0105_memory": 0.44712015986442566, "0106_memory": 0.4147903323173523, "0107_memory": 0.3557303845882416, "0108_memory": 0.3835409879684448, "0109_memory": 0.3086313009262085, "0110_memory": 0.3470779359340668, "0111_memory": 0.3599087595939636, "0112_memory": 0.38992804288864136, "0113_memory": 0.35733896493911743, "0114_memory": 0.36020582914352417, "0115_memory": 0.3443816900253296, "0116_memory": 0.3635645806789398, "0117_memory": 0.3924713134765625, "0118_memory": 0.36747968196868896, "0119_memory": 0.341266393661499, "0120_memory": 0.32279425859451294, "0121_memory": 0.3411089777946472, "0122_memory": 0.4047074019908905, "0123_memory": 0.40238654613494873, "0124_memory": 0.3793215751647949, "0125_memory": 0.28374791145324707, "0126_memory": 0.3453657627105713, "0127_memory": 0.3433111310005188, "0128_memory": 0.22092556953430176, "0129_memory": 0.33412012457847595, "0130_memory": 0.3408780097961426, "0131_memory": 0.39305222034454346, "0132_memory": 0.37218040227890015, "0133_memory": 0.3625960052013397, "0134_memory": 0.36191391944885254, "0135_memory": 0.4114452302455902, "0136_memory": 0.4266243577003479, "0137_memory": 0.3335416316986084, "0138_memory": 0.48803529143333435, "0139_memory": 0.3817960023880005, "0140_memory": 0.360959529876709, "0141_memory": 0.44733861088752747, "0142_memory": 0.46432316303253174, "0143_memory": 0.46465104818344116, "0144_memory": 0.46526038646698, "0145_memory": 0.4951125681400299}