{"0001_memory": 0.495012491941452, "0002_memory": 0.3542187809944153, "0003_memory": 0.46489766240119934, "0004_memory": 0.42640793323516846, "0005_memory": 0.40375715494155884, "0006_memory": 0.3486413359642029, "0007_memory": 0.31764715909957886, "0008_memory": 0.4676940143108368, "0009_memory": 0.377300888299942, "0010_memory": 0.35494375228881836, "0011_memory": 0.46727901697158813, "0012_memory": 0.39756470918655396, "0013_memory": 0.3318732976913452, "0014_memory": 0.4110536277294159, "0015_memory": 0.4663538336753845, "0016_memory": 0.5013219714164734, "0017_memory": 0.47418689727783203, "0018_memory": 0.256949245929718, "0019_memory": 0.3137882947921753, "0020_memory": 0.3002879321575165, "0021_memory": 0.37889963388442993, "0022_memory": 0.3169463276863098, "0023_memory": 0.35694825649261475, "0024_memory": 0.3632299304008484, "0025_memory": 0.35092175006866455, "0026_memory": 0.403229296207428, "0027_memory": 0.44182199239730835, "0028_memory": 0.36923718452453613, "0029_memory": 0.3798944056034088, "0030_memory": 0.45414063334465027, "0031_memory": 0.3996260166168213, "0032_memory": 0.37616491317749023, "0033_memory": 0.466070294380188, "0034_memory": 0.3564121425151825, "0035_memory": 0.41933971643447876, "0036_memory": 0.45158663392066956, "0037_memory": 0.3839361071586609, "0038_memory": 0.45832952857017517, "0039_memory": 0.3463193476200104, "0040_memory": 0.3870985507965088, "0041_memory": 0.39754462242126465, "0042_memory": 0.4047292470932007, "0043_memory": 0.29275190830230713, "0044_memory": 0.3177383542060852, "0045_memory": 0.37064290046691895, "0046_memory": 0.36705106496810913, "0047_memory": 0.35743874311447144, "0048_memory": 0.3381267488002777, "0049_memory": 0.3696715235710144, "0050_memory": 0.4532209038734436, "0051_memory": 0.03162278234958649, "0052_memory": 0.3884813189506531, "0053_memory": 0.479004442691803, "0054_memory": 0.349909245967865, "0055_memory": 0.32572460174560547, "0056_memory": 0.41508328914642334, "0057_memory": 0.31489819288253784, "0058_memory": 0.4595519006252289, "0059_memory": 0.460348904132843, "0060_memory": 0.34621959924697876, "0061_memory": 0.36015474796295166, "0062_memory": 0.3396044969558716, "0063_memory": 0.33955174684524536, "0064_memory": 0.21230736374855042, "0065_memory": 0.4565236270427704, "0066_memory": 0.393474817276001, "0067_memory": 0.41156044602394104, "0068_memory": 0.46657222509384155, "0069_memory": 0.43806761503219604, "0070_memory": 0.36012518405914307, "0071_memory": 0.35511910915374756, "0072_memory": 0.513218343257904, "0073_memory": 0.3677965998649597, "0074_memory": 0.35215991735458374, "0075_memory": 0.3788091838359833, "0076_memory": 0.38342905044555664, "0077_memory": 0.401655912399292, "0078_memory": 0.35197585821151733, "0079_memory": 0.3768918812274933, "0080_memory": 0.3761182427406311, "0081_memory": 0.37880939245224, "0082_memory": 0.4800589084625244, "0083_memory": 0.3855683505535126, "0084_memory": 0.42013928294181824, "0085_memory": 0.3219071924686432, "0086_memory": 0.3912820518016815, "0087_memory": 0.4875394105911255, "0088_memory": 0.3746783137321472, "0089_memory": 0.2638166844844818, "0090_memory": 0.46833932399749756, "0091_memory": 0.42398467659950256, "0092_memory": 0.4177582263946533, "0093_memory": 0.39898139238357544, "0094_memory": 0.3487813472747803, "0095_memory": 0.3951472043991089, "0096_memory": 0.3597019910812378, "0097_memory": 0.3797021508216858, "0098_memory": 0.38403189182281494, "0099_memory": 0.3589797019958496, "0100_memory": 0.3395455777645111, "0101_memory": 0.36244869232177734, "0102_memory": 0.37725430727005005, "0103_memory": 0.34867343306541443, "0104_memory": 0.4185006618499756, "0105_memory": 0.448000967502594, "0106_memory": 0.37340372800827026, "0107_memory": 0.40344053506851196, "0108_memory": 0.3487981855869293, "0109_memory": 0.3148711621761322, "0110_memory": 0.3749479651451111, "0111_memory": 0.28404006361961365, "0112_memory": 0.3717406690120697, "0113_memory": 0.31166911125183105, "0114_memory": 0.3176085650920868, "0115_memory": 0.2784815728664398, "0116_memory": 0.2101849764585495, "0117_memory": 0.3838008642196655, "0118_memory": 0.2795860171318054, "0119_memory": 0.37617260217666626, "0120_memory": 0.36044424772262573, "0121_memory": 0.3246666193008423, "0122_memory": 0.3846166729927063, "0123_memory": 0.35811281204223633, "0124_memory": 0.3250386714935303, "0125_memory": 0.36840391159057617, "0126_memory": 0.346377432346344, "0127_memory": 0.3798688054084778, "0128_memory": 0.34271371364593506, "0129_memory": 0.3707243502140045, "0130_memory": 0.37837129831314087, "0131_memory": 0.386401891708374, "0132_memory": 0.3270481526851654, "0133_memory": 0.34244370460510254, "0134_memory": 0.28783974051475525, "0135_memory": 0.3810846507549286, "0136_memory": 0.41452550888061523, "0137_memory": 0.335003137588501, "0138_memory": 0.49320000410079956, "0139_memory": 0.3889291286468506, "0140_memory": 0.339985728263855, "0141_memory": 0.4490225315093994, "0142_memory": 0.4628017246723175, "0143_memory": 0.4713783264160156, "0144_memory": 0.4595187306404114, "0145_memory": 0.5055996775627136}