{"0001_memory": 0.46926745772361755, "0002_memory": 0.3861218988895416, "0003_memory": 0.46067261695861816, "0004_memory": 0.39320075511932373, "0005_memory": 0.420183002948761, "0006_memory": 0.30460765957832336, "0007_memory": 0.3181435465812683, "0008_memory": 0.4433360993862152, "0009_memory": 0.39142125844955444, "0010_memory": 0.28372037410736084, "0011_memory": 0.4369690716266632, "0012_memory": 0.4164871573448181, "0013_memory": 0.30133605003356934, "0014_memory": 0.38018888235092163, "0015_memory": 0.4552103877067566, "0016_memory": 0.4754025936126709, "0017_memory": 0.4625266194343567, "0018_memory": 0.3715544044971466, "0019_memory": 0.3630875051021576, "0020_memory": 0.37052905559539795, "0021_memory": 0.30581188201904297, "0022_memory": 0.3273489475250244, "0023_memory": 0.3823215067386627, "0024_memory": 0.3677322268486023, "0025_memory": 0.3804781436920166, "0026_memory": 0.3641122579574585, "0027_memory": 0.46171045303344727, "0028_memory": 0.30852243304252625, "0029_memory": 0.3695092797279358, "0030_memory": 0.46177583932876587, "0031_memory": 0.4118490219116211, "0032_memory": 0.3971244990825653, "0033_memory": 0.4202425479888916, "0034_memory": 0.38219213485717773, "0035_memory": 0.4124711751937866, "0036_memory": 0.3986949324607849, "0037_memory": 0.3990125358104706, "0038_memory": 0.40389537811279297, "0039_memory": 0.38802021741867065, "0040_memory": 0.40042123198509216, "0041_memory": 0.4066025912761688, "0042_memory": 0.4137098789215088, "0043_memory": 0.368826299905777, "0044_memory": 0.347694993019104, "0045_memory": 0.3926558196544647, "0046_memory": 0.3910369873046875, "0047_memory": 0.37143245339393616, "0048_memory": 0.3255898058414459, "0049_memory": 0.21196414530277252, "0050_memory": 0.46195900440216064, "0051_memory": 0.3677965998649597, "0052_memory": 0.4043547511100769, "0053_memory": 0.4547247886657715, "0054_memory": 0.3861493170261383, "0055_memory": 0.35210245847702026, "0056_memory": 0.4234558641910553, "0057_memory": 0.3270787000656128, "0058_memory": 0.4584141969680786, "0059_memory": 0.45710110664367676, "0060_memory": 0.3210027515888214, "0061_memory": 0.3643336594104767, "0062_memory": 0.3962063789367676, "0063_memory": 0.3906670808792114, "0064_memory": 0.36200088262557983, "0065_memory": 0.41575759649276733, "0066_memory": 0.35159188508987427, "0067_memory": 0.35967370867729187, "0068_memory": 0.4574052691459656, "0069_memory": 0.44354507327079773, "0070_memory": 0.4065128266811371, "0071_memory": 0.3692573606967926, "0072_memory": 0.48352372646331787, "0073_memory": 0.03162278234958649, "0074_memory": 0.3879348039627075, "0075_memory": 0.28183412551879883, "0076_memory": 0.40250498056411743, "0077_memory": 0.42586350440979004, "0078_memory": 0.3710620701313019, "0079_memory": 0.331450879573822, "0080_memory": 0.3451438546180725, "0081_memory": 0.4090598225593567, "0082_memory": 0.45000171661376953, "0083_memory": 0.3500426411628723, "0084_memory": 0.42368414998054504, "0085_memory": 0.32072487473487854, "0086_memory": 0.34320226311683655, "0087_memory": 0.46036040782928467, "0088_memory": 0.3941488564014435, "0089_memory": 0.3644420802593231, "0090_memory": 0.43079662322998047, "0091_memory": 0.42664802074432373, "0092_memory": 0.3861987292766571, "0093_memory": 0.4168682098388672, "0094_memory": 0.3911195993423462, "0095_memory": 0.40853798389434814, "0096_memory": 0.37565314769744873, "0097_memory": 0.4000990390777588, "0098_memory": 0.3962101340293884, "0099_memory": 0.3665282428264618, "0100_memory": 0.3557198643684387, "0101_memory": 0.37233632802963257, "0102_memory": 0.32240623235702515, "0103_memory": 0.39338165521621704, "0104_memory": 0.4279232621192932, "0105_memory": 0.39800167083740234, "0106_memory": 0.342615008354187, "0107_memory": 0.41782596707344055, "0108_memory": 0.3266932964324951, "0109_memory": 0.39426189661026, "0110_memory": 0.3871709108352661, "0111_memory": 0.3503252863883972, "0112_memory": 0.2136181890964508, "0113_memory": 0.3436581790447235, "0114_memory": 0.3712345063686371, "0115_memory": 0.3598789572715759, "0116_memory": 0.38047510385513306, "0117_memory": 0.25483590364456177, "0118_memory": 0.3629995286464691, "0119_memory": 0.4112342596054077, "0120_memory": 0.37010282278060913, "0121_memory": 0.3617987632751465, "0122_memory": 0.34540700912475586, "0123_memory": 0.27608102560043335, "0124_memory": 0.34125447273254395, "0125_memory": 0.377129465341568, "0126_memory": 0.3741805851459503, "0127_memory": 0.4078081548213959, "0128_memory": 0.3857857286930084, "0129_memory": 0.3932267427444458, "0130_memory": 0.38756081461906433, "0131_memory": 0.28255683183670044, "0132_memory": 0.3222063183784485, "0133_memory": 0.3781127333641052, "0134_memory": 0.35597753524780273, "0135_memory": 0.33645230531692505, "0136_memory": 0.37943917512893677, "0137_memory": 0.3651410937309265, "0138_memory": 0.4649437963962555, "0139_memory": 0.2974073886871338, "0140_memory": 0.3570719361305237, "0141_memory": 0.3910462260246277, "0142_memory": 0.43669429421424866, "0143_memory": 0.4453609883785248, "0144_memory": 0.4322817325592041, "0145_memory": 0.4793398976325989}