{"0001_memory": 0.48755669593811035, "0002_memory": 0.2091665416955948, "0003_memory": 0.44642388820648193, "0004_memory": 0.45174944400787354, "0005_memory": 0.3856741189956665, "0006_memory": 0.4012625813484192, "0007_memory": 0.3783189356327057, "0008_memory": 0.4745354950428009, "0009_memory": 0.3233680725097656, "0010_memory": 0.4043557941913605, "0011_memory": 0.469746470451355, "0012_memory": 0.38011157512664795, "0013_memory": 0.3843449354171753, "0014_memory": 0.42744725942611694, "0015_memory": 0.4463694989681244, "0016_memory": 0.49657130241394043, "0017_memory": 0.4522535502910614, "0018_memory": 0.3551165461540222, "0019_memory": 0.33918115496635437, "0020_memory": 0.34015992283821106, "0021_memory": 0.3905988037586212, "0022_memory": 0.37146711349487305, "0023_memory": 0.32213008403778076, "0024_memory": 0.29647788405418396, "0025_memory": 0.3094123601913452, "0026_memory": 0.4208980202674866, "0027_memory": 0.43899038434028625, "0028_memory": 0.4099862277507782, "0029_memory": 0.3055153489112854, "0030_memory": 0.4331580400466919, "0031_memory": 0.35898488759994507, "0032_memory": 0.32611560821533203, "0033_memory": 0.46156442165374756, "0034_memory": 0.33433032035827637, "0035_memory": 0.38988184928894043, "0036_memory": 0.45293503999710083, "0037_memory": 0.34545207023620605, "0038_memory": 0.4529222249984741, "0039_memory": 0.22004280984401703, "0040_memory": 0.3424443006515503, "0041_memory": 0.36435139179229736, "0042_memory": 0.36262667179107666, "0043_memory": 0.3416576683521271, "0044_memory": 0.3268718421459198, "0045_memory": 0.31477808952331543, "0046_memory": 0.34204795956611633, "0047_memory": 0.03162278234958649, "0048_memory": 0.3822282552719116, "0049_memory": 0.40132296085357666, "0050_memory": 0.43412959575653076, "0051_memory": 0.35743874311447144, "0052_memory": 0.361112505197525, "0053_memory": 0.47734397649765015, "0054_memory": 0.37500447034835815, "0055_memory": 0.3522067070007324, "0056_memory": 0.39942440390586853, "0057_memory": 0.3660874366760254, "0058_memory": 0.43933621048927307, "0059_memory": 0.43604540824890137, "0060_memory": 0.4020698070526123, "0061_memory": 0.3261372148990631, "0062_memory": 0.29232317209243774, "0063_memory": 0.3181670904159546, "0064_memory": 0.36019620299339294, "0065_memory": 0.46101075410842896, "0066_memory": 0.4125036597251892, "0067_memory": 0.41823601722717285, "0068_memory": 0.44664400815963745, "0069_memory": 0.4267159700393677, "0070_memory": 0.33827143907546997, "0071_memory": 0.32657861709594727, "0072_memory": 0.504967987537384, "0073_memory": 0.37143245339393616, "0074_memory": 0.32608726620674133, "0075_memory": 0.3779987692832947, "0076_memory": 0.34268975257873535, "0077_memory": 0.3872695863246918, "0078_memory": 0.35333845019340515, "0079_memory": 0.4070231318473816, "0080_memory": 0.41511163115501404, "0081_memory": 0.3514045178890228, "0082_memory": 0.4757006764411926, "0083_memory": 0.427472859621048, "0084_memory": 0.39435476064682007, "0085_memory": 0.38776159286499023, "0086_memory": 0.40958118438720703, "0087_memory": 0.4795146584510803, "0088_memory": 0.32512420415878296, "0089_memory": 0.3561760187149048, "0090_memory": 0.4647880792617798, "0091_memory": 0.4008733332157135, "0092_memory": 0.43996864557266235, "0093_memory": 0.3862398862838745, "0094_memory": 0.3285369873046875, "0095_memory": 0.3496382236480713, "0096_memory": 0.2756502628326416, "0097_memory": 0.3205910325050354, "0098_memory": 0.33562323451042175, "0099_memory": 0.30805906653404236, "0100_memory": 0.35613858699798584, "0101_memory": 0.333802193403244, "0102_memory": 0.4024985432624817, "0103_memory": 0.26212504506111145, "0104_memory": 0.4036576449871063, "0105_memory": 0.4570375978946686, "0106_memory": 0.42063891887664795, "0107_memory": 0.37536388635635376, "0108_memory": 0.3878408670425415, "0109_memory": 0.30051809549331665, "0110_memory": 0.3494413495063782, "0111_memory": 0.36516374349594116, "0112_memory": 0.39737823605537415, "0113_memory": 0.3637019395828247, "0114_memory": 0.3654135465621948, "0115_memory": 0.3430299162864685, "0116_memory": 0.3654550313949585, "0117_memory": 0.40397214889526367, "0118_memory": 0.37023311853408813, "0119_memory": 0.3440214991569519, "0120_memory": 0.31858837604522705, "0121_memory": 0.35838431119918823, "0122_memory": 0.41430869698524475, "0123_memory": 0.40946418046951294, "0124_memory": 0.37785592675209045, "0125_memory": 0.29715925455093384, "0126_memory": 0.34507131576538086, "0127_memory": 0.3486083447933197, "0128_memory": 0.2601976692676544, "0129_memory": 0.3428792655467987, "0130_memory": 0.3518664836883545, "0131_memory": 0.40673691034317017, "0132_memory": 0.36528220772743225, "0133_memory": 0.36584922671318054, "0134_memory": 0.3657081127166748, "0135_memory": 0.411226749420166, "0136_memory": 0.4284975826740265, "0137_memory": 0.35551708936691284, "0138_memory": 0.49209707975387573, "0139_memory": 0.3951537013053894, "0140_memory": 0.3573143482208252, "0141_memory": 0.4510633051395416, "0142_memory": 0.47182196378707886, "0143_memory": 0.4725967049598694, "0144_memory": 0.46667206287384033, "0145_memory": 0.49873843789100647}