{"0001_memory": 0.4870666265487671, "0002_memory": 0.34426552057266235, "0003_memory": 0.41767024993896484, "0004_memory": 0.43304288387298584, "0005_memory": 0.33203351497650146, "0006_memory": 0.38893184065818787, "0007_memory": 0.3901282250881195, "0008_memory": 0.45655888319015503, "0009_memory": 0.32601243257522583, "0010_memory": 0.3915683925151825, "0011_memory": 0.4637569189071655, "0012_memory": 0.31787723302841187, "0013_memory": 0.38371193408966064, "0014_memory": 0.4325345754623413, "0015_memory": 0.42443954944610596, "0016_memory": 0.49639493227005005, "0017_memory": 0.42579108476638794, "0018_memory": 0.37290632724761963, "0019_memory": 0.37188905477523804, "0020_memory": 0.36751702427864075, "0021_memory": 0.4061364531517029, "0022_memory": 0.38868802785873413, "0023_memory": 0.3113725483417511, "0024_memory": 0.32507234811782837, "0025_memory": 0.31131792068481445, "0026_memory": 0.4321165680885315, "0027_memory": 0.40215641260147095, "0028_memory": 0.39928463101387024, "0029_memory": 0.30201584100723267, "0030_memory": 0.40885400772094727, "0031_memory": 0.3363315761089325, "0032_memory": 0.33409711718559265, "0033_memory": 0.46824270486831665, "0034_memory": 0.3634694218635559, "0035_memory": 0.34562239050865173, "0036_memory": 0.4576086699962616, "0037_memory": 0.3034648299217224, "0038_memory": 0.4599679708480835, "0039_memory": 0.34246158599853516, "0040_memory": 0.3226836323738098, "0041_memory": 0.33292385935783386, "0042_memory": 0.34045010805130005, "0043_memory": 0.3680313229560852, "0044_memory": 0.3659539520740509, "0045_memory": 0.3263722062110901, "0046_memory": 0.03162278234958649, "0047_memory": 0.34204795956611633, "0048_memory": 0.39034348726272583, "0049_memory": 0.40204349160194397, "0050_memory": 0.41463279724121094, "0051_memory": 0.36705106496810913, "0052_memory": 0.31075745820999146, "0053_memory": 0.46652156114578247, "0054_memory": 0.36716336011886597, "0055_memory": 0.353382408618927, "0056_memory": 0.33308088779449463, "0057_memory": 0.3815827965736389, "0058_memory": 0.41350555419921875, "0059_memory": 0.41459932923316956, "0060_memory": 0.3975507318973541, "0061_memory": 0.3664136528968811, "0062_memory": 0.3250805139541626, "0063_memory": 0.33207088708877563, "0064_memory": 0.3661736845970154, "0065_memory": 0.4652859568595886, "0066_memory": 0.41401100158691406, "0067_memory": 0.4309106469154358, "0068_memory": 0.414938747882843, "0069_memory": 0.39650455117225647, "0070_memory": 0.3182193636894226, "0071_memory": 0.36030930280685425, "0072_memory": 0.5112007856369019, "0073_memory": 0.3910369873046875, "0074_memory": 0.3145816922187805, "0075_memory": 0.4079256057739258, "0076_memory": 0.2869150638580322, "0077_memory": 0.33995378017425537, "0078_memory": 0.3579612374305725, "0079_memory": 0.40146422386169434, "0080_memory": 0.40687739849090576, "0081_memory": 0.25377821922302246, "0082_memory": 0.4758242070674896, "0083_memory": 0.4097345471382141, "0084_memory": 0.37331151962280273, "0085_memory": 0.3938868045806885, "0086_memory": 0.418458491563797, "0087_memory": 0.47784215211868286, "0088_memory": 0.325356662273407, "0089_memory": 0.37866735458374023, "0090_memory": 0.46708497405052185, "0091_memory": 0.3452202081680298, "0092_memory": 0.4235278069972992, "0093_memory": 0.31085205078125, "0094_memory": 0.3355891704559326, "0095_memory": 0.32398492097854614, "0096_memory": 0.33452191948890686, "0097_memory": 0.33136463165283203, "0098_memory": 0.30841031670570374, "0099_memory": 0.3450154662132263, "0100_memory": 0.37066739797592163, "0101_memory": 0.36840465664863586, "0102_memory": 0.41040533781051636, "0103_memory": 0.343067467212677, "0104_memory": 0.3740527033805847, "0105_memory": 0.4562850594520569, "0106_memory": 0.399545818567276, "0107_memory": 0.3384524881839752, "0108_memory": 0.402294784784317, "0109_memory": 0.3345261216163635, "0110_memory": 0.22327843308448792, "0111_memory": 0.37648749351501465, "0112_memory": 0.40685921907424927, "0113_memory": 0.3769994378089905, "0114_memory": 0.3450874090194702, "0115_memory": 0.3703514337539673, "0116_memory": 0.37870150804519653, "0117_memory": 0.4115203022956848, "0118_memory": 0.37552231550216675, "0119_memory": 0.3292793929576874, "0120_memory": 0.34822046756744385, "0121_memory": 0.3445412814617157, "0122_memory": 0.414396733045578, "0123_memory": 0.3937720060348511, "0124_memory": 0.3899027705192566, "0125_memory": 0.34055858850479126, "0126_memory": 0.3667450249195099, "0127_memory": 0.31110405921936035, "0128_memory": 0.343744158744812, "0129_memory": 0.29155194759368896, "0130_memory": 0.27504974603652954, "0131_memory": 0.41658490896224976, "0132_memory": 0.38022616505622864, "0133_memory": 0.3589829206466675, "0134_memory": 0.37558090686798096, "0135_memory": 0.4049546718597412, "0136_memory": 0.44130653142929077, "0137_memory": 0.3790479898452759, "0138_memory": 0.4921190142631531, "0139_memory": 0.41331547498703003, "0140_memory": 0.35937315225601196, "0141_memory": 0.44745802879333496, "0142_memory": 0.45391303300857544, "0143_memory": 0.4593879282474518, "0144_memory": 0.4502991735935211, "0145_memory": 0.5038816928863525}