{"0001_memory": 0.4778534173965454, "0002_memory": 0.3349279761314392, "0003_memory": 0.41845834255218506, "0004_memory": 0.4468591809272766, "0005_memory": 0.3494288921356201, "0006_memory": 0.4069089889526367, "0007_memory": 0.3836089074611664, "0008_memory": 0.4682457447052002, "0009_memory": 0.3333439826965332, "0010_memory": 0.4168727993965149, "0011_memory": 0.46109116077423096, "0012_memory": 0.3259507119655609, "0013_memory": 0.39738941192626953, "0014_memory": 0.424007773399353, "0015_memory": 0.4093748927116394, "0016_memory": 0.48397326469421387, "0017_memory": 0.4210929572582245, "0018_memory": 0.3802073001861572, "0019_memory": 0.3655197322368622, "0020_memory": 0.3660719394683838, "0021_memory": 0.3963102102279663, "0022_memory": 0.3832240700721741, "0023_memory": 0.3355039060115814, "0024_memory": 0.3349633812904358, "0025_memory": 0.3364946246147156, "0026_memory": 0.42667508125305176, "0027_memory": 0.40347743034362793, "0028_memory": 0.41703808307647705, "0029_memory": 0.3263956904411316, "0030_memory": 0.4085339605808258, "0031_memory": 0.32279205322265625, "0032_memory": 0.3259601294994354, "0033_memory": 0.45541995763778687, "0034_memory": 0.37574708461761475, "0035_memory": 0.326166570186615, "0036_memory": 0.4522606432437897, "0037_memory": 0.28486335277557373, "0038_memory": 0.4549759030342102, "0039_memory": 0.3390687108039856, "0040_memory": 0.282831609249115, "0041_memory": 0.3081834614276886, "0042_memory": 0.33292144536972046, "0043_memory": 0.36294007301330566, "0044_memory": 0.3659822940826416, "0045_memory": 0.3147013783454895, "0046_memory": 0.2869150638580322, "0047_memory": 0.34268975257873535, "0048_memory": 0.37395578622817993, "0049_memory": 0.4110860228538513, "0050_memory": 0.4098539352416992, "0051_memory": 0.38342905044555664, "0052_memory": 0.3159545660018921, "0053_memory": 0.46958979964256287, "0054_memory": 0.385891854763031, "0055_memory": 0.37524285912513733, "0056_memory": 0.34875836968421936, "0057_memory": 0.386915385723114, "0058_memory": 0.41330569982528687, "0059_memory": 0.41132068634033203, "0060_memory": 0.4002825617790222, "0061_memory": 0.35497528314590454, "0062_memory": 0.33719560503959656, "0063_memory": 0.36299699544906616, "0064_memory": 0.3806133568286896, "0065_memory": 0.45677128434181213, "0066_memory": 0.41478538513183594, "0067_memory": 0.4299065172672272, "0068_memory": 0.419791579246521, "0069_memory": 0.39259815216064453, "0070_memory": 0.33734068274497986, "0071_memory": 0.3658612370491028, "0072_memory": 0.49850332736968994, "0073_memory": 0.40250498056411743, "0074_memory": 0.3373550474643707, "0075_memory": 0.39775151014328003, "0076_memory": 0.03162278234958649, "0077_memory": 0.3219097852706909, "0078_memory": 0.3545224666595459, "0079_memory": 0.40760427713394165, "0080_memory": 0.4223507344722748, "0081_memory": 0.24835821986198425, "0082_memory": 0.4681587815284729, "0083_memory": 0.4313717484474182, "0084_memory": 0.3477642834186554, "0085_memory": 0.3901495635509491, "0086_memory": 0.4189037084579468, "0087_memory": 0.4736497700214386, "0088_memory": 0.32051482796669006, "0089_memory": 0.39406782388687134, "0090_memory": 0.45730891823768616, "0091_memory": 0.34346097707748413, "0092_memory": 0.43697962164878845, "0093_memory": 0.3272489309310913, "0094_memory": 0.3516041934490204, "0095_memory": 0.2606799602508545, "0096_memory": 0.33974331617355347, "0097_memory": 0.3168376088142395, "0098_memory": 0.32342684268951416, "0099_memory": 0.3616465926170349, "0100_memory": 0.3761165142059326, "0101_memory": 0.364425927400589, "0102_memory": 0.40272092819213867, "0103_memory": 0.3426496982574463, "0104_memory": 0.36325669288635254, "0105_memory": 0.4559863805770874, "0106_memory": 0.42288297414779663, "0107_memory": 0.33793050050735474, "0108_memory": 0.3953520357608795, "0109_memory": 0.3576433062553406, "0110_memory": 0.30908334255218506, "0111_memory": 0.387040376663208, "0112_memory": 0.4068506360054016, "0113_memory": 0.37800729274749756, "0114_memory": 0.37329554557800293, "0115_memory": 0.3685154318809509, "0116_memory": 0.3903648853302002, "0117_memory": 0.40307262539863586, "0118_memory": 0.393158882856369, "0119_memory": 0.3375047445297241, "0120_memory": 0.3716399371623993, "0121_memory": 0.367053747177124, "0122_memory": 0.4214245080947876, "0123_memory": 0.41499102115631104, "0124_memory": 0.3946274518966675, "0125_memory": 0.34369808435440063, "0126_memory": 0.362101674079895, "0127_memory": 0.2204223871231079, "0128_memory": 0.34277793765068054, "0129_memory": 0.3235129117965698, "0130_memory": 0.33243101835250854, "0131_memory": 0.41314953565597534, "0132_memory": 0.38959360122680664, "0133_memory": 0.3757901191711426, "0134_memory": 0.38440951704978943, "0135_memory": 0.4171714782714844, "0136_memory": 0.4326334297657013, "0137_memory": 0.37566590309143066, "0138_memory": 0.48101717233657837, "0139_memory": 0.4064677953720093, "0140_memory": 0.3853832483291626, "0141_memory": 0.449688196182251, "0142_memory": 0.4579179883003235, "0143_memory": 0.4629598557949066, "0144_memory": 0.4597638249397278, "0145_memory": 0.49191153049468994}