{"0001_memory": 0.4923756718635559, "0002_memory": 0.4273315668106079, "0003_memory": 0.28041601181030273, "0004_memory": 0.48084795475006104, "0005_memory": 0.37447866797447205, "0006_memory": 0.4696788787841797, "0007_memory": 0.462019681930542, "0008_memory": 0.4839369058609009, "0009_memory": 0.42648011445999146, "0010_memory": 0.46679386496543884, "0011_memory": 0.48862263560295105, "0012_memory": 0.4001414179801941, "0013_memory": 0.46802058815956116, "0014_memory": 0.46900588274002075, "0015_memory": 0.324889600276947, "0016_memory": 0.49953097105026245, "0017_memory": 0.33671385049819946, "0018_memory": 0.45337069034576416, "0019_memory": 0.43567806482315063, "0020_memory": 0.445966899394989, "0021_memory": 0.4461708962917328, "0022_memory": 0.4533070921897888, "0023_memory": 0.42423176765441895, "0024_memory": 0.42262977361679077, "0025_memory": 0.4249667823314667, "0026_memory": 0.46305394172668457, "0027_memory": 0.36087483167648315, "0028_memory": 0.4775109887123108, "0029_memory": 0.41815412044525146, "0030_memory": 0.34915924072265625, "0031_memory": 0.3754197061061859, "0032_memory": 0.4324924349784851, "0033_memory": 0.4924565255641937, "0034_memory": 0.4474732279777527, "0035_memory": 0.3621416687965393, "0036_memory": 0.48474422097206116, "0037_memory": 0.39819303154945374, "0038_memory": 0.4875892400741577, "0039_memory": 0.4400133788585663, "0040_memory": 0.3955027461051941, "0041_memory": 0.39977824687957764, "0042_memory": 0.37649357318878174, "0043_memory": 0.45147034525871277, "0044_memory": 0.436384916305542, "0045_memory": 0.4276059567928314, "0046_memory": 0.41459932923316956, "0047_memory": 0.43604540824890137, "0048_memory": 0.45998483896255493, "0049_memory": 0.4625561237335205, "0050_memory": 0.31572139263153076, "0051_memory": 0.460348904132843, "0052_memory": 0.3935777544975281, "0053_memory": 0.4831993579864502, "0054_memory": 0.4690815210342407, "0055_memory": 0.43997830152511597, "0056_memory": 0.3708629012107849, "0057_memory": 0.4528205394744873, "0058_memory": 0.2802661061286926, "0059_memory": 0.03162278234958649, "0060_memory": 0.47682201862335205, "0061_memory": 0.4487939774990082, "0062_memory": 0.44316890835762024, "0063_memory": 0.4454752802848816, "0064_memory": 0.45669037103652954, "0065_memory": 0.4932861328125, "0066_memory": 0.44718503952026367, "0067_memory": 0.4627973437309265, "0068_memory": 0.3172729015350342, "0069_memory": 0.36205819249153137, "0070_memory": 0.44535884261131287, "0071_memory": 0.4399466812610626, "0072_memory": 0.5121798515319824, "0073_memory": 0.45710110664367676, "0074_memory": 0.4367620348930359, "0075_memory": 0.444452166557312, "0076_memory": 0.41132068634033203, "0077_memory": 0.3966773748397827, "0078_memory": 0.45077770948410034, "0079_memory": 0.45513445138931274, "0080_memory": 0.4533050060272217, "0081_memory": 0.41213715076446533, "0082_memory": 0.48077231645584106, "0083_memory": 0.45494890213012695, "0084_memory": 0.35761362314224243, "0085_memory": 0.47015145421028137, "0086_memory": 0.45053744316101074, "0087_memory": 0.4860590100288391, "0088_memory": 0.4232040047645569, "0089_memory": 0.46601811051368713, "0090_memory": 0.48990923166275024, "0091_memory": 0.3738797903060913, "0092_memory": 0.47791168093681335, "0093_memory": 0.4004068374633789, "0094_memory": 0.44249409437179565, "0095_memory": 0.41160082817077637, "0096_memory": 0.4289977550506592, "0097_memory": 0.4321800470352173, "0098_memory": 0.4192504584789276, "0099_memory": 0.4474945068359375, "0100_memory": 0.4392244815826416, "0101_memory": 0.4507300555706024, "0102_memory": 0.4508332908153534, "0103_memory": 0.44330084323883057, "0104_memory": 0.3610574007034302, "0105_memory": 0.4823596477508545, "0106_memory": 0.459148108959198, "0107_memory": 0.37116265296936035, "0108_memory": 0.4682350754737854, "0109_memory": 0.44492340087890625, "0110_memory": 0.40846967697143555, "0111_memory": 0.4531797468662262, "0112_memory": 0.4594256281852722, "0113_memory": 0.453325092792511, "0114_memory": 0.4501497149467468, "0115_memory": 0.4507633447647095, "0116_memory": 0.4629634916782379, "0117_memory": 0.46076279878616333, "0118_memory": 0.46108680963516235, "0119_memory": 0.4424915611743927, "0120_memory": 0.43872734904289246, "0121_memory": 0.4458621144294739, "0122_memory": 0.45250606536865234, "0123_memory": 0.47008633613586426, "0124_memory": 0.4653923511505127, "0125_memory": 0.43395769596099854, "0126_memory": 0.451460599899292, "0127_memory": 0.3989450931549072, "0128_memory": 0.43133819103240967, "0129_memory": 0.4106213450431824, "0130_memory": 0.42222702503204346, "0131_memory": 0.4588019549846649, "0132_memory": 0.4575655162334442, "0133_memory": 0.4616076946258545, "0134_memory": 0.4552018940448761, "0135_memory": 0.46182799339294434, "0136_memory": 0.472560852766037, "0137_memory": 0.4421595335006714, "0138_memory": 0.4934368133544922, "0139_memory": 0.454681396484375, "0140_memory": 0.4530333876609802, "0141_memory": 0.48325932025909424, "0142_memory": 0.4852457046508789, "0143_memory": 0.47720783948898315, "0144_memory": 0.4745282530784607, "0145_memory": 0.5025054216384888}