{"0001_memory": 0.4824965000152588, "0002_memory": 0.33992934226989746, "0003_memory": 0.4554488956928253, "0004_memory": 0.43704909086227417, "0005_memory": 0.4030511975288391, "0006_memory": 0.37467730045318604, "0007_memory": 0.34092602133750916, "0008_memory": 0.4701748490333557, "0009_memory": 0.3618221879005432, "0010_memory": 0.3733978271484375, "0011_memory": 0.46566951274871826, "0012_memory": 0.3970673978328705, "0013_memory": 0.3654440939426422, "0014_memory": 0.41074323654174805, "0015_memory": 0.4493708610534668, "0016_memory": 0.4913477599620819, "0017_memory": 0.456642746925354, "0018_memory": 0.2777724266052246, "0019_memory": 0.22687920928001404, "0020_memory": 0.03162278234958649, "0021_memory": 0.3549973964691162, "0022_memory": 0.3290637135505676, "0023_memory": 0.35432663559913635, "0024_memory": 0.3407856822013855, "0025_memory": 0.3173196315765381, "0026_memory": 0.39548200368881226, "0027_memory": 0.43856221437454224, "0028_memory": 0.38397860527038574, "0029_memory": 0.3648950457572937, "0030_memory": 0.44273996353149414, "0031_memory": 0.3848642110824585, "0032_memory": 0.360774964094162, "0033_memory": 0.4533253610134125, "0034_memory": 0.35664552450180054, "0035_memory": 0.39840245246887207, "0036_memory": 0.44482922554016113, "0037_memory": 0.36532968282699585, "0038_memory": 0.44692304730415344, "0039_memory": 0.3410097360610962, "0040_memory": 0.374889999628067, "0041_memory": 0.381280779838562, "0042_memory": 0.3805578351020813, "0043_memory": 0.20089678466320038, "0044_memory": 0.2676372528076172, "0045_memory": 0.3569762706756592, "0046_memory": 0.36751702427864075, "0047_memory": 0.34015992283821106, "0048_memory": 0.3352273106575012, "0049_memory": 0.3788781762123108, "0050_memory": 0.43761008977890015, "0051_memory": 0.3002879321575165, "0052_memory": 0.37321406602859497, "0053_memory": 0.4702152609825134, "0054_memory": 0.3546639680862427, "0055_memory": 0.3101658523082733, "0056_memory": 0.4064180850982666, "0057_memory": 0.3291233479976654, "0058_memory": 0.4429044723510742, "0059_memory": 0.445966899394989, "0060_memory": 0.3752492666244507, "0061_memory": 0.3453283905982971, "0062_memory": 0.3459981083869934, "0063_memory": 0.34655851125717163, "0064_memory": 0.32022398710250854, "0065_memory": 0.44951409101486206, "0066_memory": 0.3837217390537262, "0067_memory": 0.39117205142974854, "0068_memory": 0.4523029327392578, "0069_memory": 0.4336114525794983, "0070_memory": 0.36616194248199463, "0071_memory": 0.3455619812011719, "0072_memory": 0.5037624835968018, "0073_memory": 0.37052905559539795, "0074_memory": 0.3615747094154358, "0075_memory": 0.36219340562820435, "0076_memory": 0.3660719394683838, "0077_memory": 0.395466148853302, "0078_memory": 0.33728066086769104, "0079_memory": 0.37305259704589844, "0080_memory": 0.387759804725647, "0081_memory": 0.37791603803634644, "0082_memory": 0.46833083033561707, "0083_memory": 0.397664874792099, "0084_memory": 0.4084963798522949, "0085_memory": 0.3494727611541748, "0086_memory": 0.38460099697113037, "0087_memory": 0.47625476121902466, "0088_memory": 0.357699453830719, "0089_memory": 0.321897029876709, "0090_memory": 0.45852163434028625, "0091_memory": 0.40557077527046204, "0092_memory": 0.426510751247406, "0093_memory": 0.3913295567035675, "0094_memory": 0.3583076000213623, "0095_memory": 0.37624591588974, "0096_memory": 0.3403276205062866, "0097_memory": 0.35789671540260315, "0098_memory": 0.3686196804046631, "0099_memory": 0.3413925766944885, "0100_memory": 0.30887162685394287, "0101_memory": 0.3357246518135071, "0102_memory": 0.366237998008728, "0103_memory": 0.3451571762561798, "0104_memory": 0.40895989537239075, "0105_memory": 0.4454590380191803, "0106_memory": 0.3870195150375366, "0107_memory": 0.40025603771209717, "0108_memory": 0.34856846928596497, "0109_memory": 0.35675308108329773, "0110_memory": 0.3811730146408081, "0111_memory": 0.315595805644989, "0112_memory": 0.3717662990093231, "0113_memory": 0.32529085874557495, "0114_memory": 0.3276287317276001, "0115_memory": 0.2532694339752197, "0116_memory": 0.30865001678466797, "0117_memory": 0.3741556406021118, "0118_memory": 0.32516467571258545, "0119_memory": 0.37424957752227783, "0120_memory": 0.35680946707725525, "0121_memory": 0.326315701007843, "0122_memory": 0.3861715793609619, "0123_memory": 0.37016987800598145, "0124_memory": 0.34118640422821045, "0125_memory": 0.34614938497543335, "0126_memory": 0.3317185640335083, "0127_memory": 0.3707084655761719, "0128_memory": 0.3414486050605774, "0129_memory": 0.36973607540130615, "0130_memory": 0.38047486543655396, "0131_memory": 0.3728463649749756, "0132_memory": 0.3301069140434265, "0133_memory": 0.3471514880657196, "0134_memory": 0.3249472379684448, "0135_memory": 0.3827289640903473, "0136_memory": 0.4007778465747833, "0137_memory": 0.29126834869384766, "0138_memory": 0.4793078899383545, "0139_memory": 0.3650255799293518, "0140_memory": 0.32619205117225647, "0141_memory": 0.43916648626327515, "0142_memory": 0.46443724632263184, "0143_memory": 0.4636024832725525, "0144_memory": 0.4619336724281311, "0145_memory": 0.4969092607498169}