{"0001_memory": 0.47986429929733276, "0002_memory": 0.34696418046951294, "0003_memory": 0.4471594989299774, "0004_memory": 0.4356546401977539, "0005_memory": 0.3942689895629883, "0006_memory": 0.3735305666923523, "0007_memory": 0.35377660393714905, "0008_memory": 0.4524872601032257, "0009_memory": 0.35994285345077515, "0010_memory": 0.3766181468963623, "0011_memory": 0.4591670632362366, "0012_memory": 0.39495521783828735, "0013_memory": 0.36784088611602783, "0014_memory": 0.42046964168548584, "0015_memory": 0.44594666361808777, "0016_memory": 0.48525601625442505, "0017_memory": 0.4563530385494232, "0018_memory": 0.3253403604030609, "0019_memory": 0.2835127115249634, "0020_memory": 0.30887162685394287, "0021_memory": 0.3685767650604248, "0022_memory": 0.33932268619537354, "0023_memory": 0.3367616534233093, "0024_memory": 0.33193594217300415, "0025_memory": 0.34267503023147583, "0026_memory": 0.4069480001926422, "0027_memory": 0.44703209400177, "0028_memory": 0.3802504539489746, "0029_memory": 0.36089205741882324, "0030_memory": 0.44896450638771057, "0031_memory": 0.3893582224845886, "0032_memory": 0.36282554268836975, "0033_memory": 0.4517192244529724, "0034_memory": 0.34066832065582275, "0035_memory": 0.40007448196411133, "0036_memory": 0.44212812185287476, "0037_memory": 0.37320777773857117, "0038_memory": 0.44474560022354126, "0039_memory": 0.35611194372177124, "0040_memory": 0.37235772609710693, "0041_memory": 0.3694855570793152, "0042_memory": 0.3896695077419281, "0043_memory": 0.3092782497406006, "0044_memory": 0.2623939514160156, "0045_memory": 0.3599584400653839, "0046_memory": 0.37066739797592163, "0047_memory": 0.35613858699798584, "0048_memory": 0.35310202836990356, "0049_memory": 0.36693039536476135, "0050_memory": 0.44185763597488403, "0051_memory": 0.3395455777645111, "0052_memory": 0.3774717450141907, "0053_memory": 0.46592843532562256, "0054_memory": 0.3239225149154663, "0055_memory": 0.2151021808385849, "0056_memory": 0.4034267067909241, "0057_memory": 0.33877792954444885, "0058_memory": 0.4457682967185974, "0059_memory": 0.4392244815826416, "0060_memory": 0.37442702054977417, "0061_memory": 0.32829129695892334, "0062_memory": 0.3632998764514923, "0063_memory": 0.35562664270401, "0064_memory": 0.34275978803634644, "0065_memory": 0.4505627751350403, "0066_memory": 0.39022135734558105, "0067_memory": 0.40136387944221497, "0068_memory": 0.4479791522026062, "0069_memory": 0.4275156855583191, "0070_memory": 0.3647748827934265, "0071_memory": 0.32353919744491577, "0072_memory": 0.497101366519928, "0073_memory": 0.3557198643684387, "0074_memory": 0.34999117255210876, "0075_memory": 0.36264219880104065, "0076_memory": 0.3761165142059326, "0077_memory": 0.39611393213272095, "0078_memory": 0.32358232140541077, "0079_memory": 0.38650739192962646, "0080_memory": 0.38945698738098145, "0081_memory": 0.3793465793132782, "0082_memory": 0.46402788162231445, "0083_memory": 0.39126157760620117, "0084_memory": 0.40686357021331787, "0085_memory": 0.3636608123779297, "0086_memory": 0.3747408092021942, "0087_memory": 0.4715011715888977, "0088_memory": 0.35368192195892334, "0089_memory": 0.349588543176651, "0090_memory": 0.45857518911361694, "0091_memory": 0.4084858298301697, "0092_memory": 0.4296013116836548, "0093_memory": 0.376321017742157, "0094_memory": 0.3479176163673401, "0095_memory": 0.37900713086128235, "0096_memory": 0.33449411392211914, "0097_memory": 0.3645641803741455, "0098_memory": 0.36258363723754883, "0099_memory": 0.33461856842041016, "0100_memory": 0.03162278234958649, "0101_memory": 0.3226107954978943, "0102_memory": 0.3805190324783325, "0103_memory": 0.35030215978622437, "0104_memory": 0.41182470321655273, "0105_memory": 0.4364180564880371, "0106_memory": 0.3936462700366974, "0107_memory": 0.393644779920578, "0108_memory": 0.3567091226577759, "0109_memory": 0.36181363463401794, "0110_memory": 0.3659997582435608, "0111_memory": 0.3361269235610962, "0112_memory": 0.3563283383846283, "0113_memory": 0.3355787992477417, "0114_memory": 0.29750949144363403, "0115_memory": 0.31817692518234253, "0116_memory": 0.33092594146728516, "0117_memory": 0.3578709661960602, "0118_memory": 0.3411199748516083, "0119_memory": 0.36243629455566406, "0120_memory": 0.34011462330818176, "0121_memory": 0.28097033500671387, "0122_memory": 0.3847994804382324, "0123_memory": 0.37860196828842163, "0124_memory": 0.3478943109512329, "0125_memory": 0.3422735333442688, "0126_memory": 0.32262951135635376, "0127_memory": 0.37483566999435425, "0128_memory": 0.34132468700408936, "0129_memory": 0.3579605221748352, "0130_memory": 0.36747193336486816, "0131_memory": 0.36281150579452515, "0132_memory": 0.3465149998664856, "0133_memory": 0.324813574552536, "0134_memory": 0.3319751024246216, "0135_memory": 0.3924762010574341, "0136_memory": 0.41611337661743164, "0137_memory": 0.2471885085105896, "0138_memory": 0.47266682982444763, "0139_memory": 0.36579734086990356, "0140_memory": 0.2546024024486542, "0141_memory": 0.4416404366493225, "0142_memory": 0.456799179315567, "0143_memory": 0.4575115442276001, "0144_memory": 0.45216894149780273, "0145_memory": 0.4899955987930298}