{"0001_memory": 0.4941767454147339, "0002_memory": 0.32674455642700195, "0003_memory": 0.46428680419921875, "0004_memory": 0.4203486442565918, "0005_memory": 0.40343916416168213, "0006_memory": 0.34068143367767334, "0007_memory": 0.3317180275917053, "0008_memory": 0.4646211266517639, "0009_memory": 0.380881130695343, "0010_memory": 0.35344064235687256, "0011_memory": 0.4641197919845581, "0012_memory": 0.3940573036670685, "0013_memory": 0.323509156703949, "0014_memory": 0.4084222912788391, "0015_memory": 0.4661722779273987, "0016_memory": 0.4967729449272156, "0017_memory": 0.47157928347587585, "0018_memory": 0.28141874074935913, "0019_memory": 0.31830739974975586, "0020_memory": 0.32022398710250854, "0021_memory": 0.37787163257598877, "0022_memory": 0.31918734312057495, "0023_memory": 0.3517375588417053, "0024_memory": 0.35981500148773193, "0025_memory": 0.3635150194168091, "0026_memory": 0.4032413959503174, "0027_memory": 0.44417262077331543, "0028_memory": 0.3608190417289734, "0029_memory": 0.37987828254699707, "0030_memory": 0.4507111608982086, "0031_memory": 0.4010956883430481, "0032_memory": 0.3618244528770447, "0033_memory": 0.4601232409477234, "0034_memory": 0.371853768825531, "0035_memory": 0.41840678453445435, "0036_memory": 0.4448655843734741, "0037_memory": 0.38448366522789, "0038_memory": 0.4554738402366638, "0039_memory": 0.3516743779182434, "0040_memory": 0.3900402784347534, "0041_memory": 0.3988460302352905, "0042_memory": 0.402762770652771, "0043_memory": 0.2895839214324951, "0044_memory": 0.3208288550376892, "0045_memory": 0.3741132318973541, "0046_memory": 0.3661736845970154, "0047_memory": 0.36019620299339294, "0048_memory": 0.3271229863166809, "0049_memory": 0.35911238193511963, "0050_memory": 0.45670050382614136, "0051_memory": 0.21230736374855042, "0052_memory": 0.3891063928604126, "0053_memory": 0.47417405247688293, "0054_memory": 0.3578681945800781, "0055_memory": 0.32942962646484375, "0056_memory": 0.3970448970794678, "0057_memory": 0.28888681530952454, "0058_memory": 0.4566119909286499, "0059_memory": 0.45669037103652954, "0060_memory": 0.3294564485549927, "0061_memory": 0.3632076680660248, "0062_memory": 0.3425999879837036, "0063_memory": 0.3438832759857178, "0064_memory": 0.03162278234958649, "0065_memory": 0.46402740478515625, "0066_memory": 0.38881224393844604, "0067_memory": 0.4050849676132202, "0068_memory": 0.4677491784095764, "0069_memory": 0.43104368448257446, "0070_memory": 0.3698439598083496, "0071_memory": 0.3511130213737488, "0072_memory": 0.5117707848548889, "0073_memory": 0.36200088262557983, "0074_memory": 0.3543856739997864, "0075_memory": 0.3776901364326477, "0076_memory": 0.3806133568286896, "0077_memory": 0.40798717737197876, "0078_memory": 0.34256547689437866, "0079_memory": 0.3665294051170349, "0080_memory": 0.3685417175292969, "0081_memory": 0.3802248537540436, "0082_memory": 0.4802890717983246, "0083_memory": 0.3784220516681671, "0084_memory": 0.41917192935943604, "0085_memory": 0.3315943479537964, "0086_memory": 0.3870602548122406, "0087_memory": 0.4855724573135376, "0088_memory": 0.37949591875076294, "0089_memory": 0.21249225735664368, "0090_memory": 0.4671761393547058, "0091_memory": 0.4230365753173828, "0092_memory": 0.41574394702911377, "0093_memory": 0.3954271972179413, "0094_memory": 0.342737078666687, "0095_memory": 0.39586251974105835, "0096_memory": 0.361162006855011, "0097_memory": 0.3823338449001312, "0098_memory": 0.3744426369667053, "0099_memory": 0.362429678440094, "0100_memory": 0.34275978803634644, "0101_memory": 0.3652084469795227, "0102_memory": 0.3813779354095459, "0103_memory": 0.3509875535964966, "0104_memory": 0.42189130187034607, "0105_memory": 0.44221362471580505, "0106_memory": 0.37723106145858765, "0107_memory": 0.38934287428855896, "0108_memory": 0.34457796812057495, "0109_memory": 0.3389659523963928, "0110_memory": 0.3740193247795105, "0111_memory": 0.2913780212402344, "0112_memory": 0.3675517737865448, "0113_memory": 0.29725220799446106, "0114_memory": 0.33514729142189026, "0115_memory": 0.2927524745464325, "0116_memory": 0.26134592294692993, "0117_memory": 0.37798911333084106, "0118_memory": 0.2564270496368408, "0119_memory": 0.3814812898635864, "0120_memory": 0.357016384601593, "0121_memory": 0.3128173351287842, "0122_memory": 0.37942224740982056, "0123_memory": 0.3641206622123718, "0124_memory": 0.3257112503051758, "0125_memory": 0.37030550837516785, "0126_memory": 0.3635217547416687, "0127_memory": 0.3882806897163391, "0128_memory": 0.3640245795249939, "0129_memory": 0.38314855098724365, "0130_memory": 0.37647679448127747, "0131_memory": 0.38571831583976746, "0132_memory": 0.32244962453842163, "0133_memory": 0.3497040271759033, "0134_memory": 0.2756221890449524, "0135_memory": 0.3724866509437561, "0136_memory": 0.4163406491279602, "0137_memory": 0.3270149230957031, "0138_memory": 0.4965275526046753, "0139_memory": 0.3834820091724396, "0140_memory": 0.33747705817222595, "0141_memory": 0.44757789373397827, "0142_memory": 0.4569362699985504, "0143_memory": 0.4662996530532837, "0144_memory": 0.45695680379867554, "0145_memory": 0.5039101243019104}