{"0001_memory": 0.47652488946914673, "0002_memory": 0.3740554451942444, "0003_memory": 0.3725126385688782, "0004_memory": 0.4419829249382019, "0005_memory": 0.03162278234958649, "0006_memory": 0.4212517738342285, "0007_memory": 0.40405890345573425, "0008_memory": 0.4483203887939453, "0009_memory": 0.3560965657234192, "0010_memory": 0.42700839042663574, "0011_memory": 0.4564509987831116, "0012_memory": 0.31115618348121643, "0013_memory": 0.41620934009552, "0014_memory": 0.43872106075286865, "0015_memory": 0.3857094347476959, "0016_memory": 0.4852261543273926, "0017_memory": 0.3936673402786255, "0018_memory": 0.3994751572608948, "0019_memory": 0.39683079719543457, "0020_memory": 0.4030511975288391, "0021_memory": 0.41198691725730896, "0022_memory": 0.41014111042022705, "0023_memory": 0.3648499846458435, "0024_memory": 0.3622424006462097, "0025_memory": 0.37148886919021606, "0026_memory": 0.4138229787349701, "0027_memory": 0.3532901704311371, "0028_memory": 0.43663012981414795, "0029_memory": 0.3537628948688507, "0030_memory": 0.3698234558105469, "0031_memory": 0.31171292066574097, "0032_memory": 0.38150691986083984, "0033_memory": 0.4701359272003174, "0034_memory": 0.38576385378837585, "0035_memory": 0.31533828377723694, "0036_memory": 0.4626105725765228, "0037_memory": 0.3265567719936371, "0038_memory": 0.4616836905479431, "0039_memory": 0.36887824535369873, "0040_memory": 0.3298237919807434, "0041_memory": 0.33103957772254944, "0042_memory": 0.28142064809799194, "0043_memory": 0.40372219681739807, "0044_memory": 0.3955511450767517, "0045_memory": 0.37447816133499146, "0046_memory": 0.33203351497650146, "0047_memory": 0.3856741189956665, "0048_memory": 0.4173813462257385, "0049_memory": 0.4277814030647278, "0050_memory": 0.3715335428714752, "0051_memory": 0.40375715494155884, "0052_memory": 0.3058948516845703, "0053_memory": 0.45687711238861084, "0054_memory": 0.4094950556755066, "0055_memory": 0.38572606444358826, "0056_memory": 0.2429502159357071, "0057_memory": 0.40773463249206543, "0058_memory": 0.36186373233795166, "0059_memory": 0.37447866797447205, "0060_memory": 0.4304051101207733, "0061_memory": 0.3969160318374634, "0062_memory": 0.38588494062423706, "0063_memory": 0.3772111237049103, "0064_memory": 0.40343916416168213, "0065_memory": 0.4655338525772095, "0066_memory": 0.4234830141067505, "0067_memory": 0.43545812368392944, "0068_memory": 0.37992095947265625, "0069_memory": 0.3398381173610687, "0070_memory": 0.3838684856891632, "0071_memory": 0.38930296897888184, "0072_memory": 0.4970104992389679, "0073_memory": 0.420183002948761, "0074_memory": 0.37089866399765015, "0075_memory": 0.4135926067829132, "0076_memory": 0.3494288921356201, "0077_memory": 0.3267625868320465, "0078_memory": 0.40104928612709045, "0079_memory": 0.4204143285751343, "0080_memory": 0.4148902893066406, "0081_memory": 0.33704906702041626, "0082_memory": 0.46344539523124695, "0083_memory": 0.4173204004764557, "0084_memory": 0.32662245631217957, "0085_memory": 0.4186534285545349, "0086_memory": 0.4190957248210907, "0087_memory": 0.4684257507324219, "0088_memory": 0.3645869791507721, "0089_memory": 0.4164811372756958, "0090_memory": 0.4642547369003296, "0091_memory": 0.29233187437057495, "0092_memory": 0.4351816773414612, "0093_memory": 0.3089657425880432, "0094_memory": 0.3859877586364746, "0095_memory": 0.34344279766082764, "0096_memory": 0.364240825176239, "0097_memory": 0.3809993267059326, "0098_memory": 0.3497331142425537, "0099_memory": 0.39839988946914673, "0100_memory": 0.3942689895629883, "0101_memory": 0.4019319415092468, "0102_memory": 0.4194185137748718, "0103_memory": 0.3910587430000305, "0104_memory": 0.3322818875312805, "0105_memory": 0.4587690234184265, "0106_memory": 0.41566669940948486, "0107_memory": 0.24621647596359253, "0108_memory": 0.4217081069946289, "0109_memory": 0.38507145643234253, "0110_memory": 0.326961874961853, "0111_memory": 0.4063679575920105, "0112_memory": 0.4168524146080017, "0113_memory": 0.4096619486808777, "0114_memory": 0.3975008726119995, "0115_memory": 0.3968796730041504, "0116_memory": 0.40975773334503174, "0117_memory": 0.4220641851425171, "0118_memory": 0.4039909839630127, "0119_memory": 0.3866129517555237, "0120_memory": 0.3849222660064697, "0121_memory": 0.39586442708969116, "0122_memory": 0.41694167256355286, "0123_memory": 0.43192631006240845, "0124_memory": 0.4171772599220276, "0125_memory": 0.3730262815952301, "0126_memory": 0.4026203453540802, "0127_memory": 0.3379453420639038, "0128_memory": 0.3723466694355011, "0129_memory": 0.3342626690864563, "0130_memory": 0.3391553461551666, "0131_memory": 0.4263243079185486, "0132_memory": 0.4106826186180115, "0133_memory": 0.4018012285232544, "0134_memory": 0.4052125811576843, "0135_memory": 0.4221135973930359, "0136_memory": 0.4433807134628296, "0137_memory": 0.4035601019859314, "0138_memory": 0.4774540662765503, "0139_memory": 0.41827937960624695, "0140_memory": 0.39937490224838257, "0141_memory": 0.46073466539382935, "0142_memory": 0.44690877199172974, "0143_memory": 0.45149552822113037, "0144_memory": 0.4420069456100464, "0145_memory": 0.48958253860473633}