{"0001_memory": 0.48258069157600403, "0002_memory": 0.38455435633659363, "0003_memory": 0.47073835134506226, "0004_memory": 0.40238332748413086, "0005_memory": 0.4186534285545349, "0006_memory": 0.28337687253952026, "0007_memory": 0.2399481236934662, "0008_memory": 0.455987811088562, "0009_memory": 0.3887191712856293, "0010_memory": 0.30178672075271606, "0011_memory": 0.4436967968940735, "0012_memory": 0.40602588653564453, "0013_memory": 0.26048263907432556, "0014_memory": 0.3882371485233307, "0015_memory": 0.4602842330932617, "0016_memory": 0.4884045422077179, "0017_memory": 0.47225892543792725, "0018_memory": 0.3388131856918335, "0019_memory": 0.35406792163848877, "0020_memory": 0.3494727611541748, "0021_memory": 0.3433685302734375, "0022_memory": 0.2919219136238098, "0023_memory": 0.3831968307495117, "0024_memory": 0.38336706161499023, "0025_memory": 0.37936604022979736, "0026_memory": 0.39121249318122864, "0027_memory": 0.450019896030426, "0028_memory": 0.3033287525177002, "0029_memory": 0.39393454790115356, "0030_memory": 0.46012285351753235, "0031_memory": 0.4123489260673523, "0032_memory": 0.38899385929107666, "0033_memory": 0.4398813545703888, "0034_memory": 0.37770384550094604, "0035_memory": 0.428756445646286, "0036_memory": 0.4222330152988434, "0037_memory": 0.39672771096229553, "0038_memory": 0.4272056221961975, "0039_memory": 0.3810160756111145, "0040_memory": 0.39645883440971375, "0041_memory": 0.39889073371887207, "0042_memory": 0.4156544804573059, "0043_memory": 0.34987494349479675, "0044_memory": 0.35719627141952515, "0045_memory": 0.38358229398727417, "0046_memory": 0.3938868045806885, "0047_memory": 0.38776159286499023, "0048_memory": 0.2922818064689636, "0049_memory": 0.3219844102859497, "0050_memory": 0.464106023311615, "0051_memory": 0.3219071924686432, "0052_memory": 0.3991324305534363, "0053_memory": 0.46846306324005127, "0054_memory": 0.3765210807323456, "0055_memory": 0.3546304702758789, "0056_memory": 0.4243004322052002, "0057_memory": 0.31009620428085327, "0058_memory": 0.4687236547470093, "0059_memory": 0.47015145421028137, "0060_memory": 0.23949970304965973, "0061_memory": 0.363067626953125, "0062_memory": 0.37204188108444214, "0063_memory": 0.3719354271888733, "0064_memory": 0.3315943479537964, "0065_memory": 0.42997315526008606, "0066_memory": 0.383131742477417, "0067_memory": 0.3934805393218994, "0068_memory": 0.46827012300491333, "0069_memory": 0.44123581051826477, "0070_memory": 0.39056196808815, "0071_memory": 0.36282822489738464, "0072_memory": 0.4976971745491028, "0073_memory": 0.32072487473487854, "0074_memory": 0.3856830894947052, "0075_memory": 0.33879998326301575, "0076_memory": 0.3901495635509491, "0077_memory": 0.40185660123825073, "0078_memory": 0.3580792546272278, "0079_memory": 0.35078343749046326, "0080_memory": 0.37294161319732666, "0081_memory": 0.38997477293014526, "0082_memory": 0.46754831075668335, "0083_memory": 0.3738847076892853, "0084_memory": 0.42818623781204224, "0085_memory": 0.03162278234958649, "0086_memory": 0.3767332434654236, "0087_memory": 0.47739940881729126, "0088_memory": 0.37600177526474, "0089_memory": 0.33751243352890015, "0090_memory": 0.4445244371891022, "0091_memory": 0.4316245913505554, "0092_memory": 0.39431869983673096, "0093_memory": 0.40259063243865967, "0094_memory": 0.37501010298728943, "0095_memory": 0.3924378752708435, "0096_memory": 0.38422685861587524, "0097_memory": 0.38756677508354187, "0098_memory": 0.4003754258155823, "0099_memory": 0.3688000738620758, "0100_memory": 0.3636608123779297, "0101_memory": 0.3607901930809021, "0102_memory": 0.3484630584716797, "0103_memory": 0.38079288601875305, "0104_memory": 0.42630890011787415, "0105_memory": 0.4188644289970398, "0106_memory": 0.3661900758743286, "0107_memory": 0.41818559169769287, "0108_memory": 0.2723696827888489, "0109_memory": 0.37745118141174316, "0110_memory": 0.3955085873603821, "0111_memory": 0.3127566874027252, "0112_memory": 0.3242647051811218, "0113_memory": 0.3199411630630493, "0114_memory": 0.354669451713562, "0115_memory": 0.34239569306373596, "0116_memory": 0.33950573205947876, "0117_memory": 0.336203932762146, "0118_memory": 0.3292634189128876, "0119_memory": 0.3893933892250061, "0120_memory": 0.37773942947387695, "0121_memory": 0.3616897165775299, "0122_memory": 0.37999969720840454, "0123_memory": 0.3123991787433624, "0124_memory": 0.3226599097251892, "0125_memory": 0.3877652883529663, "0126_memory": 0.34919607639312744, "0127_memory": 0.38853275775909424, "0128_memory": 0.3742726743221283, "0129_memory": 0.39369744062423706, "0130_memory": 0.4011392295360565, "0131_memory": 0.34101584553718567, "0132_memory": 0.31021374464035034, "0133_memory": 0.3638606667518616, "0134_memory": 0.3274163603782654, "0135_memory": 0.35879945755004883, "0136_memory": 0.3913499712944031, "0137_memory": 0.3658292889595032, "0138_memory": 0.47469061613082886, "0139_memory": 0.34996455907821655, "0140_memory": 0.3663725256919861, "0141_memory": 0.4213080406188965, "0142_memory": 0.44347912073135376, "0143_memory": 0.4595320224761963, "0144_memory": 0.4448748230934143, "0145_memory": 0.4931335151195526}