{"0001_memory": 0.4783827066421509, "0002_memory": 0.34190016984939575, "0003_memory": 0.44315898418426514, "0004_memory": 0.43075132369995117, "0005_memory": 0.38572606444358826, "0006_memory": 0.351051390171051, "0007_memory": 0.3460484445095062, "0008_memory": 0.45545148849487305, "0009_memory": 0.3482171893119812, "0010_memory": 0.35876309871673584, "0011_memory": 0.46155354380607605, "0012_memory": 0.38732582330703735, "0013_memory": 0.35435056686401367, "0014_memory": 0.4192190170288086, "0015_memory": 0.44425249099731445, "0016_memory": 0.48839420080184937, "0017_memory": 0.4522532820701599, "0018_memory": 0.3090484142303467, "0019_memory": 0.2917119860649109, "0020_memory": 0.3101658523082733, "0021_memory": 0.3670993149280548, "0022_memory": 0.3373069167137146, "0023_memory": 0.3284096121788025, "0024_memory": 0.326172411441803, "0025_memory": 0.3172142803668976, "0026_memory": 0.4032730460166931, "0027_memory": 0.4370289742946625, "0028_memory": 0.3687421381473541, "0029_memory": 0.3564690947532654, "0030_memory": 0.44809281826019287, "0031_memory": 0.38774359226226807, "0032_memory": 0.3530982732772827, "0033_memory": 0.45281967520713806, "0034_memory": 0.32695382833480835, "0035_memory": 0.40174245834350586, "0036_memory": 0.4422881603240967, "0037_memory": 0.36588072776794434, "0038_memory": 0.4401400089263916, "0039_memory": 0.342804878950119, "0040_memory": 0.36986762285232544, "0041_memory": 0.3744168281555176, "0042_memory": 0.3882545828819275, "0043_memory": 0.3095266819000244, "0044_memory": 0.2705850601196289, "0045_memory": 0.35522371530532837, "0046_memory": 0.353382408618927, "0047_memory": 0.3522067070007324, "0048_memory": 0.35259461402893066, "0049_memory": 0.34752389788627625, "0050_memory": 0.44229233264923096, "0051_memory": 0.32572460174560547, "0052_memory": 0.3648078441619873, "0053_memory": 0.4645470380783081, "0054_memory": 0.3027264475822449, "0055_memory": 0.03162278234958649, "0056_memory": 0.3951553702354431, "0057_memory": 0.3288060128688812, "0058_memory": 0.4415714740753174, "0059_memory": 0.43997830152511597, "0060_memory": 0.36893728375434875, "0061_memory": 0.31649449467658997, "0062_memory": 0.35010141134262085, "0063_memory": 0.3333684504032135, "0064_memory": 0.32942962646484375, "0065_memory": 0.4516661763191223, "0066_memory": 0.3913652300834656, "0067_memory": 0.40633755922317505, "0068_memory": 0.44213688373565674, "0069_memory": 0.4172702133655548, "0070_memory": 0.3493626117706299, "0071_memory": 0.3185959458351135, "0072_memory": 0.5012941360473633, "0073_memory": 0.35210245847702026, "0074_memory": 0.3272774815559387, "0075_memory": 0.3633725047111511, "0076_memory": 0.37524285912513733, "0077_memory": 0.3887605667114258, "0078_memory": 0.3147885799407959, "0079_memory": 0.3822261095046997, "0080_memory": 0.3814159631729126, "0081_memory": 0.35654085874557495, "0082_memory": 0.46160954236984253, "0083_memory": 0.3900079131126404, "0084_memory": 0.3924502730369568, "0085_memory": 0.3546304702758789, "0086_memory": 0.3828832507133484, "0087_memory": 0.47288990020751953, "0088_memory": 0.35542815923690796, "0089_memory": 0.33573707938194275, "0090_memory": 0.4568450450897217, "0091_memory": 0.405551016330719, "0092_memory": 0.42512696981430054, "0093_memory": 0.3802753686904907, "0094_memory": 0.3283011019229889, "0095_memory": 0.3574165403842926, "0096_memory": 0.3334299325942993, "0097_memory": 0.3600213825702667, "0098_memory": 0.35615360736846924, "0099_memory": 0.32792094349861145, "0100_memory": 0.2151021808385849, "0101_memory": 0.3184255361557007, "0102_memory": 0.38332730531692505, "0103_memory": 0.3521702289581299, "0104_memory": 0.4042600989341736, "0105_memory": 0.43962806463241577, "0106_memory": 0.3811778426170349, "0107_memory": 0.3882429003715515, "0108_memory": 0.35688191652297974, "0109_memory": 0.342156320810318, "0110_memory": 0.3517491817474365, "0111_memory": 0.3248280882835388, "0112_memory": 0.3436867594718933, "0113_memory": 0.33401307463645935, "0114_memory": 0.27014386653900146, "0115_memory": 0.31927475333213806, "0116_memory": 0.33674466609954834, "0117_memory": 0.35962867736816406, "0118_memory": 0.31385502219200134, "0119_memory": 0.3577636480331421, "0120_memory": 0.3259913921356201, "0121_memory": 0.2401232272386551, "0122_memory": 0.3711334466934204, "0123_memory": 0.36002153158187866, "0124_memory": 0.3521922826766968, "0125_memory": 0.3378019630908966, "0126_memory": 0.31363189220428467, "0127_memory": 0.37019413709640503, "0128_memory": 0.3374406099319458, "0129_memory": 0.35266417264938354, "0130_memory": 0.3450547456741333, "0131_memory": 0.3655761778354645, "0132_memory": 0.3431796431541443, "0133_memory": 0.29051265120506287, "0134_memory": 0.3192652761936188, "0135_memory": 0.38492780923843384, "0136_memory": 0.4187253713607788, "0137_memory": 0.27747243642807007, "0138_memory": 0.48212379217147827, "0139_memory": 0.3724207878112793, "0140_memory": 0.20790158212184906, "0141_memory": 0.44061291217803955, "0142_memory": 0.4551103711128235, "0143_memory": 0.4549846053123474, "0144_memory": 0.45007598400115967, "0145_memory": 0.4942171573638916}