{"0001_memory": 0.48084503412246704, "0002_memory": 0.376448392868042, "0003_memory": 0.4065576195716858, "0004_memory": 0.43866267800331116, "0005_memory": 0.3089657425880432, "0006_memory": 0.40637916326522827, "0007_memory": 0.40094518661499023, "0008_memory": 0.4459952116012573, "0009_memory": 0.3546326756477356, "0010_memory": 0.4093998670578003, "0011_memory": 0.45412731170654297, "0012_memory": 0.22757919132709503, "0013_memory": 0.4017324447631836, "0014_memory": 0.4387489855289459, "0015_memory": 0.4094637632369995, "0016_memory": 0.49172207713127136, "0017_memory": 0.41003090143203735, "0018_memory": 0.3962652087211609, "0019_memory": 0.3838115930557251, "0020_memory": 0.3913295567035675, "0021_memory": 0.4193161725997925, "0022_memory": 0.3965914845466614, "0023_memory": 0.3371945023536682, "0024_memory": 0.3563622236251831, "0025_memory": 0.35516995191574097, "0026_memory": 0.4386864900588989, "0027_memory": 0.36280179023742676, "0028_memory": 0.41573387384414673, "0029_memory": 0.3459610939025879, "0030_memory": 0.3801763951778412, "0031_memory": 0.3019466996192932, "0032_memory": 0.3597170114517212, "0033_memory": 0.46833673119544983, "0034_memory": 0.3820703625679016, "0035_memory": 0.34295737743377686, "0036_memory": 0.4607679545879364, "0037_memory": 0.29773491621017456, "0038_memory": 0.4640522003173828, "0039_memory": 0.38066816329956055, "0040_memory": 0.3011791706085205, "0041_memory": 0.28104686737060547, "0042_memory": 0.3177890181541443, "0043_memory": 0.390473872423172, "0044_memory": 0.3829455077648163, "0045_memory": 0.34965968132019043, "0046_memory": 0.31085205078125, "0047_memory": 0.3862398862838745, "0048_memory": 0.4017110764980316, "0049_memory": 0.42087826132774353, "0050_memory": 0.38253194093704224, "0051_memory": 0.39898139238357544, "0052_memory": 0.2378430962562561, "0053_memory": 0.46483707427978516, "0054_memory": 0.3900350332260132, "0055_memory": 0.3802753686904907, "0056_memory": 0.31142133474349976, "0057_memory": 0.3982381522655487, "0058_memory": 0.39762288331985474, "0059_memory": 0.4004068374633789, "0060_memory": 0.4103413224220276, "0061_memory": 0.381478488445282, "0062_memory": 0.3727235794067383, "0063_memory": 0.37567728757858276, "0064_memory": 0.3954271972179413, "0065_memory": 0.4662972092628479, "0066_memory": 0.42726972699165344, "0067_memory": 0.4365265965461731, "0068_memory": 0.40398961305618286, "0069_memory": 0.3514714241027832, "0070_memory": 0.3614199757575989, "0071_memory": 0.3722025752067566, "0072_memory": 0.5028772354125977, "0073_memory": 0.4168682098388672, "0074_memory": 0.34569117426872253, "0075_memory": 0.41967371106147766, "0076_memory": 0.3272489309310913, "0077_memory": 0.2845265865325928, "0078_memory": 0.38647687435150146, "0079_memory": 0.4176674783229828, "0080_memory": 0.41621696949005127, "0081_memory": 0.3133634924888611, "0082_memory": 0.46814092993736267, "0083_memory": 0.4175528883934021, "0084_memory": 0.34568560123443604, "0085_memory": 0.40259063243865967, "0086_memory": 0.41414928436279297, "0087_memory": 0.4717009663581848, "0088_memory": 0.34170424938201904, "0089_memory": 0.4034014940261841, "0090_memory": 0.46424466371536255, "0091_memory": 0.33050721883773804, "0092_memory": 0.4325065016746521, "0093_memory": 0.03162278234958649, "0094_memory": 0.3752857744693756, "0095_memory": 0.31980615854263306, "0096_memory": 0.3608854413032532, "0097_memory": 0.36181408166885376, "0098_memory": 0.35415011644363403, "0099_memory": 0.3862490653991699, "0100_memory": 0.376321017742157, "0101_memory": 0.38847440481185913, "0102_memory": 0.42012810707092285, "0103_memory": 0.3729633688926697, "0104_memory": 0.34695369005203247, "0105_memory": 0.4551515579223633, "0106_memory": 0.4182461202144623, "0107_memory": 0.30932730436325073, "0108_memory": 0.39861780405044556, "0109_memory": 0.3751225769519806, "0110_memory": 0.31219083070755005, "0111_memory": 0.39345812797546387, "0112_memory": 0.42233771085739136, "0113_memory": 0.38865774869918823, "0114_memory": 0.3790699243545532, "0115_memory": 0.39120885729789734, "0116_memory": 0.38469016551971436, "0117_memory": 0.4199562072753906, "0118_memory": 0.39395278692245483, "0119_memory": 0.35164856910705566, "0120_memory": 0.37496066093444824, "0121_memory": 0.372821569442749, "0122_memory": 0.42153400182724, "0123_memory": 0.4179774522781372, "0124_memory": 0.4040476679801941, "0125_memory": 0.3654038906097412, "0126_memory": 0.3866281509399414, "0127_memory": 0.30868834257125854, "0128_memory": 0.36866259574890137, "0129_memory": 0.33488571643829346, "0130_memory": 0.342055082321167, "0131_memory": 0.42239344120025635, "0132_memory": 0.4001718759536743, "0133_memory": 0.38493263721466064, "0134_memory": 0.3923313319683075, "0135_memory": 0.4190055727958679, "0136_memory": 0.4414660930633545, "0137_memory": 0.39538952708244324, "0138_memory": 0.47858238220214844, "0139_memory": 0.4233902096748352, "0140_memory": 0.3864457607269287, "0141_memory": 0.46050891280174255, "0142_memory": 0.4464603662490845, "0143_memory": 0.457999587059021, "0144_memory": 0.44251537322998047, "0145_memory": 0.49731647968292236}