{"0001_memory": 0.49125146865844727, "0002_memory": 0.27805081009864807, "0003_memory": 0.44860589504241943, "0004_memory": 0.45209741592407227, "0005_memory": 0.3910587430000305, "0006_memory": 0.3902674913406372, "0007_memory": 0.37289538979530334, "0008_memory": 0.4741726517677307, "0009_memory": 0.3339080810546875, "0010_memory": 0.3987341523170471, "0011_memory": 0.4648095965385437, "0012_memory": 0.3813820481300354, "0013_memory": 0.3852735459804535, "0014_memory": 0.4282514452934265, "0015_memory": 0.45206156373023987, "0016_memory": 0.5005599856376648, "0017_memory": 0.45047903060913086, "0018_memory": 0.3401678800582886, "0019_memory": 0.3402230739593506, "0020_memory": 0.3451571762561798, "0021_memory": 0.3863316476345062, "0022_memory": 0.3613283038139343, "0023_memory": 0.3178621828556061, "0024_memory": 0.3144565224647522, "0025_memory": 0.3216492533683777, "0026_memory": 0.41988226771354675, "0027_memory": 0.4332839846611023, "0028_memory": 0.4082150459289551, "0029_memory": 0.34138673543930054, "0030_memory": 0.4353330433368683, "0031_memory": 0.36927831172943115, "0032_memory": 0.31799769401550293, "0033_memory": 0.46803563833236694, "0034_memory": 0.33190274238586426, "0035_memory": 0.395118772983551, "0036_memory": 0.4602590799331665, "0037_memory": 0.36114269495010376, "0038_memory": 0.46022772789001465, "0039_memory": 0.21377643942832947, "0040_memory": 0.35996633768081665, "0041_memory": 0.35786545276641846, "0042_memory": 0.3710777461528778, "0043_memory": 0.34178075194358826, "0044_memory": 0.3490506708621979, "0045_memory": 0.3242879807949066, "0046_memory": 0.343067467212677, "0047_memory": 0.26212504506111145, "0048_memory": 0.3806867003440857, "0049_memory": 0.4059580862522125, "0050_memory": 0.4355873465538025, "0051_memory": 0.34867343306541443, "0052_memory": 0.3757111728191376, "0053_memory": 0.4834538996219635, "0054_memory": 0.3678106367588043, "0055_memory": 0.3521702289581299, "0056_memory": 0.3943966031074524, "0057_memory": 0.3572535514831543, "0058_memory": 0.44108009338378906, "0059_memory": 0.44330084323883057, "0060_memory": 0.3989499807357788, "0061_memory": 0.32942983508110046, "0062_memory": 0.22904455661773682, "0063_memory": 0.29534220695495605, "0064_memory": 0.3509875535964966, "0065_memory": 0.46525710821151733, "0066_memory": 0.4178301692008972, "0067_memory": 0.42919647693634033, "0068_memory": 0.4508478343486786, "0069_memory": 0.4284944534301758, "0070_memory": 0.3340402841567993, "0071_memory": 0.3157307803630829, "0072_memory": 0.513340413570404, "0073_memory": 0.39338165521621704, "0074_memory": 0.32423797249794006, "0075_memory": 0.39104652404785156, "0076_memory": 0.3426496982574463, "0077_memory": 0.37900489568710327, "0078_memory": 0.33822357654571533, "0079_memory": 0.39891666173934937, "0080_memory": 0.41399189829826355, "0081_memory": 0.3455882668495178, "0082_memory": 0.4811069965362549, "0083_memory": 0.41906291246414185, "0084_memory": 0.3982107639312744, "0085_memory": 0.38079288601875305, "0086_memory": 0.40698719024658203, "0087_memory": 0.4864175021648407, "0088_memory": 0.31282955408096313, "0089_memory": 0.36295372247695923, "0090_memory": 0.4685042202472687, "0091_memory": 0.3953489065170288, "0092_memory": 0.4403788447380066, "0093_memory": 0.3729633688926697, "0094_memory": 0.31885039806365967, "0095_memory": 0.35909348726272583, "0096_memory": 0.3023654818534851, "0097_memory": 0.3324893116950989, "0098_memory": 0.3470495939254761, "0099_memory": 0.3302778899669647, "0100_memory": 0.35030215978622437, "0101_memory": 0.33108240365982056, "0102_memory": 0.3902563452720642, "0103_memory": 0.03162278234958649, "0104_memory": 0.4149858355522156, "0105_memory": 0.4560466408729553, "0106_memory": 0.41026031970977783, "0107_memory": 0.3783431649208069, "0108_memory": 0.38808614015579224, "0109_memory": 0.2640431821346283, "0110_memory": 0.35153746604919434, "0111_memory": 0.3567604422569275, "0112_memory": 0.3958006203174591, "0113_memory": 0.36027878522872925, "0114_memory": 0.35274380445480347, "0115_memory": 0.3390093147754669, "0116_memory": 0.3533022999763489, "0117_memory": 0.40261104702949524, "0118_memory": 0.3595174551010132, "0119_memory": 0.3278663158416748, "0120_memory": 0.3247073292732239, "0121_memory": 0.35153084993362427, "0122_memory": 0.4068666696548462, "0123_memory": 0.4095779061317444, "0124_memory": 0.3786366879940033, "0125_memory": 0.3129693269729614, "0126_memory": 0.3308270573616028, "0127_memory": 0.34462934732437134, "0128_memory": 0.2938748002052307, "0129_memory": 0.3488729000091553, "0130_memory": 0.35726889967918396, "0131_memory": 0.4071998596191406, "0132_memory": 0.36924418807029724, "0133_memory": 0.3562075197696686, "0134_memory": 0.353196918964386, "0135_memory": 0.4138794541358948, "0136_memory": 0.426378071308136, "0137_memory": 0.35771530866622925, "0138_memory": 0.49219247698783875, "0139_memory": 0.405714213848114, "0140_memory": 0.3680133819580078, "0141_memory": 0.4607001543045044, "0142_memory": 0.4701794981956482, "0143_memory": 0.47911375761032104, "0144_memory": 0.46997499465942383, "0145_memory": 0.5051054358482361}