{"0001_memory": 0.4801461100578308, "0002_memory": 0.3335416316986084, "0003_memory": 0.4490549564361572, "0004_memory": 0.43371903896331787, "0005_memory": 0.4035601019859314, "0006_memory": 0.370455265045166, "0007_memory": 0.3574863076210022, "0008_memory": 0.45888811349868774, "0009_memory": 0.3619524836540222, "0010_memory": 0.3818000555038452, "0011_memory": 0.4633727967739105, "0012_memory": 0.39498913288116455, "0013_memory": 0.37034833431243896, "0014_memory": 0.41753560304641724, "0015_memory": 0.4476550817489624, "0016_memory": 0.4824634790420532, "0017_memory": 0.45629626512527466, "0018_memory": 0.32193100452423096, "0019_memory": 0.2674869894981384, "0020_memory": 0.29126834869384766, "0021_memory": 0.3645640015602112, "0022_memory": 0.3412366211414337, "0023_memory": 0.3515121340751648, "0024_memory": 0.3355085253715515, "0025_memory": 0.3490341305732727, "0026_memory": 0.4037938117980957, "0027_memory": 0.44863295555114746, "0028_memory": 0.38208138942718506, "0029_memory": 0.35982653498649597, "0030_memory": 0.44758370518684387, "0031_memory": 0.39389824867248535, "0032_memory": 0.3646419644355774, "0033_memory": 0.4492865800857544, "0034_memory": 0.3535245656967163, "0035_memory": 0.4001377820968628, "0036_memory": 0.43848899006843567, "0037_memory": 0.372552752494812, "0038_memory": 0.4445347487926483, "0039_memory": 0.3570787310600281, "0040_memory": 0.3773851990699768, "0041_memory": 0.376861035823822, "0042_memory": 0.3920750319957733, "0043_memory": 0.2915109395980835, "0044_memory": 0.20198766887187958, "0045_memory": 0.36177119612693787, "0046_memory": 0.3790479898452759, "0047_memory": 0.35551708936691284, "0048_memory": 0.34926271438598633, "0049_memory": 0.37493038177490234, "0050_memory": 0.44268375635147095, "0051_memory": 0.335003137588501, "0052_memory": 0.3825157582759857, "0053_memory": 0.46639707684516907, "0054_memory": 0.3392701745033264, "0055_memory": 0.27747243642807007, "0056_memory": 0.40052247047424316, "0057_memory": 0.33455100655555725, "0058_memory": 0.4417963922023773, "0059_memory": 0.4421595335006714, "0060_memory": 0.36497581005096436, "0061_memory": 0.3359164297580719, "0062_memory": 0.36469560861587524, "0063_memory": 0.3659445643424988, "0064_memory": 0.3270149230957031, "0065_memory": 0.45089590549468994, "0066_memory": 0.38372984528541565, "0067_memory": 0.3942406475543976, "0068_memory": 0.45851218700408936, "0069_memory": 0.436654657125473, "0070_memory": 0.37279778718948364, "0071_memory": 0.33731383085250854, "0072_memory": 0.4948883354663849, "0073_memory": 0.3651410937309265, "0074_memory": 0.3546884059906006, "0075_memory": 0.3588673174381256, "0076_memory": 0.37566590309143066, "0077_memory": 0.39618200063705444, "0078_memory": 0.3296723961830139, "0079_memory": 0.3739567995071411, "0080_memory": 0.38562268018722534, "0081_memory": 0.3838779330253601, "0082_memory": 0.4630492031574249, "0083_memory": 0.4021191895008087, "0084_memory": 0.4058874249458313, "0085_memory": 0.3658292889595032, "0086_memory": 0.38655632734298706, "0087_memory": 0.4703044593334198, "0088_memory": 0.34881943464279175, "0089_memory": 0.34730440378189087, "0090_memory": 0.4574369192123413, "0091_memory": 0.40935391187667847, "0092_memory": 0.4323495030403137, "0093_memory": 0.39538952708244324, "0094_memory": 0.35319966077804565, "0095_memory": 0.38055986166000366, "0096_memory": 0.3402484059333801, "0097_memory": 0.3605220913887024, "0098_memory": 0.3607063293457031, "0099_memory": 0.34160470962524414, "0100_memory": 0.2471885085105896, "0101_memory": 0.33434730768203735, "0102_memory": 0.37823402881622314, "0103_memory": 0.35771530866622925, "0104_memory": 0.41446053981781006, "0105_memory": 0.4380207061767578, "0106_memory": 0.3965405523777008, "0107_memory": 0.3844423294067383, "0108_memory": 0.3605020046234131, "0109_memory": 0.36486828327178955, "0110_memory": 0.376193642616272, "0111_memory": 0.3394157886505127, "0112_memory": 0.3633423149585724, "0113_memory": 0.33397817611694336, "0114_memory": 0.32442325353622437, "0115_memory": 0.3175354599952698, "0116_memory": 0.33685848116874695, "0117_memory": 0.36196112632751465, "0118_memory": 0.34670114517211914, "0119_memory": 0.37249964475631714, "0120_memory": 0.34918832778930664, "0121_memory": 0.30142730474472046, "0122_memory": 0.38066768646240234, "0123_memory": 0.38564231991767883, "0124_memory": 0.3401119112968445, "0125_memory": 0.34519219398498535, "0126_memory": 0.3341280221939087, "0127_memory": 0.3762253522872925, "0128_memory": 0.34594103693962097, "0129_memory": 0.3692334294319153, "0130_memory": 0.3739624619483948, "0131_memory": 0.3654082715511322, "0132_memory": 0.3412390351295471, "0133_memory": 0.33433306217193604, "0134_memory": 0.3440069556236267, "0135_memory": 0.39682847261428833, "0136_memory": 0.41615721583366394, "0137_memory": 0.03162278234958649, "0138_memory": 0.4770483374595642, "0139_memory": 0.3617834448814392, "0140_memory": 0.29477882385253906, "0141_memory": 0.4388984441757202, "0142_memory": 0.4563981294631958, "0143_memory": 0.45813387632369995, "0144_memory": 0.4557299017906189, "0145_memory": 0.4882028102874756}