{"0001_memory": 0.4939230680465698, "0002_memory": 0.44017356634140015, "0003_memory": 0.03162278234958649, "0004_memory": 0.4811626076698303, "0005_memory": 0.3725126385688782, "0006_memory": 0.46673667430877686, "0007_memory": 0.46611809730529785, "0008_memory": 0.48174697160720825, "0009_memory": 0.4357392191886902, "0010_memory": 0.4686277210712433, "0011_memory": 0.48737281560897827, "0012_memory": 0.4059629440307617, "0013_memory": 0.4686822295188904, "0014_memory": 0.47478601336479187, "0015_memory": 0.32159098982810974, "0016_memory": 0.5050102472305298, "0017_memory": 0.3264135420322418, "0018_memory": 0.4567316770553589, "0019_memory": 0.4539549946784973, "0020_memory": 0.4554488956928253, "0021_memory": 0.45579880475997925, "0022_memory": 0.4620116055011749, "0023_memory": 0.43425673246383667, "0024_memory": 0.4311576187610626, "0025_memory": 0.4362419843673706, "0026_memory": 0.46688157320022583, "0027_memory": 0.3424084186553955, "0028_memory": 0.4776676595211029, "0029_memory": 0.4311386048793793, "0030_memory": 0.3627164363861084, "0031_memory": 0.3928597569465637, "0032_memory": 0.44489747285842896, "0033_memory": 0.4963611960411072, "0034_memory": 0.45956289768218994, "0035_memory": 0.3813930153846741, "0036_memory": 0.4920387864112854, "0037_memory": 0.40656912326812744, "0038_memory": 0.4926432967185974, "0039_memory": 0.44494616985321045, "0040_memory": 0.4055870473384857, "0041_memory": 0.408064603805542, "0042_memory": 0.3877636194229126, "0043_memory": 0.45474088191986084, "0044_memory": 0.44330257177352905, "0045_memory": 0.43817734718322754, "0046_memory": 0.41767024993896484, "0047_memory": 0.44642388820648193, "0048_memory": 0.47042316198349, "0049_memory": 0.4679000675678253, "0050_memory": 0.34889477491378784, "0051_memory": 0.46489766240119934, "0052_memory": 0.399202823638916, "0053_memory": 0.4845429062843323, "0054_memory": 0.4694434404373169, "0055_memory": 0.44315898418426514, "0056_memory": 0.3712991178035736, "0057_memory": 0.4597768485546112, "0058_memory": 0.3233165740966797, "0059_memory": 0.28041601181030273, "0060_memory": 0.4765368700027466, "0061_memory": 0.45356041193008423, "0062_memory": 0.44968146085739136, "0063_memory": 0.4500637650489807, "0064_memory": 0.46428680419921875, "0065_memory": 0.49815529584884644, "0066_memory": 0.46073901653289795, "0067_memory": 0.468481183052063, "0068_memory": 0.27604931592941284, "0069_memory": 0.3605242073535919, "0070_memory": 0.4450129270553589, "0071_memory": 0.4527106285095215, "0072_memory": 0.5168204307556152, "0073_memory": 0.46067261695861816, "0074_memory": 0.4345289468765259, "0075_memory": 0.45260775089263916, "0076_memory": 0.41845834255218506, "0077_memory": 0.4073934555053711, "0078_memory": 0.4580378532409668, "0079_memory": 0.45473116636276245, "0080_memory": 0.4593566656112671, "0081_memory": 0.41711923480033875, "0082_memory": 0.4867898225784302, "0083_memory": 0.4599202275276184, "0084_memory": 0.3690490126609802, "0085_memory": 0.47073835134506226, "0086_memory": 0.45820802450180054, "0087_memory": 0.48593202233314514, "0088_memory": 0.4332274794578552, "0089_memory": 0.4724891185760498, "0090_memory": 0.4939643144607544, "0091_memory": 0.37885236740112305, "0092_memory": 0.47959092259407043, "0093_memory": 0.4065576195716858, "0094_memory": 0.4512600600719452, "0095_memory": 0.4192858338356018, "0096_memory": 0.43269386887550354, "0097_memory": 0.44156214594841003, "0098_memory": 0.43438953161239624, "0099_memory": 0.4595685303211212, "0100_memory": 0.4471594989299774, "0101_memory": 0.45834821462631226, "0102_memory": 0.45855337381362915, "0103_memory": 0.44860589504241943, "0104_memory": 0.3681245446205139, "0105_memory": 0.4888777434825897, "0106_memory": 0.46039098501205444, "0107_memory": 0.38156968355178833, "0108_memory": 0.4749682545661926, "0109_memory": 0.4537499248981476, "0110_memory": 0.41408538818359375, "0111_memory": 0.4604520797729492, "0112_memory": 0.4575544595718384, "0113_memory": 0.46367037296295166, "0114_memory": 0.45047563314437866, "0115_memory": 0.45598816871643066, "0116_memory": 0.46801623702049255, "0117_memory": 0.4653918743133545, "0118_memory": 0.46627748012542725, "0119_memory": 0.45096611976623535, "0120_memory": 0.45093053579330444, "0121_memory": 0.4464050531387329, "0122_memory": 0.454242467880249, "0123_memory": 0.47374796867370605, "0124_memory": 0.47212812304496765, "0125_memory": 0.44021669030189514, "0126_memory": 0.45777440071105957, "0127_memory": 0.4073949456214905, "0128_memory": 0.4380883574485779, "0129_memory": 0.42351287603378296, "0130_memory": 0.4274759590625763, "0131_memory": 0.4637722373008728, "0132_memory": 0.4641181230545044, "0133_memory": 0.4604901075363159, "0134_memory": 0.4637329578399658, "0135_memory": 0.46146488189697266, "0136_memory": 0.47066012024879456, "0137_memory": 0.4490549564361572, "0138_memory": 0.49507901072502136, "0139_memory": 0.4596419930458069, "0140_memory": 0.45440980792045593, "0141_memory": 0.49176353216171265, "0142_memory": 0.4838954210281372, "0143_memory": 0.48165538907051086, "0144_memory": 0.48025670647621155, "0145_memory": 0.5082882046699524}