{"0001_memory": 0.39069807529449463, "0002_memory": 0.4474315643310547, "0003_memory": 0.4926432967185974, "0004_memory": 0.25401216745376587, "0005_memory": 0.4616836905479431, "0006_memory": 0.4254029095172882, "0007_memory": 0.41885966062545776, "0008_memory": 0.32542651891708374, "0009_memory": 0.43889468908309937, "0010_memory": 0.4220762848854065, "0011_memory": 0.28807711601257324, "0012_memory": 0.46606555581092834, "0013_memory": 0.4257660508155823, "0014_memory": 0.3062719702720642, "0015_memory": 0.48310399055480957, "0016_memory": 0.38593789935112, "0017_memory": 0.493186891078949, "0018_memory": 0.45064935088157654, "0019_memory": 0.441230446100235, "0020_memory": 0.44692304730415344, "0021_memory": 0.38828033208847046, "0022_memory": 0.42448922991752625, "0023_memory": 0.45107755064964294, "0024_memory": 0.44493189454078674, "0025_memory": 0.44800329208374023, "0026_memory": 0.3260458707809448, "0027_memory": 0.48419010639190674, "0028_memory": 0.4367346465587616, "0029_memory": 0.4504757523536682, "0030_memory": 0.4891127347946167, "0031_memory": 0.45751112699508667, "0032_memory": 0.4538338780403137, "0033_memory": 0.2341286540031433, "0034_memory": 0.4458116888999939, "0035_memory": 0.4487982392311096, "0036_memory": 0.20495839416980743, "0037_memory": 0.44796353578567505, "0038_memory": 0.03162278234958649, "0039_memory": 0.4519822895526886, "0040_memory": 0.4504801034927368, "0041_memory": 0.45462578535079956, "0042_memory": 0.45346564054489136, "0043_memory": 0.44717803597450256, "0044_memory": 0.43784767389297485, "0045_memory": 0.4523495137691498, "0046_memory": 0.4599679708480835, "0047_memory": 0.4529222249984741, "0048_memory": 0.42843472957611084, "0049_memory": 0.4097626209259033, "0050_memory": 0.48677271604537964, "0051_memory": 0.45832952857017517, "0052_memory": 0.4537045359611511, "0053_memory": 0.3563268184661865, "0054_memory": 0.4611161947250366, "0055_memory": 0.4401400089263916, "0056_memory": 0.4700971841812134, "0057_memory": 0.425557017326355, "0058_memory": 0.48649412393569946, "0059_memory": 0.4875892400741577, "0060_memory": 0.43444135785102844, "0061_memory": 0.4450836777687073, "0062_memory": 0.4625614881515503, "0063_memory": 0.45834881067276, "0064_memory": 0.4554738402366638, "0065_memory": 0.2058560848236084, "0066_memory": 0.35238075256347656, "0067_memory": 0.35011595487594604, "0068_memory": 0.4946832060813904, "0069_memory": 0.47817885875701904, "0070_memory": 0.4660043716430664, "0071_memory": 0.44356513023376465, "0072_memory": 0.40524324774742126, "0073_memory": 0.40389537811279297, "0074_memory": 0.4527912139892578, "0075_memory": 0.3908224105834961, "0076_memory": 0.4549759030342102, "0077_memory": 0.4659038186073303, "0078_memory": 0.4458656311035156, "0079_memory": 0.39680343866348267, "0080_memory": 0.3823118805885315, "0081_memory": 0.4606236517429352, "0082_memory": 0.34703171253204346, "0083_memory": 0.399155855178833, "0084_memory": 0.45680809020996094, "0085_memory": 0.4272056221961975, "0086_memory": 0.3598442077636719, "0087_memory": 0.37385696172714233, "0088_memory": 0.44482699036598206, "0089_memory": 0.4610731303691864, "0090_memory": 0.26239335536956787, "0091_memory": 0.46042105555534363, "0092_memory": 0.2922494411468506, "0093_memory": 0.4640522003173828, "0094_memory": 0.45444560050964355, "0095_memory": 0.45152562856674194, "0096_memory": 0.44425803422927856, "0097_memory": 0.4505242705345154, "0098_memory": 0.4506310820579529, "0099_memory": 0.4452895522117615, "0100_memory": 0.44474560022354126, "0101_memory": 0.44070038199424744, "0102_memory": 0.39640623331069946, "0103_memory": 0.46022772789001465, "0104_memory": 0.4597592055797577, "0105_memory": 0.2340361624956131, "0106_memory": 0.3961387872695923, "0107_memory": 0.45931941270828247, "0108_memory": 0.4288364052772522, "0109_memory": 0.4651269018650055, "0110_memory": 0.4597320556640625, "0111_memory": 0.4333614110946655, "0112_memory": 0.39605221152305603, "0113_memory": 0.4353708028793335, "0114_memory": 0.45364910364151, "0115_memory": 0.4499579668045044, "0116_memory": 0.46797510981559753, "0117_memory": 0.40615028142929077, "0118_memory": 0.44781291484832764, "0119_memory": 0.46795567870140076, "0120_memory": 0.45018237829208374, "0121_memory": 0.44963595271110535, "0122_memory": 0.36746543645858765, "0123_memory": 0.42449769377708435, "0124_memory": 0.4368242621421814, "0125_memory": 0.4477095603942871, "0126_memory": 0.4430333971977234, "0127_memory": 0.45424699783325195, "0128_memory": 0.447573184967041, "0129_memory": 0.45514559745788574, "0130_memory": 0.44942963123321533, "0131_memory": 0.4037700593471527, "0132_memory": 0.4275805354118347, "0133_memory": 0.4572752118110657, "0134_memory": 0.4441661834716797, "0135_memory": 0.40345507860183716, "0136_memory": 0.3284716010093689, "0137_memory": 0.4445347487926483, "0138_memory": 0.3721599280834198, "0139_memory": 0.3980759382247925, "0140_memory": 0.4519510269165039, "0141_memory": 0.22029463946819305, "0142_memory": 0.29728126525878906, "0143_memory": 0.3363393545150757, "0144_memory": 0.3027263283729553, "0145_memory": 0.3939989507198334}