{"0001_memory": 0.31106728315353394, "0002_memory": 0.46465104818344116, "0003_memory": 0.48165538907051086, "0004_memory": 0.3514101505279541, "0005_memory": 0.45149552822113037, "0006_memory": 0.45348143577575684, "0007_memory": 0.4603424072265625, "0008_memory": 0.168727844953537, "0009_memory": 0.4700479507446289, "0010_memory": 0.4512404799461365, "0011_memory": 0.27180999517440796, "0012_memory": 0.45774948596954346, "0013_memory": 0.4516032040119171, "0014_memory": 0.37043315172195435, "0015_memory": 0.48217615485191345, "0016_memory": 0.270651251077652, "0017_memory": 0.4875198006629944, "0018_memory": 0.4701114296913147, "0019_memory": 0.46002131700515747, "0020_memory": 0.4636024832725525, "0021_memory": 0.4245114326477051, "0022_memory": 0.4608570337295532, "0023_memory": 0.4615117609500885, "0024_memory": 0.46054941415786743, "0025_memory": 0.45925939083099365, "0026_memory": 0.38895276188850403, "0027_memory": 0.48681584000587463, "0028_memory": 0.46331772208213806, "0029_memory": 0.4711463153362274, "0030_memory": 0.49250176548957825, "0031_memory": 0.46375876665115356, "0032_memory": 0.4774564802646637, "0033_memory": 0.3135302662849426, "0034_memory": 0.46947938203811646, "0035_memory": 0.45959389209747314, "0036_memory": 0.3401148319244385, "0037_memory": 0.4532409906387329, "0038_memory": 0.3363393545150757, "0039_memory": 0.47320756316185, "0040_memory": 0.4589514136314392, "0041_memory": 0.4612952172756195, "0042_memory": 0.459482342004776, "0043_memory": 0.46427780389785767, "0044_memory": 0.4555085003376007, "0045_memory": 0.474916011095047, "0046_memory": 0.4593879282474518, "0047_memory": 0.4725967049598694, "0048_memory": 0.45797044038772583, "0049_memory": 0.4461095929145813, "0050_memory": 0.48955345153808594, "0051_memory": 0.4713783264160156, "0052_memory": 0.4455330967903137, "0053_memory": 0.15421968698501587, "0054_memory": 0.4759121537208557, "0055_memory": 0.4549846053123474, "0056_memory": 0.45764079689979553, "0057_memory": 0.4629647731781006, "0058_memory": 0.48546671867370605, "0059_memory": 0.47720783948898315, "0060_memory": 0.45817530155181885, "0061_memory": 0.46655094623565674, "0062_memory": 0.4740346670150757, "0063_memory": 0.47479259967803955, "0064_memory": 0.4662996530532837, "0065_memory": 0.3253635764122009, "0066_memory": 0.38765373826026917, "0067_memory": 0.39676374197006226, "0068_memory": 0.48396992683410645, "0069_memory": 0.47260862588882446, "0070_memory": 0.4760695695877075, "0071_memory": 0.4666628837585449, "0072_memory": 0.30164384841918945, "0073_memory": 0.4453609883785248, "0074_memory": 0.46686020493507385, "0075_memory": 0.42859721183776855, "0076_memory": 0.4629598557949066, "0077_memory": 0.4718465209007263, "0078_memory": 0.46571412682533264, "0079_memory": 0.41966402530670166, "0080_memory": 0.4035576283931732, "0081_memory": 0.4665307402610779, "0082_memory": 0.19448505342006683, "0083_memory": 0.42153850197792053, "0084_memory": 0.4605906307697296, "0085_memory": 0.4595320224761963, "0086_memory": 0.39971429109573364, "0087_memory": 0.2582854628562927, "0088_memory": 0.4677080512046814, "0089_memory": 0.4759751558303833, "0090_memory": 0.29526543617248535, "0091_memory": 0.4706937074661255, "0092_memory": 0.359030544757843, "0093_memory": 0.457999587059021, "0094_memory": 0.4624336361885071, "0095_memory": 0.46615302562713623, "0096_memory": 0.46463528275489807, "0097_memory": 0.4698390066623688, "0098_memory": 0.4651775658130646, "0099_memory": 0.46271321177482605, "0100_memory": 0.4575115442276001, "0101_memory": 0.4715164303779602, "0102_memory": 0.42257195711135864, "0103_memory": 0.47911375761032104, "0104_memory": 0.45942553877830505, "0105_memory": 0.34591013193130493, "0106_memory": 0.4207507371902466, "0107_memory": 0.4489244222640991, "0108_memory": 0.4649399518966675, "0109_memory": 0.4799305200576782, "0110_memory": 0.4577075242996216, "0111_memory": 0.4655017852783203, "0112_memory": 0.4427180886268616, "0113_memory": 0.4632553458213806, "0114_memory": 0.463021457195282, "0115_memory": 0.46742385625839233, "0116_memory": 0.47562700510025024, "0117_memory": 0.44844159483909607, "0118_memory": 0.4681224822998047, "0119_memory": 0.4808898866176605, "0120_memory": 0.46314066648483276, "0121_memory": 0.45764315128326416, "0122_memory": 0.40151989459991455, "0123_memory": 0.4534091651439667, "0124_memory": 0.4719119966030121, "0125_memory": 0.4656858742237091, "0126_memory": 0.471025675535202, "0127_memory": 0.4617994725704193, "0128_memory": 0.4677901864051819, "0129_memory": 0.4666651487350464, "0130_memory": 0.4663579761981964, "0131_memory": 0.4465031623840332, "0132_memory": 0.46535906195640564, "0133_memory": 0.47236400842666626, "0134_memory": 0.46458709239959717, "0135_memory": 0.42245936393737793, "0136_memory": 0.38779836893081665, "0137_memory": 0.45813387632369995, "0138_memory": 0.25063633918762207, "0139_memory": 0.43390145897865295, "0140_memory": 0.4635375142097473, "0141_memory": 0.3412555456161499, "0142_memory": 0.22635814547538757, "0143_memory": 0.03162278234958649, "0144_memory": 0.192073792219162, "0145_memory": 0.29231101274490356}