{"0001_memory": 0.46729469299316406, "0002_memory": 0.3896399438381195, "0003_memory": 0.3690490126609802, "0004_memory": 0.4605408012866974, "0005_memory": 0.32662245631217957, "0006_memory": 0.4237450361251831, "0007_memory": 0.41611284017562866, "0008_memory": 0.4668223261833191, "0009_memory": 0.37503349781036377, "0010_memory": 0.42500320076942444, "0011_memory": 0.4656198024749756, "0012_memory": 0.3457421660423279, "0013_memory": 0.42803430557250977, "0014_memory": 0.4396142363548279, "0015_memory": 0.36053574085235596, "0016_memory": 0.47198283672332764, "0017_memory": 0.3747785687446594, "0018_memory": 0.4048243761062622, "0019_memory": 0.39977186918258667, "0020_memory": 0.4084963798522949, "0021_memory": 0.4172895848751068, "0022_memory": 0.41264960169792175, "0023_memory": 0.38482725620269775, "0024_memory": 0.3822603225708008, "0025_memory": 0.38851550221443176, "0026_memory": 0.43265464901924133, "0027_memory": 0.34780752658843994, "0028_memory": 0.43950533866882324, "0029_memory": 0.3772372603416443, "0030_memory": 0.35264694690704346, "0031_memory": 0.3168371319770813, "0032_memory": 0.38262784481048584, "0033_memory": 0.4614472985267639, "0034_memory": 0.39962002635002136, "0035_memory": 0.26336270570755005, "0036_memory": 0.45468366146087646, "0037_memory": 0.32437726855278015, "0038_memory": 0.45680809020996094, "0039_memory": 0.3854066729545593, "0040_memory": 0.31908121705055237, "0041_memory": 0.3329225182533264, "0042_memory": 0.31791627407073975, "0043_memory": 0.40904510021209717, "0044_memory": 0.3960035443305969, "0045_memory": 0.37651652097702026, "0046_memory": 0.37331151962280273, "0047_memory": 0.39435476064682007, "0048_memory": 0.4219973683357239, "0049_memory": 0.43226414918899536, "0050_memory": 0.3520798087120056, "0051_memory": 0.42013928294181824, "0052_memory": 0.3327762484550476, "0053_memory": 0.4660594165325165, "0054_memory": 0.4273684024810791, "0055_memory": 0.3924502730369568, "0056_memory": 0.32424497604370117, "0057_memory": 0.4076952338218689, "0058_memory": 0.3529496192932129, "0059_memory": 0.35761362314224243, "0060_memory": 0.43686822056770325, "0061_memory": 0.3973391354084015, "0062_memory": 0.40669912099838257, "0063_memory": 0.40960150957107544, "0064_memory": 0.41917192935943604, "0065_memory": 0.45995768904685974, "0066_memory": 0.43211573362350464, "0067_memory": 0.44054311513900757, "0068_memory": 0.3764837980270386, "0069_memory": 0.31446415185928345, "0070_memory": 0.40163281559944153, "0071_memory": 0.39595019817352295, "0072_memory": 0.48733949661254883, "0073_memory": 0.42368414998054504, "0074_memory": 0.38208645582199097, "0075_memory": 0.41789883375167847, "0076_memory": 0.3477642834186554, "0077_memory": 0.3364850878715515, "0078_memory": 0.4064452648162842, "0079_memory": 0.4388764500617981, "0080_memory": 0.4326445162296295, "0081_memory": 0.34692832827568054, "0082_memory": 0.45330727100372314, "0083_memory": 0.44996121525764465, "0084_memory": 0.03162278234958649, "0085_memory": 0.42818623781204224, "0086_memory": 0.42924439907073975, "0087_memory": 0.4661276340484619, "0088_memory": 0.3724046051502228, "0089_memory": 0.4264356791973114, "0090_memory": 0.4599006175994873, "0091_memory": 0.300010085105896, "0092_memory": 0.45307713747024536, "0093_memory": 0.34568560123443604, "0094_memory": 0.4109915494918823, "0095_memory": 0.3290401101112366, "0096_memory": 0.3849865794181824, "0097_memory": 0.3830850124359131, "0098_memory": 0.38300174474716187, "0099_memory": 0.4007481634616852, "0100_memory": 0.40686357021331787, "0101_memory": 0.4006098508834839, "0102_memory": 0.4297533631324768, "0103_memory": 0.3982107639312744, "0104_memory": 0.2578468918800354, "0105_memory": 0.4576658606529236, "0106_memory": 0.4365927577018738, "0107_memory": 0.32592666149139404, "0108_memory": 0.4289468228816986, "0109_memory": 0.40957388281822205, "0110_memory": 0.37361082434654236, "0111_memory": 0.41284704208374023, "0112_memory": 0.41283944249153137, "0113_memory": 0.4131692051887512, "0114_memory": 0.4128033518791199, "0115_memory": 0.4117273688316345, "0116_memory": 0.43070295453071594, "0117_memory": 0.4296055734157562, "0118_memory": 0.40681806206703186, "0119_memory": 0.3950726091861725, "0120_memory": 0.405536949634552, "0121_memory": 0.4102066159248352, "0122_memory": 0.42727068066596985, "0123_memory": 0.4387579560279846, "0124_memory": 0.42272812128067017, "0125_memory": 0.3937709331512451, "0126_memory": 0.4006273150444031, "0127_memory": 0.3201345205307007, "0128_memory": 0.3868900239467621, "0129_memory": 0.3650650680065155, "0130_memory": 0.3812189996242523, "0131_memory": 0.43235868215560913, "0132_memory": 0.41412869095802307, "0133_memory": 0.41282525658607483, "0134_memory": 0.4154239296913147, "0135_memory": 0.44485971331596375, "0136_memory": 0.444502055644989, "0137_memory": 0.4058874249458313, "0138_memory": 0.46761900186538696, "0139_memory": 0.42413678765296936, "0140_memory": 0.4176250696182251, "0141_memory": 0.4520552158355713, "0142_memory": 0.4667509198188782, "0143_memory": 0.4605906307697296, "0144_memory": 0.4650900959968567, "0145_memory": 0.4764862358570099}