{"0001_memory": 0.48363086581230164, "0002_memory": 0.2991103529930115, "0003_memory": 0.4362419843673706, "0004_memory": 0.4347716271877289, "0005_memory": 0.37148886919021606, "0006_memory": 0.3867826759815216, "0007_memory": 0.38214778900146484, "0008_memory": 0.4628061056137085, "0009_memory": 0.3176047205924988, "0010_memory": 0.38078123331069946, "0011_memory": 0.46838074922561646, "0012_memory": 0.3624888062477112, "0013_memory": 0.3803817629814148, "0014_memory": 0.42928093671798706, "0015_memory": 0.43087074160575867, "0016_memory": 0.4927958846092224, "0017_memory": 0.44128233194351196, "0018_memory": 0.362285315990448, "0019_memory": 0.3391767144203186, "0020_memory": 0.3173196315765381, "0021_memory": 0.3835306763648987, "0022_memory": 0.3659451901912689, "0023_memory": 0.20193760097026825, "0024_memory": 0.21381254494190216, "0025_memory": 0.03162278234958649, "0026_memory": 0.4168264865875244, "0027_memory": 0.4230620563030243, "0028_memory": 0.3959871232509613, "0029_memory": 0.32230669260025024, "0030_memory": 0.4354972243309021, "0031_memory": 0.3706547021865845, "0032_memory": 0.3135302662849426, "0033_memory": 0.46066027879714966, "0034_memory": 0.34336191415786743, "0035_memory": 0.3750045895576477, "0036_memory": 0.4438195824623108, "0037_memory": 0.33210399746894836, "0038_memory": 0.44800329208374023, "0039_memory": 0.31629225611686707, "0040_memory": 0.3435705900192261, "0041_memory": 0.3494953215122223, "0042_memory": 0.36026230454444885, "0043_memory": 0.35139036178588867, "0044_memory": 0.3345281183719635, "0045_memory": 0.31363290548324585, "0046_memory": 0.31131792068481445, "0047_memory": 0.3094123601913452, "0048_memory": 0.37923768162727356, "0049_memory": 0.3830406069755554, "0050_memory": 0.4327870011329651, "0051_memory": 0.35092175006866455, "0052_memory": 0.3299492597579956, "0053_memory": 0.466189444065094, "0054_memory": 0.354259729385376, "0055_memory": 0.3172142803668976, "0056_memory": 0.3756510019302368, "0057_memory": 0.36516711115837097, "0058_memory": 0.431720495223999, "0059_memory": 0.4249667823314667, "0060_memory": 0.3955076038837433, "0061_memory": 0.34043067693710327, "0062_memory": 0.317574143409729, "0063_memory": 0.29036107659339905, "0064_memory": 0.3635150194168091, "0065_memory": 0.4504539966583252, "0066_memory": 0.4016021490097046, "0067_memory": 0.4094501733779907, "0068_memory": 0.43395382165908813, "0069_memory": 0.40921705961227417, "0070_memory": 0.29052209854125977, "0071_memory": 0.33337539434432983, "0072_memory": 0.5052869915962219, "0073_memory": 0.3804781436920166, "0074_memory": 0.24789495766162872, "0075_memory": 0.3913336396217346, "0076_memory": 0.3364946246147156, "0077_memory": 0.370036780834198, "0078_memory": 0.3459364175796509, "0079_memory": 0.40675169229507446, "0080_memory": 0.3997252285480499, "0081_memory": 0.33542269468307495, "0082_memory": 0.47113925218582153, "0083_memory": 0.41210460662841797, "0084_memory": 0.38851550221443176, "0085_memory": 0.37936604022979736, "0086_memory": 0.40411150455474854, "0087_memory": 0.4756200313568115, "0088_memory": 0.31958872079849243, "0089_memory": 0.35470104217529297, "0090_memory": 0.46650972962379456, "0091_memory": 0.3820697069168091, "0092_memory": 0.43376320600509644, "0093_memory": 0.35516995191574097, "0094_memory": 0.3162519633769989, "0095_memory": 0.3477170467376709, "0096_memory": 0.2726938724517822, "0097_memory": 0.3189120590686798, "0098_memory": 0.318575918674469, "0099_memory": 0.3305034041404724, "0100_memory": 0.34267503023147583, "0101_memory": 0.3468223214149475, "0102_memory": 0.4007362723350525, "0103_memory": 0.3216492533683777, "0104_memory": 0.3866884112358093, "0105_memory": 0.4407305121421814, "0106_memory": 0.4067797064781189, "0107_memory": 0.36443090438842773, "0108_memory": 0.3905438780784607, "0109_memory": 0.31861692667007446, "0110_memory": 0.32373273372650146, "0111_memory": 0.35068321228027344, "0112_memory": 0.3829025626182556, "0113_memory": 0.3672410845756531, "0114_memory": 0.3257809579372406, "0115_memory": 0.3566942512989044, "0116_memory": 0.37271443009376526, "0117_memory": 0.38951194286346436, "0118_memory": 0.3597511053085327, "0119_memory": 0.31248098611831665, "0120_memory": 0.32564422488212585, "0121_memory": 0.32614022493362427, "0122_memory": 0.4006253182888031, "0123_memory": 0.37554842233657837, "0124_memory": 0.37907975912094116, "0125_memory": 0.2601121664047241, "0126_memory": 0.341216504573822, "0127_memory": 0.3416784107685089, "0128_memory": 0.28139182925224304, "0129_memory": 0.3191789984703064, "0130_memory": 0.3133336305618286, "0131_memory": 0.39303258061408997, "0132_memory": 0.3681516647338867, "0133_memory": 0.3460460305213928, "0134_memory": 0.35703086853027344, "0135_memory": 0.40673214197158813, "0136_memory": 0.4289668798446655, "0137_memory": 0.3490341305732727, "0138_memory": 0.485210120677948, "0139_memory": 0.39970663189888, "0140_memory": 0.3350747227668762, "0141_memory": 0.43741512298583984, "0142_memory": 0.46260786056518555, "0143_memory": 0.45925939083099365, "0144_memory": 0.45720183849334717, "0145_memory": 0.498887836933136}