{"0001_memory": 0.48268288373947144, "0002_memory": 0.37218040227890015, "0003_memory": 0.4641181230545044, "0004_memory": 0.4201910197734833, "0005_memory": 0.4106826186180115, "0006_memory": 0.32487040758132935, "0007_memory": 0.28545790910720825, "0008_memory": 0.46463286876678467, "0009_memory": 0.3770141303539276, "0010_memory": 0.3311510682106018, "0011_memory": 0.4575108289718628, "0012_memory": 0.40449947118759155, "0013_memory": 0.3150298595428467, "0014_memory": 0.39868491888046265, "0015_memory": 0.4566569924354553, "0016_memory": 0.49114397168159485, "0017_memory": 0.4691309332847595, "0018_memory": 0.3308338224887848, "0019_memory": 0.32149824500083923, "0020_memory": 0.3301069140434265, "0021_memory": 0.34617841243743896, "0022_memory": 0.20373587310314178, "0023_memory": 0.37319210171699524, "0024_memory": 0.36330264806747437, "0025_memory": 0.3681516647338867, "0026_memory": 0.3801146149635315, "0027_memory": 0.44779905676841736, "0028_memory": 0.32647639513015747, "0029_memory": 0.37143048644065857, "0030_memory": 0.4455164074897766, "0031_memory": 0.393191397190094, "0032_memory": 0.39198100566864014, "0033_memory": 0.4429447650909424, "0034_memory": 0.3535219728946686, "0035_memory": 0.41104334592819214, "0036_memory": 0.422885537147522, "0037_memory": 0.3806672692298889, "0038_memory": 0.4275805354118347, "0039_memory": 0.36754441261291504, "0040_memory": 0.385823130607605, "0041_memory": 0.3891400098800659, "0042_memory": 0.3862950801849365, "0043_memory": 0.33204424381256104, "0044_memory": 0.32621121406555176, "0045_memory": 0.38388705253601074, "0046_memory": 0.38022616505622864, "0047_memory": 0.36528220772743225, "0048_memory": 0.2575368583202362, "0049_memory": 0.3395177721977234, "0050_memory": 0.4514026939868927, "0051_memory": 0.3270481526851654, "0052_memory": 0.38591283559799194, "0053_memory": 0.47249165177345276, "0054_memory": 0.3754625916481018, "0055_memory": 0.3431796431541443, "0056_memory": 0.41814643144607544, "0057_memory": 0.21027730405330658, "0058_memory": 0.45572274923324585, "0059_memory": 0.4575655162334442, "0060_memory": 0.32703542709350586, "0061_memory": 0.352645605802536, "0062_memory": 0.3730912208557129, "0063_memory": 0.3527790307998657, "0064_memory": 0.32244962453842163, "0065_memory": 0.4370047450065613, "0066_memory": 0.380304217338562, "0067_memory": 0.38404276967048645, "0068_memory": 0.46212244033813477, "0069_memory": 0.43823105096817017, "0070_memory": 0.39823079109191895, "0071_memory": 0.3485034108161926, "0072_memory": 0.5036951303482056, "0073_memory": 0.3222063183784485, "0074_memory": 0.3812771737575531, "0075_memory": 0.3490714430809021, "0076_memory": 0.38959360122680664, "0077_memory": 0.40525999665260315, "0078_memory": 0.36423343420028687, "0079_memory": 0.37527287006378174, "0080_memory": 0.3791142702102661, "0081_memory": 0.3922222852706909, "0082_memory": 0.46853309869766235, "0083_memory": 0.39358627796173096, "0084_memory": 0.41412869095802307, "0085_memory": 0.31021374464035034, "0086_memory": 0.37208178639411926, "0087_memory": 0.4750249981880188, "0088_memory": 0.3799360990524292, "0089_memory": 0.3130660057067871, "0090_memory": 0.4518977999687195, "0091_memory": 0.4143775701522827, "0092_memory": 0.41021978855133057, "0093_memory": 0.4001718759536743, "0094_memory": 0.3565152883529663, "0095_memory": 0.39106395840644836, "0096_memory": 0.3552899956703186, "0097_memory": 0.3900098204612732, "0098_memory": 0.3829432725906372, "0099_memory": 0.3443767726421356, "0100_memory": 0.3465149998664856, "0101_memory": 0.34715989232063293, "0102_memory": 0.3674207627773285, "0103_memory": 0.36924418807029724, "0104_memory": 0.41970500349998474, "0105_memory": 0.4255509376525879, "0106_memory": 0.3853253722190857, "0107_memory": 0.4063267111778259, "0108_memory": 0.28881269693374634, "0109_memory": 0.37380582094192505, "0110_memory": 0.38275131583213806, "0111_memory": 0.2830854654312134, "0112_memory": 0.33349379897117615, "0113_memory": 0.27054738998413086, "0114_memory": 0.36891990900039673, "0115_memory": 0.3302887976169586, "0116_memory": 0.3365796208381653, "0117_memory": 0.342642605304718, "0118_memory": 0.31093642115592957, "0119_memory": 0.39985889196395874, "0120_memory": 0.35039883852005005, "0121_memory": 0.35827136039733887, "0122_memory": 0.3783588409423828, "0123_memory": 0.3373074233531952, "0124_memory": 0.2540135383605957, "0125_memory": 0.370619535446167, "0126_memory": 0.361675500869751, "0127_memory": 0.39054298400878906, "0128_memory": 0.367644339799881, "0129_memory": 0.3795585036277771, "0130_memory": 0.38364914059638977, "0131_memory": 0.3612709045410156, "0132_memory": 0.03162278234958649, "0133_memory": 0.37813615798950195, "0134_memory": 0.29289934039115906, "0135_memory": 0.38103389739990234, "0136_memory": 0.3983244299888611, "0137_memory": 0.3412390351295471, "0138_memory": 0.4841461181640625, "0139_memory": 0.3595348596572876, "0140_memory": 0.3589996099472046, "0141_memory": 0.4184446334838867, "0142_memory": 0.4608485996723175, "0143_memory": 0.46535906195640564, "0144_memory": 0.45915067195892334, "0145_memory": 0.49658578634262085}