{"0001_memory": 0.420169472694397, "0002_memory": 0.4266243577003479, "0003_memory": 0.47066012024879456, "0004_memory": 0.2945738434791565, "0005_memory": 0.4433807134628296, "0006_memory": 0.3960149586200714, "0007_memory": 0.3885264992713928, "0008_memory": 0.38231512904167175, "0009_memory": 0.42739295959472656, "0010_memory": 0.39205944538116455, "0011_memory": 0.3595672845840454, "0012_memory": 0.4443146586418152, "0013_memory": 0.399505615234375, "0014_memory": 0.22310957312583923, "0015_memory": 0.4652309715747833, "0016_memory": 0.42456111311912537, "0017_memory": 0.47411245107650757, "0018_memory": 0.40682411193847656, "0019_memory": 0.40384942293167114, "0020_memory": 0.4007778465747833, "0021_memory": 0.3448357582092285, "0022_memory": 0.38922014832496643, "0023_memory": 0.4312870502471924, "0024_memory": 0.4231647849082947, "0025_memory": 0.4289668798446655, "0026_memory": 0.20553401112556458, "0027_memory": 0.4642844498157501, "0028_memory": 0.4118107855319977, "0029_memory": 0.4355787932872772, "0030_memory": 0.47137606143951416, "0031_memory": 0.4412722885608673, "0032_memory": 0.434984028339386, "0033_memory": 0.34436988830566406, "0034_memory": 0.4243604838848114, "0035_memory": 0.44179368019104004, "0036_memory": 0.3209293484687805, "0037_memory": 0.43496742844581604, "0038_memory": 0.3284716010093689, "0039_memory": 0.43039363622665405, "0040_memory": 0.43309658765792847, "0041_memory": 0.4359026551246643, "0042_memory": 0.43732091784477234, "0043_memory": 0.40418416261672974, "0044_memory": 0.40936148166656494, "0045_memory": 0.4318922758102417, "0046_memory": 0.44130653142929077, "0047_memory": 0.4284975826740265, "0048_memory": 0.3919580280780792, "0049_memory": 0.38460707664489746, "0050_memory": 0.47010791301727295, "0051_memory": 0.41452550888061523, "0052_memory": 0.440127432346344, "0053_memory": 0.40129202604293823, "0054_memory": 0.4345088303089142, "0055_memory": 0.4187253713607788, "0056_memory": 0.4501163065433502, "0057_memory": 0.39656776189804077, "0058_memory": 0.4719557762145996, "0059_memory": 0.472560852766037, "0060_memory": 0.4048019051551819, "0061_memory": 0.4226651191711426, "0062_memory": 0.43562448024749756, "0063_memory": 0.4374539256095886, "0064_memory": 0.4163406491279602, "0065_memory": 0.33998122811317444, "0066_memory": 0.2642923593521118, "0067_memory": 0.2457236349582672, "0068_memory": 0.4781862795352936, "0069_memory": 0.46482113003730774, "0070_memory": 0.4429720640182495, "0071_memory": 0.4155150055885315, "0072_memory": 0.436248242855072, "0073_memory": 0.37943917512893677, "0074_memory": 0.4340696930885315, "0075_memory": 0.3496778607368469, "0076_memory": 0.4326334297657013, "0077_memory": 0.43873852491378784, "0078_memory": 0.4250580072402954, "0079_memory": 0.3372505009174347, "0080_memory": 0.316220760345459, "0081_memory": 0.44158077239990234, "0082_memory": 0.39292198419570923, "0083_memory": 0.33539441227912903, "0084_memory": 0.444502055644989, "0085_memory": 0.3913499712944031, "0086_memory": 0.2775334417819977, "0087_memory": 0.4102655053138733, "0088_memory": 0.41666173934936523, "0089_memory": 0.4223719835281372, "0090_memory": 0.35625189542770386, "0091_memory": 0.4461447596549988, "0092_memory": 0.2630426287651062, "0093_memory": 0.4414660930633545, "0094_memory": 0.43718481063842773, "0095_memory": 0.432574063539505, "0096_memory": 0.4237169623374939, "0097_memory": 0.43097105622291565, "0098_memory": 0.43423449993133545, "0099_memory": 0.4234244227409363, "0100_memory": 0.41611337661743164, "0101_memory": 0.41819876432418823, "0102_memory": 0.3336753249168396, "0103_memory": 0.426378071308136, "0104_memory": 0.4483375549316406, "0105_memory": 0.30625444650650024, "0106_memory": 0.33872705698013306, "0107_memory": 0.4445827603340149, "0108_memory": 0.3894946575164795, "0109_memory": 0.4389592409133911, "0110_memory": 0.4417031407356262, "0111_memory": 0.4028211832046509, "0112_memory": 0.37229225039482117, "0113_memory": 0.40597566962242126, "0114_memory": 0.4235615134239197, "0115_memory": 0.4089827537536621, "0116_memory": 0.4199691712856293, "0117_memory": 0.37786251306533813, "0118_memory": 0.4162626266479492, "0119_memory": 0.44200074672698975, "0120_memory": 0.428768128156662, "0121_memory": 0.42635542154312134, "0122_memory": 0.2880740761756897, "0123_memory": 0.3986082077026367, "0124_memory": 0.40716052055358887, "0125_memory": 0.4215605854988098, "0126_memory": 0.41633743047714233, "0127_memory": 0.4303669333457947, "0128_memory": 0.4213941693305969, "0129_memory": 0.43328213691711426, "0130_memory": 0.43697628378868103, "0131_memory": 0.3556618094444275, "0132_memory": 0.3983244299888611, "0133_memory": 0.4295653700828552, "0134_memory": 0.41064831614494324, "0135_memory": 0.3462814688682556, "0136_memory": 0.03162278234958649, "0137_memory": 0.41615721583366394, "0138_memory": 0.4021749496459961, "0139_memory": 0.35734468698501587, "0140_memory": 0.42535844445228577, "0141_memory": 0.3180379271507263, "0142_memory": 0.36533260345458984, "0143_memory": 0.38779836893081665, "0144_memory": 0.37076830863952637, "0145_memory": 0.4286688566207886}