{"0001_memory": 0.43226301670074463, "0002_memory": 0.4175006151199341, "0003_memory": 0.468481183052063, "0004_memory": 0.3128993511199951, "0005_memory": 0.43545812368392944, "0006_memory": 0.39257675409317017, "0007_memory": 0.38794973492622375, "0008_memory": 0.39504069089889526, "0009_memory": 0.42040255665779114, "0010_memory": 0.38716796040534973, "0011_memory": 0.38554298877716064, "0012_memory": 0.43622884154319763, "0013_memory": 0.3844683766365051, "0014_memory": 0.2651207447052002, "0015_memory": 0.4622471332550049, "0016_memory": 0.4334670305252075, "0017_memory": 0.4696216583251953, "0018_memory": 0.40615540742874146, "0019_memory": 0.3936786353588104, "0020_memory": 0.39117205142974854, "0021_memory": 0.3203606605529785, "0022_memory": 0.3858579993247986, "0023_memory": 0.41954708099365234, "0024_memory": 0.40488505363464355, "0025_memory": 0.4094501733779907, "0026_memory": 0.21432238817214966, "0027_memory": 0.46756792068481445, "0028_memory": 0.3994581699371338, "0029_memory": 0.4222930371761322, "0030_memory": 0.46383583545684814, "0031_memory": 0.43295159935951233, "0032_memory": 0.42640936374664307, "0033_memory": 0.3669378161430359, "0034_memory": 0.41473188996315, "0035_memory": 0.433171808719635, "0036_memory": 0.3372059464454651, "0037_memory": 0.42481666803359985, "0038_memory": 0.35011595487594604, "0039_memory": 0.4219345450401306, "0040_memory": 0.4250309467315674, "0041_memory": 0.4293270707130432, "0042_memory": 0.4134412407875061, "0043_memory": 0.39810311794281006, "0044_memory": 0.3843005299568176, "0045_memory": 0.4195743799209595, "0046_memory": 0.4309106469154358, "0047_memory": 0.41823601722717285, "0048_memory": 0.3839944303035736, "0049_memory": 0.3704220652580261, "0050_memory": 0.4604453444480896, "0051_memory": 0.41156044602394104, "0052_memory": 0.41954153776168823, "0053_memory": 0.4108509421348572, "0054_memory": 0.42671674489974976, "0055_memory": 0.40633755922317505, "0056_memory": 0.4407680034637451, "0057_memory": 0.3870850205421448, "0058_memory": 0.4626519978046417, "0059_memory": 0.4627973437309265, "0060_memory": 0.39685702323913574, "0061_memory": 0.411318838596344, "0062_memory": 0.4305099844932556, "0063_memory": 0.42015764117240906, "0064_memory": 0.4050849676132202, "0065_memory": 0.3604075312614441, "0066_memory": 0.20027852058410645, "0067_memory": 0.03162278234958649, "0068_memory": 0.46731114387512207, "0069_memory": 0.45772823691368103, "0070_memory": 0.43498730659484863, "0071_memory": 0.4158313572406769, "0072_memory": 0.4426928758621216, "0073_memory": 0.35967370867729187, "0074_memory": 0.42426300048828125, "0075_memory": 0.3346403241157532, "0076_memory": 0.4299065172672272, "0077_memory": 0.4394458532333374, "0078_memory": 0.41329118609428406, "0079_memory": 0.32246142625808716, "0080_memory": 0.2812623977661133, "0081_memory": 0.4393896460533142, "0082_memory": 0.40567266941070557, "0083_memory": 0.31451475620269775, "0084_memory": 0.44054311513900757, "0085_memory": 0.3934805393218994, "0086_memory": 0.24372981488704681, "0087_memory": 0.41789793968200684, "0088_memory": 0.42307808995246887, "0089_memory": 0.4047490954399109, "0090_memory": 0.3765442371368408, "0091_memory": 0.43947112560272217, "0092_memory": 0.303425133228302, "0093_memory": 0.4365265965461731, "0094_memory": 0.42193666100502014, "0095_memory": 0.4301689863204956, "0096_memory": 0.41741085052490234, "0097_memory": 0.42595764994621277, "0098_memory": 0.4206792414188385, "0099_memory": 0.416205495595932, "0100_memory": 0.40136387944221497, "0101_memory": 0.41423648595809937, "0102_memory": 0.3253869116306305, "0103_memory": 0.42919647693634033, "0104_memory": 0.4426220953464508, "0105_memory": 0.33554792404174805, "0106_memory": 0.3190443515777588, "0107_memory": 0.43263036012649536, "0108_memory": 0.38783085346221924, "0109_memory": 0.4268473982810974, "0110_memory": 0.4279516339302063, "0111_memory": 0.3946484923362732, "0112_memory": 0.35857293009757996, "0113_memory": 0.39131736755371094, "0114_memory": 0.41468673944473267, "0115_memory": 0.3973466455936432, "0116_memory": 0.4165608882904053, "0117_memory": 0.3634297847747803, "0118_memory": 0.4046754240989685, "0119_memory": 0.4371911585330963, "0120_memory": 0.41106826066970825, "0121_memory": 0.4115876853466034, "0122_memory": 0.26652035117149353, "0123_memory": 0.3893776834011078, "0124_memory": 0.3901149034500122, "0125_memory": 0.41046199202537537, "0126_memory": 0.4169076383113861, "0127_memory": 0.4335167407989502, "0128_memory": 0.42049598693847656, "0129_memory": 0.42654699087142944, "0130_memory": 0.42399197816848755, "0131_memory": 0.3563545346260071, "0132_memory": 0.38404276967048645, "0133_memory": 0.42288392782211304, "0134_memory": 0.40083539485931396, "0135_memory": 0.3176037669181824, "0136_memory": 0.2457236349582672, "0137_memory": 0.3942406475543976, "0138_memory": 0.419454962015152, "0139_memory": 0.3405865728855133, "0140_memory": 0.40570157766342163, "0141_memory": 0.3337211012840271, "0142_memory": 0.3840932846069336, "0143_memory": 0.39676374197006226, "0144_memory": 0.3823493719100952, "0145_memory": 0.4348978102207184}