{"0001_memory": 0.4883977770805359, "0002_memory": 0.3453657627105713, "0003_memory": 0.45777440071105957, "0004_memory": 0.44428741931915283, "0005_memory": 0.4026203453540802, "0006_memory": 0.37552329897880554, "0007_memory": 0.3500104546546936, "0008_memory": 0.46863722801208496, "0009_memory": 0.3443472981452942, "0010_memory": 0.3675636053085327, "0011_memory": 0.46226802468299866, "0012_memory": 0.3887033462524414, "0013_memory": 0.3671814799308777, "0014_memory": 0.41814231872558594, "0015_memory": 0.44450896978378296, "0016_memory": 0.49674752354621887, "0017_memory": 0.45712387561798096, "0018_memory": 0.3515979051589966, "0019_memory": 0.3277907371520996, "0020_memory": 0.3317185640335083, "0021_memory": 0.3792949318885803, "0022_memory": 0.3412333130836487, "0023_memory": 0.345140278339386, "0024_memory": 0.34108299016952515, "0025_memory": 0.341216504573822, "0026_memory": 0.4111349880695343, "0027_memory": 0.4369060695171356, "0028_memory": 0.3867301642894745, "0029_memory": 0.35446855425834656, "0030_memory": 0.44494006037712097, "0031_memory": 0.38174134492874146, "0032_memory": 0.3393156826496124, "0033_memory": 0.45373833179473877, "0034_memory": 0.3154992461204529, "0035_memory": 0.39477378129959106, "0036_memory": 0.4451119303703308, "0037_memory": 0.3649936318397522, "0038_memory": 0.4430333971977234, "0039_memory": 0.332425981760025, "0040_memory": 0.365960955619812, "0041_memory": 0.37504589557647705, "0042_memory": 0.3851339817047119, "0043_memory": 0.33094024658203125, "0044_memory": 0.3228718042373657, "0045_memory": 0.3355196714401245, "0046_memory": 0.3667450249195099, "0047_memory": 0.34507131576538086, "0048_memory": 0.3602970242500305, "0049_memory": 0.38121992349624634, "0050_memory": 0.44454655051231384, "0051_memory": 0.346377432346344, "0052_memory": 0.3777771592140198, "0053_memory": 0.47732093930244446, "0054_memory": 0.31323179602622986, "0055_memory": 0.31363189220428467, "0056_memory": 0.40705472230911255, "0057_memory": 0.358206570148468, "0058_memory": 0.45054107904434204, "0059_memory": 0.451460599899292, "0060_memory": 0.3756396472454071, "0061_memory": 0.2648107409477234, "0062_memory": 0.3347991108894348, "0063_memory": 0.3355101943016052, "0064_memory": 0.3635217547416687, "0065_memory": 0.44620248675346375, "0066_memory": 0.40478628873825073, "0067_memory": 0.4169076383113861, "0068_memory": 0.4551624357700348, "0069_memory": 0.4289022982120514, "0070_memory": 0.3510811924934387, "0071_memory": 0.29217207431793213, "0072_memory": 0.5086583495140076, "0073_memory": 0.3741805851459503, "0074_memory": 0.3459681272506714, "0075_memory": 0.37495774030685425, "0076_memory": 0.362101674079895, "0077_memory": 0.37686634063720703, "0078_memory": 0.2229716181755066, "0079_memory": 0.39237719774246216, "0080_memory": 0.40363723039627075, "0081_memory": 0.36341696977615356, "0082_memory": 0.47428327798843384, "0083_memory": 0.410662978887558, "0084_memory": 0.4006273150444031, "0085_memory": 0.34919607639312744, "0086_memory": 0.3987250328063965, "0087_memory": 0.4809138774871826, "0088_memory": 0.3363204300403595, "0089_memory": 0.37252292037010193, "0090_memory": 0.45865464210510254, "0091_memory": 0.4061792492866516, "0092_memory": 0.43372583389282227, "0093_memory": 0.3866281509399414, "0094_memory": 0.3335070013999939, "0095_memory": 0.3719882071018219, "0096_memory": 0.3431258201599121, "0097_memory": 0.3446482717990875, "0098_memory": 0.3600505292415619, "0099_memory": 0.2936871647834778, "0100_memory": 0.32262951135635376, "0101_memory": 0.20988716185092926, "0102_memory": 0.3751072287559509, "0103_memory": 0.3308270573616028, "0104_memory": 0.4106218218803406, "0105_memory": 0.4439181983470917, "0106_memory": 0.40346357226371765, "0107_memory": 0.39776647090911865, "0108_memory": 0.36202043294906616, "0109_memory": 0.33525484800338745, "0110_memory": 0.37104636430740356, "0111_memory": 0.3554444909095764, "0112_memory": 0.3747991919517517, "0113_memory": 0.36150163412094116, "0114_memory": 0.30692699551582336, "0115_memory": 0.3441714644432068, "0116_memory": 0.36479511857032776, "0117_memory": 0.3849647343158722, "0118_memory": 0.3644565939903259, "0119_memory": 0.3491837680339813, "0120_memory": 0.32433950901031494, "0121_memory": 0.3133399486541748, "0122_memory": 0.4000350534915924, "0123_memory": 0.38203123211860657, "0124_memory": 0.36872798204421997, "0125_memory": 0.34767886996269226, "0126_memory": 0.03162278234958649, "0127_memory": 0.3518017530441284, "0128_memory": 0.325271338224411, "0129_memory": 0.3385736048221588, "0130_memory": 0.37147626280784607, "0131_memory": 0.38086187839508057, "0132_memory": 0.361675500869751, "0133_memory": 0.29172632098197937, "0134_memory": 0.36110153794288635, "0135_memory": 0.4019579589366913, "0136_memory": 0.41633743047714233, "0137_memory": 0.3341280221939087, "0138_memory": 0.4839916527271271, "0139_memory": 0.37927812337875366, "0140_memory": 0.3281518816947937, "0141_memory": 0.44593292474746704, "0142_memory": 0.46316397190093994, "0143_memory": 0.471025675535202, "0144_memory": 0.46194082498550415, "0145_memory": 0.5020298957824707}