{"0001_memory": 0.4876970052719116, "0002_memory": 0.3480170667171478, "0003_memory": 0.4567316770553589, "0004_memory": 0.4335430860519409, "0005_memory": 0.3994751572608948, "0006_memory": 0.3446069657802582, "0007_memory": 0.32621559500694275, "0008_memory": 0.4676504135131836, "0009_memory": 0.36575639247894287, "0010_memory": 0.3691170811653137, "0011_memory": 0.46278417110443115, "0012_memory": 0.3991217017173767, "0013_memory": 0.34952548146247864, "0014_memory": 0.40755486488342285, "0015_memory": 0.46189403533935547, "0016_memory": 0.4963022470474243, "0017_memory": 0.4625704288482666, "0018_memory": 0.03162278234958649, "0019_memory": 0.2894918918609619, "0020_memory": 0.2777724266052246, "0021_memory": 0.365365207195282, "0022_memory": 0.32679688930511475, "0023_memory": 0.36243683099746704, "0024_memory": 0.35342931747436523, "0025_memory": 0.362285315990448, "0026_memory": 0.39901596307754517, "0027_memory": 0.4381702244281769, "0028_memory": 0.37613993883132935, "0029_memory": 0.37581005692481995, "0030_memory": 0.44693055748939514, "0031_memory": 0.3931034207344055, "0032_memory": 0.3633531928062439, "0033_memory": 0.4598954916000366, "0034_memory": 0.35692912340164185, "0035_memory": 0.416578471660614, "0036_memory": 0.45127594470977783, "0037_memory": 0.3809753358364105, "0038_memory": 0.45064935088157654, "0039_memory": 0.3387778401374817, "0040_memory": 0.38053059577941895, "0041_memory": 0.388241708278656, "0042_memory": 0.3988715708255768, "0043_memory": 0.25612229108810425, "0044_memory": 0.30821725726127625, "0045_memory": 0.36432206630706787, "0046_memory": 0.37290632724761963, "0047_memory": 0.3551165461540222, "0048_memory": 0.34088918566703796, "0049_memory": 0.37689876556396484, "0050_memory": 0.44697627425193787, "0051_memory": 0.256949245929718, "0052_memory": 0.38744795322418213, "0053_memory": 0.47701120376586914, "0054_memory": 0.35377955436706543, "0055_memory": 0.3090484142303467, "0056_memory": 0.4116600453853607, "0057_memory": 0.31532174348831177, "0058_memory": 0.4537516236305237, "0059_memory": 0.45337069034576416, "0060_memory": 0.3627963364124298, "0061_memory": 0.3519911766052246, "0062_memory": 0.3422132134437561, "0063_memory": 0.3467380404472351, "0064_memory": 0.28141874074935913, "0065_memory": 0.45893120765686035, "0066_memory": 0.3933602571487427, "0067_memory": 0.40615540742874146, "0068_memory": 0.4613056182861328, "0069_memory": 0.4307747483253479, "0070_memory": 0.3708406686782837, "0071_memory": 0.3540555238723755, "0072_memory": 0.5078097581863403, "0073_memory": 0.3715544044971466, "0074_memory": 0.35393834114074707, "0075_memory": 0.3738763928413391, "0076_memory": 0.3802073001861572, "0077_memory": 0.40050190687179565, "0078_memory": 0.34482839703559875, "0079_memory": 0.373105525970459, "0080_memory": 0.3836778998374939, "0081_memory": 0.36438772082328796, "0082_memory": 0.4692845344543457, "0083_memory": 0.38949066400527954, "0084_memory": 0.4048243761062622, "0085_memory": 0.3388131856918335, "0086_memory": 0.38808584213256836, "0087_memory": 0.48401719331741333, "0088_memory": 0.36447232961654663, "0089_memory": 0.30301904678344727, "0090_memory": 0.4580588936805725, "0091_memory": 0.41311758756637573, "0092_memory": 0.4211629033088684, "0093_memory": 0.3962652087211609, "0094_memory": 0.3590102791786194, "0095_memory": 0.37131547927856445, "0096_memory": 0.35067421197891235, "0097_memory": 0.37524521350860596, "0098_memory": 0.3782491087913513, "0099_memory": 0.3594561219215393, "0100_memory": 0.3253403604030609, "0101_memory": 0.35232627391815186, "0102_memory": 0.372086763381958, "0103_memory": 0.3401678800582886, "0104_memory": 0.4210582971572876, "0105_memory": 0.4509328007698059, "0106_memory": 0.3742777109146118, "0107_memory": 0.40420109033584595, "0108_memory": 0.3442937731742859, "0109_memory": 0.34518271684646606, "0110_memory": 0.3756876587867737, "0111_memory": 0.3133648633956909, "0112_memory": 0.3654300570487976, "0113_memory": 0.3212100863456726, "0114_memory": 0.3367571234703064, "0115_memory": 0.2042023092508316, "0116_memory": 0.22974953055381775, "0117_memory": 0.3830460011959076, "0118_memory": 0.2938465476036072, "0119_memory": 0.37104731798171997, "0120_memory": 0.36035794019699097, "0121_memory": 0.33355990052223206, "0122_memory": 0.3808606266975403, "0123_memory": 0.37744802236557007, "0124_memory": 0.3357471227645874, "0125_memory": 0.3600592613220215, "0126_memory": 0.3515979051589966, "0127_memory": 0.3798162341117859, "0128_memory": 0.34898579120635986, "0129_memory": 0.3782079815864563, "0130_memory": 0.37132054567337036, "0131_memory": 0.3791281282901764, "0132_memory": 0.3308338224887848, "0133_memory": 0.33466947078704834, "0134_memory": 0.30947640538215637, "0135_memory": 0.38132935762405396, "0136_memory": 0.40682411193847656, "0137_memory": 0.32193100452423096, "0138_memory": 0.4885961711406708, "0139_memory": 0.3829154670238495, "0140_memory": 0.341145396232605, "0141_memory": 0.45010578632354736, "0142_memory": 0.46148085594177246, "0143_memory": 0.4701114296913147, "0144_memory": 0.4575689435005188, "0145_memory": 0.5010464787483215}