{"0001_memory": 0.49646925926208496, "0002_memory": 0.442020446062088, "0003_memory": 0.27604931592941284, "0004_memory": 0.4828876852989197, "0005_memory": 0.37992095947265625, "0006_memory": 0.4664252996444702, "0007_memory": 0.4641872048377991, "0008_memory": 0.4823550581932068, "0009_memory": 0.4397640824317932, "0010_memory": 0.46752113103866577, "0011_memory": 0.48489701747894287, "0012_memory": 0.4092428386211395, "0013_memory": 0.4651421904563904, "0014_memory": 0.4736347198486328, "0015_memory": 0.31529760360717773, "0016_memory": 0.5030981302261353, "0017_memory": 0.2926251292228699, "0018_memory": 0.4613056182861328, "0019_memory": 0.4516814351081848, "0020_memory": 0.4523029327392578, "0021_memory": 0.45041316747665405, "0022_memory": 0.46404027938842773, "0023_memory": 0.4337185323238373, "0024_memory": 0.4316251873970032, "0025_memory": 0.43395382165908813, "0026_memory": 0.467202365398407, "0027_memory": 0.3560463786125183, "0028_memory": 0.4759472906589508, "0029_memory": 0.4374837875366211, "0030_memory": 0.33923032879829407, "0031_memory": 0.39507076144218445, "0032_memory": 0.4434998035430908, "0033_memory": 0.49637120962142944, "0034_memory": 0.4622625708580017, "0035_memory": 0.3756628632545471, "0036_memory": 0.4926519989967346, "0037_memory": 0.40724611282348633, "0038_memory": 0.4946832060813904, "0039_memory": 0.4445394277572632, "0040_memory": 0.4061836898326874, "0041_memory": 0.4134403467178345, "0042_memory": 0.38608044385910034, "0043_memory": 0.45424482226371765, "0044_memory": 0.4510641098022461, "0045_memory": 0.44032302498817444, "0046_memory": 0.414938747882843, "0047_memory": 0.44664400815963745, "0048_memory": 0.4690062403678894, "0049_memory": 0.46696093678474426, "0050_memory": 0.35622638463974, "0051_memory": 0.46657222509384155, "0052_memory": 0.3990533947944641, "0053_memory": 0.48741817474365234, "0054_memory": 0.46486568450927734, "0055_memory": 0.44213688373565674, "0056_memory": 0.3691259026527405, "0057_memory": 0.4596487283706665, "0058_memory": 0.3417028784751892, "0059_memory": 0.3172729015350342, "0060_memory": 0.47404131293296814, "0061_memory": 0.4568730890750885, "0062_memory": 0.4501305818557739, "0063_memory": 0.45232468843460083, "0064_memory": 0.4677491784095764, "0065_memory": 0.49647706747055054, "0066_memory": 0.46128618717193604, "0067_memory": 0.46731114387512207, "0068_memory": 0.03162278234958649, "0069_memory": 0.36117732524871826, "0070_memory": 0.44391000270843506, "0071_memory": 0.4530659317970276, "0072_memory": 0.5187671184539795, "0073_memory": 0.4574052691459656, "0074_memory": 0.44070857763290405, "0075_memory": 0.45495569705963135, "0076_memory": 0.419791579246521, "0077_memory": 0.41087400913238525, "0078_memory": 0.4559354782104492, "0079_memory": 0.4552370309829712, "0080_memory": 0.4597156047821045, "0081_memory": 0.4173840880393982, "0082_memory": 0.4895144999027252, "0083_memory": 0.462538480758667, "0084_memory": 0.3764837980270386, "0085_memory": 0.46827012300491333, "0086_memory": 0.4572443962097168, "0087_memory": 0.49189648032188416, "0088_memory": 0.43797314167022705, "0089_memory": 0.47558361291885376, "0090_memory": 0.4902220368385315, "0091_memory": 0.3754972815513611, "0092_memory": 0.47665348649024963, "0093_memory": 0.40398961305618286, "0094_memory": 0.4579635262489319, "0095_memory": 0.41850191354751587, "0096_memory": 0.43332409858703613, "0097_memory": 0.4431387782096863, "0098_memory": 0.43886953592300415, "0099_memory": 0.4557310938835144, "0100_memory": 0.4479791522026062, "0101_memory": 0.4561213254928589, "0102_memory": 0.457208514213562, "0103_memory": 0.4508478343486786, "0104_memory": 0.3772401213645935, "0105_memory": 0.4907645285129547, "0106_memory": 0.4589560925960541, "0107_memory": 0.385551780462265, "0108_memory": 0.4712011218070984, "0109_memory": 0.4503445625305176, "0110_memory": 0.4201943874359131, "0111_memory": 0.46261364221572876, "0112_memory": 0.45445704460144043, "0113_memory": 0.4635300636291504, "0114_memory": 0.45122262835502625, "0115_memory": 0.45668262243270874, "0116_memory": 0.4713371694087982, "0117_memory": 0.4640364944934845, "0118_memory": 0.4668312072753906, "0119_memory": 0.4435123801231384, "0120_memory": 0.4569566249847412, "0121_memory": 0.4474560618400574, "0122_memory": 0.461291640996933, "0123_memory": 0.4716040790081024, "0124_memory": 0.4692443311214447, "0125_memory": 0.4419744610786438, "0126_memory": 0.4551624357700348, "0127_memory": 0.406593918800354, "0128_memory": 0.43869495391845703, "0129_memory": 0.42905259132385254, "0130_memory": 0.43378007411956787, "0131_memory": 0.46721237897872925, "0132_memory": 0.46212244033813477, "0133_memory": 0.4590919017791748, "0134_memory": 0.46614497900009155, "0135_memory": 0.4577504098415375, "0136_memory": 0.4781862795352936, "0137_memory": 0.45851218700408936, "0138_memory": 0.5031601190567017, "0139_memory": 0.4638461172580719, "0140_memory": 0.4535457193851471, "0141_memory": 0.48811811208724976, "0142_memory": 0.48002272844314575, "0143_memory": 0.48396992683410645, "0144_memory": 0.476695716381073, "0145_memory": 0.5085674524307251}