{"0001_memory": 0.5013065338134766, "0002_memory": 0.373177707195282, "0003_memory": 0.4694434404373169, "0004_memory": 0.4468047618865967, "0005_memory": 0.4094950556755066, "0006_memory": 0.3748098611831665, "0007_memory": 0.3747618794441223, "0008_memory": 0.46756941080093384, "0009_memory": 0.3773144781589508, "0010_memory": 0.38222137093544006, "0011_memory": 0.46846628189086914, "0012_memory": 0.3894704580307007, "0013_memory": 0.35936349630355835, "0014_memory": 0.43608558177948, "0015_memory": 0.45993512868881226, "0016_memory": 0.5073063373565674, "0017_memory": 0.4692050814628601, "0018_memory": 0.35377955436706543, "0019_memory": 0.3390035629272461, "0020_memory": 0.3546639680862427, "0021_memory": 0.38057035207748413, "0022_memory": 0.3810496926307678, "0023_memory": 0.34794119000434875, "0024_memory": 0.3635522127151489, "0025_memory": 0.354259729385376, "0026_memory": 0.42766550183296204, "0027_memory": 0.45670264959335327, "0028_memory": 0.3743414282798767, "0029_memory": 0.386816143989563, "0030_memory": 0.46645742654800415, "0031_memory": 0.41106855869293213, "0032_memory": 0.36734873056411743, "0033_memory": 0.46667492389678955, "0034_memory": 0.343619167804718, "0035_memory": 0.4213622808456421, "0036_memory": 0.46137556433677673, "0037_memory": 0.39512673020362854, "0038_memory": 0.4611161947250366, "0039_memory": 0.3639466166496277, "0040_memory": 0.3959880471229553, "0041_memory": 0.40322232246398926, "0042_memory": 0.40677228569984436, "0043_memory": 0.35499605536460876, "0044_memory": 0.33552902936935425, "0045_memory": 0.36559414863586426, "0046_memory": 0.36716336011886597, "0047_memory": 0.37500447034835815, "0048_memory": 0.37862125039100647, "0049_memory": 0.38739505410194397, "0050_memory": 0.4711858332157135, "0051_memory": 0.349909245967865, "0052_memory": 0.39411619305610657, "0053_memory": 0.48422491550445557, "0054_memory": 0.03162278234958649, "0055_memory": 0.3027264475822449, "0056_memory": 0.4164341688156128, "0057_memory": 0.37913966178894043, "0058_memory": 0.46984797716140747, "0059_memory": 0.4690815210342407, "0060_memory": 0.37371811270713806, "0061_memory": 0.333956241607666, "0062_memory": 0.3614155054092407, "0063_memory": 0.3378874659538269, "0064_memory": 0.3578681945800781, "0065_memory": 0.46985214948654175, "0066_memory": 0.42004767060279846, "0067_memory": 0.42671674489974976, "0068_memory": 0.46486568450927734, "0069_memory": 0.44691577553749084, "0070_memory": 0.35333579778671265, "0071_memory": 0.3474271893501282, "0072_memory": 0.5177751183509827, "0073_memory": 0.3861493170261383, "0074_memory": 0.3460066318511963, "0075_memory": 0.3901095986366272, "0076_memory": 0.385891854763031, "0077_memory": 0.40654176473617554, "0078_memory": 0.29601597785949707, "0079_memory": 0.3996594548225403, "0080_memory": 0.4070643484592438, "0081_memory": 0.3738328218460083, "0082_memory": 0.4858299493789673, "0083_memory": 0.4129537343978882, "0084_memory": 0.4273684024810791, "0085_memory": 0.3765210807323456, "0086_memory": 0.41509127616882324, "0087_memory": 0.49283266067504883, "0088_memory": 0.37892425060272217, "0089_memory": 0.36866819858551025, "0090_memory": 0.45657095313072205, "0091_memory": 0.41270744800567627, "0092_memory": 0.43866875767707825, "0093_memory": 0.3900350332260132, "0094_memory": 0.34850093722343445, "0095_memory": 0.39398443698883057, "0096_memory": 0.3611520528793335, "0097_memory": 0.375092089176178, "0098_memory": 0.38796722888946533, "0099_memory": 0.3465083837509155, "0100_memory": 0.3239225149154663, "0101_memory": 0.3139989376068115, "0102_memory": 0.3955455422401428, "0103_memory": 0.3678106367588043, "0104_memory": 0.4294261336326599, "0105_memory": 0.45923230051994324, "0106_memory": 0.39831840991973877, "0107_memory": 0.4146391451358795, "0108_memory": 0.3827534317970276, "0109_memory": 0.35357964038848877, "0110_memory": 0.37555092573165894, "0111_memory": 0.37168431282043457, "0112_memory": 0.38843441009521484, "0113_memory": 0.37904223799705505, "0114_memory": 0.2483353614807129, "0115_memory": 0.35386115312576294, "0116_memory": 0.3596811890602112, "0117_memory": 0.3890625834465027, "0118_memory": 0.3646034300327301, "0119_memory": 0.36315426230430603, "0120_memory": 0.3462604880332947, "0121_memory": 0.27528226375579834, "0122_memory": 0.41116321086883545, "0123_memory": 0.3839053213596344, "0124_memory": 0.3852669298648834, "0125_memory": 0.37325429916381836, "0126_memory": 0.31323179602622986, "0127_memory": 0.39065366983413696, "0128_memory": 0.37088742852211, "0129_memory": 0.38875818252563477, "0130_memory": 0.3767811357975006, "0131_memory": 0.39901942014694214, "0132_memory": 0.3754625916481018, "0133_memory": 0.20523491501808167, "0134_memory": 0.356658935546875, "0135_memory": 0.39961129426956177, "0136_memory": 0.4345088303089142, "0137_memory": 0.3392701745033264, "0138_memory": 0.4978492558002472, "0139_memory": 0.4003611207008362, "0140_memory": 0.28972330689430237, "0141_memory": 0.45960402488708496, "0142_memory": 0.4651973843574524, "0143_memory": 0.4759121537208557, "0144_memory": 0.46306514739990234, "0145_memory": 0.5123693943023682}