{"0001_memory": 0.492709755897522, "0002_memory": 0.44502267241477966, "0003_memory": 0.3264135420322418, "0004_memory": 0.4860265552997589, "0005_memory": 0.3936673402786255, "0006_memory": 0.4732115864753723, "0007_memory": 0.4657112956047058, "0008_memory": 0.48550623655319214, "0009_memory": 0.4434168338775635, "0010_memory": 0.4669725298881531, "0011_memory": 0.48324739933013916, "0012_memory": 0.4131614565849304, "0013_memory": 0.47095364332199097, "0014_memory": 0.4696081280708313, "0015_memory": 0.29234766960144043, "0016_memory": 0.4977607727050781, "0017_memory": 0.03162278234958649, "0018_memory": 0.4625704288482666, "0019_memory": 0.4487784504890442, "0020_memory": 0.456642746925354, "0021_memory": 0.45440423488616943, "0022_memory": 0.4636072516441345, "0023_memory": 0.43856945633888245, "0024_memory": 0.4329254627227783, "0025_memory": 0.44128233194351196, "0026_memory": 0.467319130897522, "0027_memory": 0.3717882037162781, "0028_memory": 0.48101499676704407, "0029_memory": 0.44314372539520264, "0030_memory": 0.36240631341934204, "0031_memory": 0.40464961528778076, "0032_memory": 0.4367101192474365, "0033_memory": 0.49039286375045776, "0034_memory": 0.46134305000305176, "0035_memory": 0.37782955169677734, "0036_memory": 0.48904740810394287, "0037_memory": 0.409306138753891, "0038_memory": 0.493186891078949, "0039_memory": 0.44827699661254883, "0040_memory": 0.4079129993915558, "0041_memory": 0.4143829941749573, "0042_memory": 0.4031287729740143, "0043_memory": 0.45533931255340576, "0044_memory": 0.4473980665206909, "0045_memory": 0.43653905391693115, "0046_memory": 0.42579108476638794, "0047_memory": 0.4522535502910614, "0048_memory": 0.4687008261680603, "0049_memory": 0.46719929575920105, "0050_memory": 0.3296331763267517, "0051_memory": 0.47418689727783203, "0052_memory": 0.41317856311798096, "0053_memory": 0.4922993779182434, "0054_memory": 0.4692050814628601, "0055_memory": 0.4522532820701599, "0056_memory": 0.3851866126060486, "0057_memory": 0.4659077525138855, "0058_memory": 0.3438154458999634, "0059_memory": 0.33671385049819946, "0060_memory": 0.4771635830402374, "0061_memory": 0.4526582360267639, "0062_memory": 0.4525699317455292, "0063_memory": 0.46634212136268616, "0064_memory": 0.47157928347587585, "0065_memory": 0.492083340883255, "0066_memory": 0.45981988310813904, "0067_memory": 0.4696216583251953, "0068_memory": 0.2926251292228699, "0069_memory": 0.3814086318016052, "0070_memory": 0.4536049962043762, "0071_memory": 0.4530179500579834, "0072_memory": 0.5100387930870056, "0073_memory": 0.4625266194343567, "0074_memory": 0.4424147605895996, "0075_memory": 0.45664605498313904, "0076_memory": 0.4210929572582245, "0077_memory": 0.41052329540252686, "0078_memory": 0.4541604220867157, "0079_memory": 0.45828694105148315, "0080_memory": 0.4653043746948242, "0081_memory": 0.41593414545059204, "0082_memory": 0.483876496553421, "0083_memory": 0.47049927711486816, "0084_memory": 0.3747785687446594, "0085_memory": 0.47225892543792725, "0086_memory": 0.4559628665447235, "0087_memory": 0.4939154386520386, "0088_memory": 0.43712788820266724, "0089_memory": 0.4787830412387848, "0090_memory": 0.486667662858963, "0091_memory": 0.37707793712615967, "0092_memory": 0.48002195358276367, "0093_memory": 0.41003090143203735, "0094_memory": 0.46288228034973145, "0095_memory": 0.42006006836891174, "0096_memory": 0.43887072801589966, "0097_memory": 0.44209766387939453, "0098_memory": 0.4449794888496399, "0099_memory": 0.4576500654220581, "0100_memory": 0.4563530385494232, "0101_memory": 0.45653268694877625, "0102_memory": 0.4546211063861847, "0103_memory": 0.45047903060913086, "0104_memory": 0.3864380717277527, "0105_memory": 0.491641640663147, "0106_memory": 0.46605709195137024, "0107_memory": 0.3911838233470917, "0108_memory": 0.46973806619644165, "0109_memory": 0.4585515856742859, "0110_memory": 0.4288722574710846, "0111_memory": 0.46611344814300537, "0112_memory": 0.461622029542923, "0113_memory": 0.4634208083152771, "0114_memory": 0.453574538230896, "0115_memory": 0.4567895531654358, "0116_memory": 0.476132333278656, "0117_memory": 0.4668489098548889, "0118_memory": 0.4714415669441223, "0119_memory": 0.44858890771865845, "0120_memory": 0.4564182758331299, "0121_memory": 0.4479144513607025, "0122_memory": 0.46075761318206787, "0123_memory": 0.47222480177879333, "0124_memory": 0.47295868396759033, "0125_memory": 0.4397364556789398, "0126_memory": 0.45712387561798096, "0127_memory": 0.40911388397216797, "0128_memory": 0.44391512870788574, "0129_memory": 0.4386078715324402, "0130_memory": 0.4436675012111664, "0131_memory": 0.4681565463542938, "0132_memory": 0.4691309332847595, "0133_memory": 0.46111929416656494, "0134_memory": 0.47033756971359253, "0135_memory": 0.47029340267181396, "0136_memory": 0.47411245107650757, "0137_memory": 0.45629626512527466, "0138_memory": 0.49775293469429016, "0139_memory": 0.4649093449115753, "0140_memory": 0.46105048060417175, "0141_memory": 0.4897245168685913, "0142_memory": 0.4746004343032837, "0143_memory": 0.4875198006629944, "0144_memory": 0.4833410978317261, "0145_memory": 0.5037795305252075}