{"0001_memory": 0.48722362518310547, "0002_memory": 0.32235103845596313, "0003_memory": 0.4311386048793793, "0004_memory": 0.4468654692173004, "0005_memory": 0.3537628948688507, "0006_memory": 0.40765172243118286, "0007_memory": 0.37752607464790344, "0008_memory": 0.47232216596603394, "0009_memory": 0.22206564247608185, "0010_memory": 0.4109976589679718, "0011_memory": 0.47533899545669556, "0012_memory": 0.34034401178359985, "0013_memory": 0.39401793479919434, "0014_memory": 0.4339999556541443, "0015_memory": 0.43139535188674927, "0016_memory": 0.49694791436195374, "0017_memory": 0.44314372539520264, "0018_memory": 0.37581005692481995, "0019_memory": 0.35534924268722534, "0020_memory": 0.3648950457572937, "0021_memory": 0.4002641439437866, "0022_memory": 0.3755279779434204, "0023_memory": 0.32327333092689514, "0024_memory": 0.31497329473495483, "0025_memory": 0.32230669260025024, "0026_memory": 0.41970258951187134, "0027_memory": 0.41277366876602173, "0028_memory": 0.4214630722999573, "0029_memory": 0.03162278234958649, "0030_memory": 0.40722399950027466, "0031_memory": 0.3323408365249634, "0032_memory": 0.31044238805770874, "0033_memory": 0.4642384648323059, "0034_memory": 0.34465962648391724, "0035_memory": 0.36806124448776245, "0036_memory": 0.44817084074020386, "0037_memory": 0.3107759356498718, "0038_memory": 0.4504757523536682, "0039_memory": 0.3306432366371155, "0040_memory": 0.3142797350883484, "0041_memory": 0.3312947154045105, "0042_memory": 0.33233365416526794, "0043_memory": 0.36592596769332886, "0044_memory": 0.33534663915634155, "0045_memory": 0.2896435260772705, "0046_memory": 0.30201584100723267, "0047_memory": 0.3055153489112854, "0048_memory": 0.3839292526245117, "0049_memory": 0.408944696187973, "0050_memory": 0.40849122405052185, "0051_memory": 0.3798944056034088, "0052_memory": 0.32773536443710327, "0053_memory": 0.4762418270111084, "0054_memory": 0.386816143989563, "0055_memory": 0.3564690947532654, "0056_memory": 0.37353748083114624, "0057_memory": 0.36904147267341614, "0058_memory": 0.4124987721443176, "0059_memory": 0.41815412044525146, "0060_memory": 0.4094659388065338, "0061_memory": 0.33331918716430664, "0062_memory": 0.34636133909225464, "0063_memory": 0.3482292890548706, "0064_memory": 0.37987828254699707, "0065_memory": 0.45873403549194336, "0066_memory": 0.4140492081642151, "0067_memory": 0.4222930371761322, "0068_memory": 0.4374837875366211, "0069_memory": 0.39572980999946594, "0070_memory": 0.3361127972602844, "0071_memory": 0.33119213581085205, "0072_memory": 0.5069532990455627, "0073_memory": 0.3695092797279358, "0074_memory": 0.3266623020172119, "0075_memory": 0.38234829902648926, "0076_memory": 0.3263956904411316, "0077_memory": 0.3558412790298462, "0078_memory": 0.36016809940338135, "0079_memory": 0.41649794578552246, "0080_memory": 0.4164440929889679, "0081_memory": 0.3330736458301544, "0082_memory": 0.4737734794616699, "0083_memory": 0.42938005924224854, "0084_memory": 0.3772372603416443, "0085_memory": 0.39393454790115356, "0086_memory": 0.4089195132255554, "0087_memory": 0.47968095541000366, "0088_memory": 0.2571883201599121, "0089_memory": 0.3802313506603241, "0090_memory": 0.4690898358821869, "0091_memory": 0.38145822286605835, "0092_memory": 0.4360964298248291, "0093_memory": 0.3459610939025879, "0094_memory": 0.3451310098171234, "0095_memory": 0.3304500877857208, "0096_memory": 0.30921676754951477, "0097_memory": 0.29436278343200684, "0098_memory": 0.2299499213695526, "0099_memory": 0.3260642886161804, "0100_memory": 0.36089205741882324, "0101_memory": 0.3461451828479767, "0102_memory": 0.4094322919845581, "0103_memory": 0.34138673543930054, "0104_memory": 0.3819669485092163, "0105_memory": 0.45158812403678894, "0106_memory": 0.4281158149242401, "0107_memory": 0.33690041303634644, "0108_memory": 0.38298696279525757, "0109_memory": 0.34948331117630005, "0110_memory": 0.29211950302124023, "0111_memory": 0.3795517683029175, "0112_memory": 0.39724814891815186, "0113_memory": 0.3789787292480469, "0114_memory": 0.3731834292411804, "0115_memory": 0.3567044138908386, "0116_memory": 0.38897085189819336, "0117_memory": 0.4007929861545563, "0118_memory": 0.38358446955680847, "0119_memory": 0.3344278335571289, "0120_memory": 0.325307160615921, "0121_memory": 0.36553651094436646, "0122_memory": 0.41059690713882446, "0123_memory": 0.4157285690307617, "0124_memory": 0.3871469497680664, "0125_memory": 0.32402539253234863, "0126_memory": 0.35446855425834656, "0127_memory": 0.32957202196121216, "0128_memory": 0.3200550079345703, "0129_memory": 0.26938897371292114, "0130_memory": 0.29459086060523987, "0131_memory": 0.4007332921028137, "0132_memory": 0.37143048644065857, "0133_memory": 0.37216752767562866, "0134_memory": 0.3810012638568878, "0135_memory": 0.4183024764060974, "0136_memory": 0.4355787932872772, "0137_memory": 0.35982653498649597, "0138_memory": 0.4898960590362549, "0139_memory": 0.3980100750923157, "0140_memory": 0.3654659390449524, "0141_memory": 0.4443981945514679, "0142_memory": 0.474018931388855, "0143_memory": 0.4711463153362274, "0144_memory": 0.46634405851364136, "0145_memory": 0.5011231303215027}