{"0001_memory": 0.49725162982940674, "0002_memory": 0.3635645806789398, "0003_memory": 0.46801623702049255, "0004_memory": 0.4361926019191742, "0005_memory": 0.40975773334503174, "0006_memory": 0.361255407333374, "0007_memory": 0.34036558866500854, "0008_memory": 0.46681421995162964, "0009_memory": 0.38861536979675293, "0010_memory": 0.3681478798389435, "0011_memory": 0.4666439890861511, "0012_memory": 0.406872421503067, "0013_memory": 0.3462921380996704, "0014_memory": 0.41887378692626953, "0015_memory": 0.47381556034088135, "0016_memory": 0.5033625960350037, "0017_memory": 0.476132333278656, "0018_memory": 0.22974953055381775, "0019_memory": 0.31514301896095276, "0020_memory": 0.30865001678466797, "0021_memory": 0.3865506052970886, "0022_memory": 0.33440446853637695, "0023_memory": 0.3557771146297455, "0024_memory": 0.37164151668548584, "0025_memory": 0.37271443009376526, "0026_memory": 0.40921467542648315, "0027_memory": 0.4524528682231903, "0028_memory": 0.37436604499816895, "0029_memory": 0.38897085189819336, "0030_memory": 0.458449125289917, "0031_memory": 0.40069580078125, "0032_memory": 0.38723909854888916, "0033_memory": 0.47320830821990967, "0034_memory": 0.3747253119945526, "0035_memory": 0.42938247323036194, "0036_memory": 0.46109825372695923, "0037_memory": 0.3901975750923157, "0038_memory": 0.46797510981559753, "0039_memory": 0.36205488443374634, "0040_memory": 0.39449813961982727, "0041_memory": 0.39445897936820984, "0042_memory": 0.406668484210968, "0043_memory": 0.2941805124282837, "0044_memory": 0.3263717591762543, "0045_memory": 0.3825600743293762, "0046_memory": 0.37870150804519653, "0047_memory": 0.3654550313949585, "0048_memory": 0.3490666449069977, "0049_memory": 0.38128820061683655, "0050_memory": 0.4555683135986328, "0051_memory": 0.2101849764585495, "0052_memory": 0.3941621780395508, "0053_memory": 0.48303893208503723, "0054_memory": 0.3596811890602112, "0055_memory": 0.33674466609954834, "0056_memory": 0.4213748574256897, "0057_memory": 0.33064526319503784, "0058_memory": 0.4672766923904419, "0059_memory": 0.4629634916782379, "0060_memory": 0.35541439056396484, "0061_memory": 0.37017154693603516, "0062_memory": 0.3427097201347351, "0063_memory": 0.35333994030952454, "0064_memory": 0.26134592294692993, "0065_memory": 0.4712231159210205, "0066_memory": 0.4025169610977173, "0067_memory": 0.4165608882904053, "0068_memory": 0.4713371694087982, "0069_memory": 0.44005095958709717, "0070_memory": 0.374111533164978, "0071_memory": 0.36465734243392944, "0072_memory": 0.5130925178527832, "0073_memory": 0.38047510385513306, "0074_memory": 0.3638792634010315, "0075_memory": 0.38880765438079834, "0076_memory": 0.3903648853302002, "0077_memory": 0.41259387135505676, "0078_memory": 0.3634859323501587, "0079_memory": 0.38784968852996826, "0080_memory": 0.3862021863460541, "0081_memory": 0.3842746317386627, "0082_memory": 0.4824005663394928, "0083_memory": 0.38830921053886414, "0084_memory": 0.43070295453071594, "0085_memory": 0.33950573205947876, "0086_memory": 0.38034486770629883, "0087_memory": 0.48953598737716675, "0088_memory": 0.38169026374816895, "0089_memory": 0.2840932607650757, "0090_memory": 0.4727109670639038, "0091_memory": 0.4316409230232239, "0092_memory": 0.42151615023612976, "0093_memory": 0.38469016551971436, "0094_memory": 0.3595004081726074, "0095_memory": 0.3958897590637207, "0096_memory": 0.361769437789917, "0097_memory": 0.3783663511276245, "0098_memory": 0.3911406993865967, "0099_memory": 0.3725932836532593, "0100_memory": 0.33092594146728516, "0101_memory": 0.36349478363990784, "0102_memory": 0.3822738230228424, "0103_memory": 0.3533022999763489, "0104_memory": 0.4288310408592224, "0105_memory": 0.4554969370365143, "0106_memory": 0.38636189699172974, "0107_memory": 0.4064318537712097, "0108_memory": 0.3389694094657898, "0109_memory": 0.35107654333114624, "0110_memory": 0.3835746645927429, "0111_memory": 0.3178919553756714, "0112_memory": 0.38514044880867004, "0113_memory": 0.30677494406700134, "0114_memory": 0.3453770875930786, "0115_memory": 0.2713046669960022, "0116_memory": 0.03162278234958649, "0117_memory": 0.3901592493057251, "0118_memory": 0.2997013330459595, "0119_memory": 0.37773245573043823, "0120_memory": 0.36546504497528076, "0121_memory": 0.33393073081970215, "0122_memory": 0.39615315198898315, "0123_memory": 0.3786184787750244, "0124_memory": 0.3436043858528137, "0125_memory": 0.37160784006118774, "0126_memory": 0.36479511857032776, "0127_memory": 0.39005106687545776, "0128_memory": 0.3645091950893402, "0129_memory": 0.38642239570617676, "0130_memory": 0.38674381375312805, "0131_memory": 0.39909571409225464, "0132_memory": 0.3365796208381653, "0133_memory": 0.3509176969528198, "0134_memory": 0.3001815974712372, "0135_memory": 0.3842272162437439, "0136_memory": 0.4199691712856293, "0137_memory": 0.33685848116874695, "0138_memory": 0.49388062953948975, "0139_memory": 0.39649224281311035, "0140_memory": 0.3474177122116089, "0141_memory": 0.46030139923095703, "0142_memory": 0.4654466509819031, "0143_memory": 0.47562700510025024, "0144_memory": 0.46440446376800537, "0145_memory": 0.507243275642395}