{"0001_memory": 0.48821014165878296, "0002_memory": 0.3408780097961426, "0003_memory": 0.4274759590625763, "0004_memory": 0.43399688601493835, "0005_memory": 0.3391553461551666, "0006_memory": 0.3989967405796051, "0007_memory": 0.38951927423477173, "0008_memory": 0.4666386842727661, "0009_memory": 0.29194578528404236, "0010_memory": 0.40232759714126587, "0011_memory": 0.47305580973625183, "0012_memory": 0.34824031591415405, "0013_memory": 0.39504167437553406, "0014_memory": 0.4360108971595764, "0015_memory": 0.4362167418003082, "0016_memory": 0.5001797676086426, "0017_memory": 0.4436675012111664, "0018_memory": 0.37132054567337036, "0019_memory": 0.37027740478515625, "0020_memory": 0.38047486543655396, "0021_memory": 0.401348352432251, "0022_memory": 0.38709646463394165, "0023_memory": 0.3108101487159729, "0024_memory": 0.3187948763370514, "0025_memory": 0.3133336305618286, "0026_memory": 0.4207909405231476, "0027_memory": 0.41005411744117737, "0028_memory": 0.4135928750038147, "0029_memory": 0.29459086060523987, "0030_memory": 0.42569097876548767, "0031_memory": 0.3559522032737732, "0032_memory": 0.3317480981349945, "0033_memory": 0.4713629484176636, "0034_memory": 0.34379348158836365, "0035_memory": 0.3807358145713806, "0036_memory": 0.45464038848876953, "0037_memory": 0.3348824977874756, "0038_memory": 0.44942963123321533, "0039_memory": 0.339175820350647, "0040_memory": 0.34301096200942993, "0041_memory": 0.3427552580833435, "0042_memory": 0.3509178161621094, "0043_memory": 0.3767227232456207, "0044_memory": 0.36430448293685913, "0045_memory": 0.32768258452415466, "0046_memory": 0.27504974603652954, "0047_memory": 0.3518664836883545, "0048_memory": 0.39081960916519165, "0049_memory": 0.3964582085609436, "0050_memory": 0.4198387861251831, "0051_memory": 0.37837129831314087, "0052_memory": 0.3186699151992798, "0053_memory": 0.4730432629585266, "0054_memory": 0.3767811357975006, "0055_memory": 0.3450547456741333, "0056_memory": 0.3554877042770386, "0057_memory": 0.38270699977874756, "0058_memory": 0.42235279083251953, "0059_memory": 0.42222702503204346, "0060_memory": 0.406269907951355, "0061_memory": 0.36149710416793823, "0062_memory": 0.3487657904624939, "0063_memory": 0.3324379026889801, "0064_memory": 0.37647679448127747, "0065_memory": 0.4658833146095276, "0066_memory": 0.41461092233657837, "0067_memory": 0.42399197816848755, "0068_memory": 0.43378007411956787, "0069_memory": 0.40219175815582275, "0070_memory": 0.33265072107315063, "0071_memory": 0.3509499430656433, "0072_memory": 0.5127935409545898, "0073_memory": 0.38756081461906433, "0074_memory": 0.3148001432418823, "0075_memory": 0.40587109327316284, "0076_memory": 0.33243101835250854, "0077_memory": 0.36232292652130127, "0078_memory": 0.3729129433631897, "0079_memory": 0.4149591326713562, "0080_memory": 0.40621107816696167, "0081_memory": 0.3164665102958679, "0082_memory": 0.4745953679084778, "0083_memory": 0.41411975026130676, "0084_memory": 0.3812189996242523, "0085_memory": 0.4011392295360565, "0086_memory": 0.4136219620704651, "0087_memory": 0.48217761516571045, "0088_memory": 0.31559914350509644, "0089_memory": 0.3878154456615448, "0090_memory": 0.47261688113212585, "0091_memory": 0.3691546320915222, "0092_memory": 0.4376535415649414, "0093_memory": 0.342055082321167, "0094_memory": 0.33763816952705383, "0095_memory": 0.337314248085022, "0096_memory": 0.3253335952758789, "0097_memory": 0.3280070424079895, "0098_memory": 0.2713635563850403, "0099_memory": 0.3575476408004761, "0100_memory": 0.36747193336486816, "0101_memory": 0.3652415871620178, "0102_memory": 0.4131072163581848, "0103_memory": 0.35726889967918396, "0104_memory": 0.39054176211357117, "0105_memory": 0.4528513550758362, "0106_memory": 0.40651047229766846, "0107_memory": 0.346491277217865, "0108_memory": 0.401203989982605, "0109_memory": 0.3425441384315491, "0110_memory": 0.23095963895320892, "0111_memory": 0.36535173654556274, "0112_memory": 0.39030879735946655, "0113_memory": 0.3908993601799011, "0114_memory": 0.34822502732276917, "0115_memory": 0.38151562213897705, "0116_memory": 0.38674381375312805, "0117_memory": 0.40173810720443726, "0118_memory": 0.3792356848716736, "0119_memory": 0.33875027298927307, "0120_memory": 0.34218543767929077, "0121_memory": 0.3545091152191162, "0122_memory": 0.4061298966407776, "0123_memory": 0.4037632942199707, "0124_memory": 0.3927501440048218, "0125_memory": 0.32868462800979614, "0126_memory": 0.37147626280784607, "0127_memory": 0.3425796627998352, "0128_memory": 0.33306705951690674, "0129_memory": 0.2355109602212906, "0130_memory": 0.03162278234958649, "0131_memory": 0.40998420119285583, "0132_memory": 0.38364914059638977, "0133_memory": 0.3690177798271179, "0134_memory": 0.3783387243747711, "0135_memory": 0.4113500714302063, "0136_memory": 0.43697628378868103, "0137_memory": 0.3739624619483948, "0138_memory": 0.49292510747909546, "0139_memory": 0.4105331301689148, "0140_memory": 0.36258432269096375, "0141_memory": 0.45347148180007935, "0142_memory": 0.46889400482177734, "0143_memory": 0.4663579761981964, "0144_memory": 0.46399760246276855, "0145_memory": 0.5057230591773987}