{"0001_memory": 0.4659700393676758, "0002_memory": 0.3374413251876831, "0003_memory": 0.40656912326812744, "0004_memory": 0.45028823614120483, "0005_memory": 0.3265567719936371, "0006_memory": 0.41285619139671326, "0007_memory": 0.388335645198822, "0008_memory": 0.4615597426891327, "0009_memory": 0.3256523013114929, "0010_memory": 0.41464531421661377, "0011_memory": 0.46206676959991455, "0012_memory": 0.30910900235176086, "0013_memory": 0.4040805697441101, "0014_memory": 0.4305694103240967, "0015_memory": 0.39915645122528076, "0016_memory": 0.47543126344680786, "0017_memory": 0.409306138753891, "0018_memory": 0.3809753358364105, "0019_memory": 0.3618844151496887, "0020_memory": 0.36532968282699585, "0021_memory": 0.40504440665245056, "0022_memory": 0.3791384696960449, "0023_memory": 0.3382667899131775, "0024_memory": 0.3291608691215515, "0025_memory": 0.33210399746894836, "0026_memory": 0.42298075556755066, "0027_memory": 0.3781486749649048, "0028_memory": 0.41213515400886536, "0029_memory": 0.3107759356498718, "0030_memory": 0.386191725730896, "0031_memory": 0.2900659143924713, "0032_memory": 0.3401068449020386, "0033_memory": 0.45410826802253723, "0034_memory": 0.3645956516265869, "0035_memory": 0.31868523359298706, "0036_memory": 0.449354887008667, "0037_memory": 0.03162278234958649, "0038_memory": 0.44796353578567505, "0039_memory": 0.35148030519485474, "0040_memory": 0.20398379862308502, "0041_memory": 0.20432020723819733, "0042_memory": 0.30292123556137085, "0043_memory": 0.36993011832237244, "0044_memory": 0.34765076637268066, "0045_memory": 0.330424964427948, "0046_memory": 0.3034648299217224, "0047_memory": 0.34545207023620605, "0048_memory": 0.38345232605934143, "0049_memory": 0.41287854313850403, "0050_memory": 0.3914991021156311, "0051_memory": 0.3839361071586609, "0052_memory": 0.258537232875824, "0053_memory": 0.4582233428955078, "0054_memory": 0.39512673020362854, "0055_memory": 0.36588072776794434, "0056_memory": 0.3352589011192322, "0057_memory": 0.37703508138656616, "0058_memory": 0.3942136764526367, "0059_memory": 0.39819303154945374, "0060_memory": 0.41035574674606323, "0061_memory": 0.3569456934928894, "0062_memory": 0.3504279851913452, "0063_memory": 0.37069547176361084, "0064_memory": 0.38448366522789, "0065_memory": 0.45229601860046387, "0066_memory": 0.40978196263313293, "0067_memory": 0.42481666803359985, "0068_memory": 0.40724611282348633, "0069_memory": 0.3557867407798767, "0070_memory": 0.34965047240257263, "0071_memory": 0.35526198148727417, "0072_memory": 0.4906705915927887, "0073_memory": 0.3990125358104706, "0074_memory": 0.34569934010505676, "0075_memory": 0.4020589590072632, "0076_memory": 0.28486335277557373, "0077_memory": 0.3157191574573517, "0078_memory": 0.3654022216796875, "0079_memory": 0.4216713607311249, "0080_memory": 0.4198400378227234, "0081_memory": 0.3077913224697113, "0082_memory": 0.45632344484329224, "0083_memory": 0.4356326758861542, "0084_memory": 0.32437726855278015, "0085_memory": 0.39672771096229553, "0086_memory": 0.411703497171402, "0087_memory": 0.4629829525947571, "0088_memory": 0.3216651380062103, "0089_memory": 0.3993214964866638, "0090_memory": 0.4590974748134613, "0091_memory": 0.34099283814430237, "0092_memory": 0.44355666637420654, "0093_memory": 0.29773491621017456, "0094_memory": 0.35796910524368286, "0095_memory": 0.2532585859298706, "0096_memory": 0.31360119581222534, "0097_memory": 0.32600265741348267, "0098_memory": 0.31744128465652466, "0099_memory": 0.34734416007995605, "0100_memory": 0.37320777773857117, "0101_memory": 0.353586345911026, "0102_memory": 0.4154220223426819, "0103_memory": 0.36114269495010376, "0104_memory": 0.3219596743583679, "0105_memory": 0.4548296332359314, "0106_memory": 0.4293975830078125, "0107_memory": 0.311461865901947, "0108_memory": 0.3964454233646393, "0109_memory": 0.37076422572135925, "0110_memory": 0.31719911098480225, "0111_memory": 0.3824900984764099, "0112_memory": 0.4032626450061798, "0113_memory": 0.3760073482990265, "0114_memory": 0.3788340389728546, "0115_memory": 0.3769117295742035, "0116_memory": 0.3901975750923157, "0117_memory": 0.41070014238357544, "0118_memory": 0.3919895589351654, "0119_memory": 0.3586452603340149, "0120_memory": 0.34794917702674866, "0121_memory": 0.37251418828964233, "0122_memory": 0.4193444550037384, "0123_memory": 0.41431450843811035, "0124_memory": 0.39520522952079773, "0125_memory": 0.34376341104507446, "0126_memory": 0.3649936318397522, "0127_memory": 0.2637290954589844, "0128_memory": 0.33733272552490234, "0129_memory": 0.31469231843948364, "0130_memory": 0.3348824977874756, "0131_memory": 0.41646814346313477, "0132_memory": 0.3806672692298889, "0133_memory": 0.3852301239967346, "0134_memory": 0.3867378234863281, "0135_memory": 0.42555487155914307, "0136_memory": 0.43496742844581604, "0137_memory": 0.372552752494812, "0138_memory": 0.4705423414707184, "0139_memory": 0.41144782304763794, "0140_memory": 0.38375866413116455, "0141_memory": 0.4450777769088745, "0142_memory": 0.4599318504333496, "0143_memory": 0.4532409906387329, "0144_memory": 0.45956507325172424, "0145_memory": 0.4832332134246826}