{"0001_memory": 0.4831395447254181, "0002_memory": 0.3835409879684448, "0003_memory": 0.4749682545661926, "0004_memory": 0.41632819175720215, "0005_memory": 0.4217081069946289, "0006_memory": 0.31394195556640625, "0007_memory": 0.20583221316337585, "0008_memory": 0.4648093581199646, "0009_memory": 0.38750511407852173, "0010_memory": 0.3287862539291382, "0011_memory": 0.4521673619747162, "0012_memory": 0.40905171632766724, "0013_memory": 0.3011240065097809, "0014_memory": 0.3920721411705017, "0015_memory": 0.46284401416778564, "0016_memory": 0.487662136554718, "0017_memory": 0.46973806619644165, "0018_memory": 0.3442937731742859, "0019_memory": 0.3475635051727295, "0020_memory": 0.34856846928596497, "0021_memory": 0.34924596548080444, "0022_memory": 0.2803754210472107, "0023_memory": 0.3927832841873169, "0024_memory": 0.3842254877090454, "0025_memory": 0.3905438780784607, "0026_memory": 0.38642656803131104, "0027_memory": 0.45647376775741577, "0028_memory": 0.3226225674152374, "0029_memory": 0.38298696279525757, "0030_memory": 0.4611774682998657, "0031_memory": 0.4071062207221985, "0032_memory": 0.39024680852890015, "0033_memory": 0.44138020277023315, "0034_memory": 0.3677346110343933, "0035_memory": 0.4256146550178528, "0036_memory": 0.4200149178504944, "0037_memory": 0.3964454233646393, "0038_memory": 0.4288364052772522, "0039_memory": 0.3833038806915283, "0040_memory": 0.39370065927505493, "0041_memory": 0.40129345655441284, "0042_memory": 0.4117276668548584, "0043_memory": 0.34271863102912903, "0044_memory": 0.34694820642471313, "0045_memory": 0.3851306438446045, "0046_memory": 0.402294784784317, "0047_memory": 0.3878408670425415, "0048_memory": 0.24976713955402374, "0049_memory": 0.3354341387748718, "0050_memory": 0.46029025316238403, "0051_memory": 0.3487981855869293, "0052_memory": 0.40166038274765015, "0053_memory": 0.4723566174507141, "0054_memory": 0.3827534317970276, "0055_memory": 0.35688191652297974, "0056_memory": 0.4259168803691864, "0057_memory": 0.29456576704978943, "0058_memory": 0.46722325682640076, "0059_memory": 0.4682350754737854, "0060_memory": 0.2972395420074463, "0061_memory": 0.3526792824268341, "0062_memory": 0.3837437033653259, "0063_memory": 0.3856979012489319, "0064_memory": 0.34457796812057495, "0065_memory": 0.436855673789978, "0066_memory": 0.3824669122695923, "0067_memory": 0.38783085346221924, "0068_memory": 0.4712011218070984, "0069_memory": 0.4406155049800873, "0070_memory": 0.41082003712654114, "0071_memory": 0.3636847138404846, "0072_memory": 0.496552437543869, "0073_memory": 0.3266932964324951, "0074_memory": 0.39411622285842896, "0075_memory": 0.34722083806991577, "0076_memory": 0.3953520357608795, "0077_memory": 0.4133417010307312, "0078_memory": 0.3642542362213135, "0079_memory": 0.3659377098083496, "0080_memory": 0.38469815254211426, "0081_memory": 0.4017297625541687, "0082_memory": 0.4644288420677185, "0083_memory": 0.3917170763015747, "0084_memory": 0.4289468228816986, "0085_memory": 0.2723696827888489, "0086_memory": 0.36979472637176514, "0087_memory": 0.47773945331573486, "0088_memory": 0.3843333125114441, "0089_memory": 0.3455870747566223, "0090_memory": 0.44535788893699646, "0091_memory": 0.4290934205055237, "0092_memory": 0.4045880436897278, "0093_memory": 0.39861780405044556, "0094_memory": 0.381272554397583, "0095_memory": 0.3967694044113159, "0096_memory": 0.38186949491500854, "0097_memory": 0.3822212815284729, "0098_memory": 0.3920668959617615, "0099_memory": 0.36315667629241943, "0100_memory": 0.3567091226577759, "0101_memory": 0.3595229983329773, "0102_memory": 0.35595065355300903, "0103_memory": 0.38808614015579224, "0104_memory": 0.43312281370162964, "0105_memory": 0.42232295870780945, "0106_memory": 0.38122957944869995, "0107_memory": 0.41682711243629456, "0108_memory": 0.03162278234958649, "0109_memory": 0.38977646827697754, "0110_memory": 0.3988168239593506, "0111_memory": 0.3224565386772156, "0112_memory": 0.3339892029762268, "0113_memory": 0.30380886793136597, "0114_memory": 0.37418314814567566, "0115_memory": 0.3394513726234436, "0116_memory": 0.3389694094657898, "0117_memory": 0.33870261907577515, "0118_memory": 0.33341240882873535, "0119_memory": 0.40815621614456177, "0120_memory": 0.3648535907268524, "0121_memory": 0.3662351369857788, "0122_memory": 0.38139307498931885, "0123_memory": 0.33340227603912354, "0124_memory": 0.3120698928833008, "0125_memory": 0.37871575355529785, "0126_memory": 0.36202043294906616, "0127_memory": 0.39572808146476746, "0128_memory": 0.3857717216014862, "0129_memory": 0.3934783935546875, "0130_memory": 0.401203989982605, "0131_memory": 0.3452587127685547, "0132_memory": 0.28881269693374634, "0133_memory": 0.37531983852386475, "0134_memory": 0.32901424169540405, "0135_memory": 0.3709057867527008, "0136_memory": 0.3894946575164795, "0137_memory": 0.3605020046234131, "0138_memory": 0.4745418429374695, "0139_memory": 0.3540547788143158, "0140_memory": 0.3629217743873596, "0141_memory": 0.42202043533325195, "0142_memory": 0.4502379894256592, "0143_memory": 0.4649399518966675, "0144_memory": 0.45095688104629517, "0145_memory": 0.4921576976776123}