{"0001_memory": 0.48667609691619873, "0002_memory": 0.34027373790740967, "0003_memory": 0.45834821462631226, "0004_memory": 0.44264450669288635, "0005_memory": 0.4019319415092468, "0006_memory": 0.37721508741378784, "0007_memory": 0.34776055812835693, "0008_memory": 0.46918585896492004, "0009_memory": 0.34090521931648254, "0010_memory": 0.38133782148361206, "0011_memory": 0.46268409490585327, "0012_memory": 0.388624906539917, "0013_memory": 0.3673374652862549, "0014_memory": 0.4201715588569641, "0015_memory": 0.4474899470806122, "0016_memory": 0.4945184886455536, "0017_memory": 0.45653268694877625, "0018_memory": 0.35232627391815186, "0019_memory": 0.3143593370914459, "0020_memory": 0.3357246518135071, "0021_memory": 0.3731309771537781, "0022_memory": 0.3525867462158203, "0023_memory": 0.34405919909477234, "0024_memory": 0.33857983350753784, "0025_memory": 0.3468223214149475, "0026_memory": 0.40733933448791504, "0027_memory": 0.43762683868408203, "0028_memory": 0.3725387156009674, "0029_memory": 0.3461451828479767, "0030_memory": 0.44371891021728516, "0031_memory": 0.37333399057388306, "0032_memory": 0.33989202976226807, "0033_memory": 0.45205891132354736, "0034_memory": 0.30899447202682495, "0035_memory": 0.3876349925994873, "0036_memory": 0.4418846070766449, "0037_memory": 0.353586345911026, "0038_memory": 0.44070038199424744, "0039_memory": 0.33080729842185974, "0040_memory": 0.3639103174209595, "0041_memory": 0.37551015615463257, "0042_memory": 0.37402892112731934, "0043_memory": 0.33978137373924255, "0044_memory": 0.3139589726924896, "0045_memory": 0.33799296617507935, "0046_memory": 0.36840465664863586, "0047_memory": 0.333802193403244, "0048_memory": 0.3596055507659912, "0049_memory": 0.3821543753147125, "0050_memory": 0.4431189298629761, "0051_memory": 0.36244869232177734, "0052_memory": 0.37668925523757935, "0053_memory": 0.4769214391708374, "0054_memory": 0.3139989376068115, "0055_memory": 0.3184255361557007, "0056_memory": 0.4078013300895691, "0057_memory": 0.35485923290252686, "0058_memory": 0.45311859250068665, "0059_memory": 0.4507300555706024, "0060_memory": 0.3775593042373657, "0061_memory": 0.23750461637973785, "0062_memory": 0.33453497290611267, "0063_memory": 0.3314722180366516, "0064_memory": 0.3652084469795227, "0065_memory": 0.4514099955558777, "0066_memory": 0.4060070812702179, "0067_memory": 0.41423648595809937, "0068_memory": 0.4561213254928589, "0069_memory": 0.4272882342338562, "0070_memory": 0.3569612205028534, "0071_memory": 0.2891753613948822, "0072_memory": 0.5064384937286377, "0073_memory": 0.37233632802963257, "0074_memory": 0.3533884882926941, "0075_memory": 0.3743039071559906, "0076_memory": 0.364425927400589, "0077_memory": 0.38625720143318176, "0078_memory": 0.2632468342781067, "0079_memory": 0.39510661363601685, "0080_memory": 0.40284526348114014, "0081_memory": 0.3702583909034729, "0082_memory": 0.4741784930229187, "0083_memory": 0.4129805564880371, "0084_memory": 0.4006098508834839, "0085_memory": 0.3607901930809021, "0086_memory": 0.3934401869773865, "0087_memory": 0.4812692403793335, "0088_memory": 0.3405687212944031, "0089_memory": 0.3726184368133545, "0090_memory": 0.46156978607177734, "0091_memory": 0.40326550602912903, "0092_memory": 0.428810715675354, "0093_memory": 0.38847440481185913, "0094_memory": 0.3308711051940918, "0095_memory": 0.3697858154773712, "0096_memory": 0.31771475076675415, "0097_memory": 0.3338829278945923, "0098_memory": 0.35742098093032837, "0099_memory": 0.278303325176239, "0100_memory": 0.3226107954978943, "0101_memory": 0.03162278234958649, "0102_memory": 0.38607239723205566, "0103_memory": 0.33108240365982056, "0104_memory": 0.4087728261947632, "0105_memory": 0.4469553530216217, "0106_memory": 0.40620630979537964, "0107_memory": 0.3951749801635742, "0108_memory": 0.3595229983329773, "0109_memory": 0.34015804529190063, "0110_memory": 0.3713928461074829, "0111_memory": 0.36137208342552185, "0112_memory": 0.37353724241256714, "0113_memory": 0.3586769104003906, "0114_memory": 0.32027554512023926, "0115_memory": 0.3501758575439453, "0116_memory": 0.36349478363990784, "0117_memory": 0.3758199214935303, "0118_memory": 0.3658103346824646, "0119_memory": 0.3553839921951294, "0120_memory": 0.30725324153900146, "0121_memory": 0.3209737539291382, "0122_memory": 0.39897310733795166, "0123_memory": 0.38539546728134155, "0124_memory": 0.36874085664749146, "0125_memory": 0.34650716185569763, "0126_memory": 0.20988716185092926, "0127_memory": 0.36276960372924805, "0128_memory": 0.34394100308418274, "0129_memory": 0.36255359649658203, "0130_memory": 0.3652415871620178, "0131_memory": 0.3899261951446533, "0132_memory": 0.34715989232063293, "0133_memory": 0.30694013833999634, "0134_memory": 0.352605938911438, "0135_memory": 0.403587281703949, "0136_memory": 0.41819876432418823, "0137_memory": 0.33434730768203735, "0138_memory": 0.4868010878562927, "0139_memory": 0.3859013617038727, "0140_memory": 0.32874375581741333, "0141_memory": 0.44406360387802124, "0142_memory": 0.4644283056259155, "0143_memory": 0.4715164303779602, "0144_memory": 0.4650016725063324, "0145_memory": 0.4997842311859131}