{"0001_memory": 0.4819714426994324, "0002_memory": 0.3281368315219879, "0003_memory": 0.45474088191986084, "0004_memory": 0.4326525330543518, "0005_memory": 0.40372219681739807, "0006_memory": 0.3700633943080902, "0007_memory": 0.3360305428504944, "0008_memory": 0.46751123666763306, "0009_memory": 0.3621365427970886, "0010_memory": 0.3732002377510071, "0011_memory": 0.4608813524246216, "0012_memory": 0.39640602469444275, "0013_memory": 0.3558793067932129, "0014_memory": 0.40369752049446106, "0015_memory": 0.4515106678009033, "0016_memory": 0.4875915050506592, "0017_memory": 0.45533931255340576, "0018_memory": 0.25612229108810425, "0019_memory": 0.25129234790802, "0020_memory": 0.20089678466320038, "0021_memory": 0.3620283901691437, "0022_memory": 0.3208606243133545, "0023_memory": 0.3549683690071106, "0024_memory": 0.33591997623443604, "0025_memory": 0.35139036178588867, "0026_memory": 0.3970932364463806, "0027_memory": 0.4393872916698456, "0028_memory": 0.38465142250061035, "0029_memory": 0.36592596769332886, "0030_memory": 0.442643404006958, "0031_memory": 0.38378554582595825, "0032_memory": 0.35732412338256836, "0033_memory": 0.4494675099849701, "0034_memory": 0.3561252951622009, "0035_memory": 0.40207886695861816, "0036_memory": 0.4354574978351593, "0037_memory": 0.36993011832237244, "0038_memory": 0.44717803597450256, "0039_memory": 0.33308836817741394, "0040_memory": 0.371698260307312, "0041_memory": 0.3844125270843506, "0042_memory": 0.38994431495666504, "0043_memory": 0.03162278234958649, "0044_memory": 0.2762497067451477, "0045_memory": 0.3503568172454834, "0046_memory": 0.3680313229560852, "0047_memory": 0.3416576683521271, "0048_memory": 0.33417534828186035, "0049_memory": 0.37215882539749146, "0050_memory": 0.43850022554397583, "0051_memory": 0.29275190830230713, "0052_memory": 0.37929219007492065, "0053_memory": 0.47258591651916504, "0054_memory": 0.35499605536460876, "0055_memory": 0.3095266819000244, "0056_memory": 0.39555132389068604, "0057_memory": 0.3218840956687927, "0058_memory": 0.4416801333427429, "0059_memory": 0.45147034525871277, "0060_memory": 0.34784966707229614, "0061_memory": 0.34090086817741394, "0062_memory": 0.34024864435195923, "0063_memory": 0.3564673662185669, "0064_memory": 0.2895839214324951, "0065_memory": 0.4526272416114807, "0066_memory": 0.38533180952072144, "0067_memory": 0.39810311794281006, "0068_memory": 0.45424482226371765, "0069_memory": 0.43097686767578125, "0070_memory": 0.36348724365234375, "0071_memory": 0.3435458838939667, "0072_memory": 0.5035796165466309, "0073_memory": 0.368826299905777, "0074_memory": 0.35796311497688293, "0075_memory": 0.3591204881668091, "0076_memory": 0.36294007301330566, "0077_memory": 0.39529627561569214, "0078_memory": 0.3251933455467224, "0079_memory": 0.36360931396484375, "0080_memory": 0.38028502464294434, "0081_memory": 0.374674916267395, "0082_memory": 0.47035640478134155, "0083_memory": 0.39029431343078613, "0084_memory": 0.40904510021209717, "0085_memory": 0.34987494349479675, "0086_memory": 0.38299834728240967, "0087_memory": 0.47757840156555176, "0088_memory": 0.35922276973724365, "0089_memory": 0.3237996995449066, "0090_memory": 0.4538763165473938, "0091_memory": 0.40706580877304077, "0092_memory": 0.41977378726005554, "0093_memory": 0.390473872423172, "0094_memory": 0.35318219661712646, "0095_memory": 0.37857580184936523, "0096_memory": 0.33933329582214355, "0097_memory": 0.3578358292579651, "0098_memory": 0.36550837755203247, "0099_memory": 0.34635019302368164, "0100_memory": 0.3092782497406006, "0101_memory": 0.33978137373924255, "0102_memory": 0.36759403347969055, "0103_memory": 0.34178075194358826, "0104_memory": 0.41564249992370605, "0105_memory": 0.4443241357803345, "0106_memory": 0.3841806948184967, "0107_memory": 0.38873815536499023, "0108_memory": 0.34271863102912903, "0109_memory": 0.34546542167663574, "0110_memory": 0.3767351508140564, "0111_memory": 0.31720948219299316, "0112_memory": 0.3696623742580414, "0113_memory": 0.3125327229499817, "0114_memory": 0.3360133171081543, "0115_memory": 0.20947298407554626, "0116_memory": 0.2941805124282837, "0117_memory": 0.3749080300331116, "0118_memory": 0.3170905113220215, "0119_memory": 0.35370633006095886, "0120_memory": 0.35409432649612427, "0121_memory": 0.3132261037826538, "0122_memory": 0.38607057929039, "0123_memory": 0.37866368889808655, "0124_memory": 0.3354640603065491, "0125_memory": 0.34735578298568726, "0126_memory": 0.33094024658203125, "0127_memory": 0.36506080627441406, "0128_memory": 0.3418792486190796, "0129_memory": 0.374019980430603, "0130_memory": 0.3767227232456207, "0131_memory": 0.3800864815711975, "0132_memory": 0.33204424381256104, "0133_memory": 0.34131431579589844, "0134_memory": 0.31586968898773193, "0135_memory": 0.37642815709114075, "0136_memory": 0.40418416261672974, "0137_memory": 0.2915109395980835, "0138_memory": 0.4837118089199066, "0139_memory": 0.3662002384662628, "0140_memory": 0.3316628634929657, "0141_memory": 0.4412582218647003, "0142_memory": 0.45689040422439575, "0143_memory": 0.46427780389785767, "0144_memory": 0.4605932831764221, "0145_memory": 0.4963761568069458}