{"0001_memory": 0.48966386914253235, "0002_memory": 0.36191391944885254, "0003_memory": 0.4637329578399658, "0004_memory": 0.42207860946655273, "0005_memory": 0.4052125811576843, "0006_memory": 0.33220380544662476, "0007_memory": 0.31872010231018066, "0008_memory": 0.4629948139190674, "0009_memory": 0.3806593418121338, "0010_memory": 0.33742958307266235, "0011_memory": 0.4637885093688965, "0012_memory": 0.39006829261779785, "0013_memory": 0.32138580083847046, "0014_memory": 0.4090121388435364, "0015_memory": 0.4602368474006653, "0016_memory": 0.4959416389465332, "0017_memory": 0.47033756971359253, "0018_memory": 0.30947640538215637, "0019_memory": 0.3039098381996155, "0020_memory": 0.3249472379684448, "0021_memory": 0.37121516466140747, "0022_memory": 0.29814234375953674, "0023_memory": 0.3482058346271515, "0024_memory": 0.36370375752449036, "0025_memory": 0.35703086853027344, "0026_memory": 0.3945997953414917, "0027_memory": 0.4439588785171509, "0028_memory": 0.3414347767829895, "0029_memory": 0.3810012638568878, "0030_memory": 0.457010954618454, "0031_memory": 0.3968183100223541, "0032_memory": 0.3870309889316559, "0033_memory": 0.4600967764854431, "0034_memory": 0.36036986112594604, "0035_memory": 0.41454893350601196, "0036_memory": 0.43824195861816406, "0037_memory": 0.3867378234863281, "0038_memory": 0.4441661834716797, "0039_memory": 0.3582746386528015, "0040_memory": 0.3888815641403198, "0041_memory": 0.3969453275203705, "0042_memory": 0.39338418841362, "0043_memory": 0.31586968898773193, "0044_memory": 0.32704341411590576, "0045_memory": 0.3771168291568756, "0046_memory": 0.37558090686798096, "0047_memory": 0.3657081127166748, "0048_memory": 0.3116094470024109, "0049_memory": 0.35670414566993713, "0050_memory": 0.45216143131256104, "0051_memory": 0.28783974051475525, "0052_memory": 0.38389116525650024, "0053_memory": 0.4742376208305359, "0054_memory": 0.356658935546875, "0055_memory": 0.3192652761936188, "0056_memory": 0.41534340381622314, "0057_memory": 0.2810556888580322, "0058_memory": 0.4554998278617859, "0059_memory": 0.4552018940448761, "0060_memory": 0.33918464183807373, "0061_memory": 0.34655874967575073, "0062_memory": 0.3487124741077423, "0063_memory": 0.34123754501342773, "0064_memory": 0.2756221890449524, "0065_memory": 0.45504629611968994, "0066_memory": 0.38241714239120483, "0067_memory": 0.40083539485931396, "0068_memory": 0.46614497900009155, "0069_memory": 0.4337294399738312, "0070_memory": 0.3664615750312805, "0071_memory": 0.35328495502471924, "0072_memory": 0.5104091167449951, "0073_memory": 0.35597753524780273, "0074_memory": 0.3639097213745117, "0075_memory": 0.3666035532951355, "0076_memory": 0.38440951704978943, "0077_memory": 0.4115159213542938, "0078_memory": 0.3623097240924835, "0079_memory": 0.38093239068984985, "0080_memory": 0.37571007013320923, "0081_memory": 0.38030436635017395, "0082_memory": 0.47509121894836426, "0083_memory": 0.3833622336387634, "0084_memory": 0.4154239296913147, "0085_memory": 0.3274163603782654, "0086_memory": 0.372295618057251, "0087_memory": 0.483196884393692, "0088_memory": 0.3738047480583191, "0089_memory": 0.2649134397506714, "0090_memory": 0.4677599370479584, "0091_memory": 0.42019134759902954, "0092_memory": 0.4125654101371765, "0093_memory": 0.3923313319683075, "0094_memory": 0.3398936986923218, "0095_memory": 0.395153671503067, "0096_memory": 0.3499019742012024, "0097_memory": 0.3849788308143616, "0098_memory": 0.3832190930843353, "0099_memory": 0.36198943853378296, "0100_memory": 0.3319751024246216, "0101_memory": 0.352605938911438, "0102_memory": 0.38308095932006836, "0103_memory": 0.353196918964386, "0104_memory": 0.41649794578552246, "0105_memory": 0.43458813428878784, "0106_memory": 0.3781384825706482, "0107_memory": 0.39975225925445557, "0108_memory": 0.32901424169540405, "0109_memory": 0.34874993562698364, "0110_memory": 0.3600623309612274, "0111_memory": 0.21241691708564758, "0112_memory": 0.3583618998527527, "0113_memory": 0.25366365909576416, "0114_memory": 0.3462689518928528, "0115_memory": 0.298237144947052, "0116_memory": 0.3001815974712372, "0117_memory": 0.344738632440567, "0118_memory": 0.2053382694721222, "0119_memory": 0.38585174083709717, "0120_memory": 0.34916263818740845, "0121_memory": 0.3356510400772095, "0122_memory": 0.37667059898376465, "0123_memory": 0.3436250686645508, "0124_memory": 0.29434412717819214, "0125_memory": 0.3673953413963318, "0126_memory": 0.36110153794288635, "0127_memory": 0.3884458839893341, "0128_memory": 0.36111313104629517, "0129_memory": 0.3812328279018402, "0130_memory": 0.3783387243747711, "0131_memory": 0.3763681650161743, "0132_memory": 0.29289934039115906, "0133_memory": 0.3556331992149353, "0134_memory": 0.03162278234958649, "0135_memory": 0.38133320212364197, "0136_memory": 0.41064831614494324, "0137_memory": 0.3440069556236267, "0138_memory": 0.4911978244781494, "0139_memory": 0.37738803029060364, "0140_memory": 0.3344975709915161, "0141_memory": 0.43542832136154175, "0142_memory": 0.46311062574386597, "0143_memory": 0.46458709239959717, "0144_memory": 0.46118199825286865, "0145_memory": 0.5030660033226013}