{"0001_memory": 0.481449693441391, "0002_memory": 0.22092556953430176, "0003_memory": 0.4380883574485779, "0004_memory": 0.44763004779815674, "0005_memory": 0.3723466694355011, "0006_memory": 0.397675096988678, "0007_memory": 0.3679409921169281, "0008_memory": 0.46822160482406616, "0009_memory": 0.3098464608192444, "0010_memory": 0.3855755627155304, "0011_memory": 0.4683828353881836, "0012_memory": 0.3820551037788391, "0013_memory": 0.38834309577941895, "0014_memory": 0.41951289772987366, "0015_memory": 0.4394056797027588, "0016_memory": 0.49213725328445435, "0017_memory": 0.44391512870788574, "0018_memory": 0.34898579120635986, "0019_memory": 0.33091509342193604, "0020_memory": 0.3414486050605774, "0021_memory": 0.3872785270214081, "0022_memory": 0.3546062111854553, "0023_memory": 0.29790157079696655, "0024_memory": 0.2633257508277893, "0025_memory": 0.28139182925224304, "0026_memory": 0.41328108310699463, "0027_memory": 0.43155360221862793, "0028_memory": 0.41104695200920105, "0029_memory": 0.3200550079345703, "0030_memory": 0.4358634054660797, "0031_memory": 0.36626267433166504, "0032_memory": 0.32609838247299194, "0033_memory": 0.45807990431785583, "0034_memory": 0.3167591691017151, "0035_memory": 0.38683122396469116, "0036_memory": 0.4473305642604828, "0037_memory": 0.33733272552490234, "0038_memory": 0.447573184967041, "0039_memory": 0.27828434109687805, "0040_memory": 0.3429500460624695, "0041_memory": 0.3507959246635437, "0042_memory": 0.3621408939361572, "0043_memory": 0.3418792486190796, "0044_memory": 0.32834020256996155, "0045_memory": 0.3235659599304199, "0046_memory": 0.343744158744812, "0047_memory": 0.2601976692676544, "0048_memory": 0.37773454189300537, "0049_memory": 0.3974287509918213, "0050_memory": 0.4245784878730774, "0051_memory": 0.34271371364593506, "0052_memory": 0.35294073820114136, "0053_memory": 0.47347646951675415, "0054_memory": 0.37088742852211, "0055_memory": 0.3374406099319458, "0056_memory": 0.3861042261123657, "0057_memory": 0.3629680275917053, "0058_memory": 0.43012452125549316, "0059_memory": 0.43133819103240967, "0060_memory": 0.4024842381477356, "0061_memory": 0.33178383111953735, "0062_memory": 0.3135465383529663, "0063_memory": 0.32229626178741455, "0064_memory": 0.3640245795249939, "0065_memory": 0.4482382535934448, "0066_memory": 0.40643310546875, "0067_memory": 0.42049598693847656, "0068_memory": 0.43869495391845703, "0069_memory": 0.41576236486434937, "0070_memory": 0.32929468154907227, "0071_memory": 0.3192169666290283, "0072_memory": 0.5067201852798462, "0073_memory": 0.3857857286930084, "0074_memory": 0.3076748251914978, "0075_memory": 0.3852873742580414, "0076_memory": 0.34277793765068054, "0077_memory": 0.37676137685775757, "0078_memory": 0.349741667509079, "0079_memory": 0.4087829887866974, "0080_memory": 0.40637630224227905, "0081_memory": 0.34661126136779785, "0082_memory": 0.4697083532810211, "0083_memory": 0.4186044931411743, "0084_memory": 0.3868900239467621, "0085_memory": 0.3742726743221283, "0086_memory": 0.40144747495651245, "0087_memory": 0.47562336921691895, "0088_memory": 0.3130817115306854, "0089_memory": 0.3732634484767914, "0090_memory": 0.4645894467830658, "0091_memory": 0.39432305097579956, "0092_memory": 0.4432682991027832, "0093_memory": 0.36866259574890137, "0094_memory": 0.32427942752838135, "0095_memory": 0.3454502820968628, "0096_memory": 0.20055896043777466, "0097_memory": 0.32407331466674805, "0098_memory": 0.3230089545249939, "0099_memory": 0.32558301091194153, "0100_memory": 0.34132468700408936, "0101_memory": 0.34394100308418274, "0102_memory": 0.3909059762954712, "0103_memory": 0.2938748002052307, "0104_memory": 0.38966038823127747, "0105_memory": 0.4460018575191498, "0106_memory": 0.4067920446395874, "0107_memory": 0.364074170589447, "0108_memory": 0.3857717216014862, "0109_memory": 0.3048555850982666, "0110_memory": 0.3417063057422638, "0111_memory": 0.35417914390563965, "0112_memory": 0.38259372115135193, "0113_memory": 0.3668345808982849, "0114_memory": 0.34989994764328003, "0115_memory": 0.3452405333518982, "0116_memory": 0.3645091950893402, "0117_memory": 0.3879069685935974, "0118_memory": 0.36368998885154724, "0119_memory": 0.3393101394176483, "0120_memory": 0.3239856958389282, "0121_memory": 0.3497631847858429, "0122_memory": 0.40707796812057495, "0123_memory": 0.39605849981307983, "0124_memory": 0.37965482473373413, "0125_memory": 0.25718954205513, "0126_memory": 0.325271338224411, "0127_memory": 0.33615708351135254, "0128_memory": 0.03162278234958649, "0129_memory": 0.30682215094566345, "0130_memory": 0.33306705951690674, "0131_memory": 0.3803965449333191, "0132_memory": 0.367644339799881, "0133_memory": 0.3607975244522095, "0134_memory": 0.36111313104629517, "0135_memory": 0.41284048557281494, "0136_memory": 0.4213941693305969, "0137_memory": 0.34594103693962097, "0138_memory": 0.4828551411628723, "0139_memory": 0.38767948746681213, "0140_memory": 0.3572526276111603, "0141_memory": 0.44565361738204956, "0142_memory": 0.46923965215682983, "0143_memory": 0.4677901864051819, "0144_memory": 0.46449416875839233, "0145_memory": 0.4971004128456116}