{"0001_memory": 0.49390411376953125, "0002_memory": 0.3625960052013397, "0003_memory": 0.4604901075363159, "0004_memory": 0.44088828563690186, "0005_memory": 0.4018012285232544, "0006_memory": 0.35455429553985596, "0007_memory": 0.36756590008735657, "0008_memory": 0.465816855430603, "0009_memory": 0.36373329162597656, "0010_memory": 0.3719845414161682, "0011_memory": 0.46436816453933716, "0012_memory": 0.3816264271736145, "0013_memory": 0.35986340045928955, "0014_memory": 0.4304262399673462, "0015_memory": 0.45343613624572754, "0016_memory": 0.5037838220596313, "0017_memory": 0.46111929416656494, "0018_memory": 0.33466947078704834, "0019_memory": 0.33635520935058594, "0020_memory": 0.3471514880657196, "0021_memory": 0.38331151008605957, "0022_memory": 0.36196625232696533, "0023_memory": 0.34032320976257324, "0024_memory": 0.35042715072631836, "0025_memory": 0.3460460305213928, "0026_memory": 0.4183152914047241, "0027_memory": 0.44505810737609863, "0028_memory": 0.37396952509880066, "0029_memory": 0.37216752767562866, "0030_memory": 0.4546346366405487, "0031_memory": 0.39807939529418945, "0032_memory": 0.34812504053115845, "0033_memory": 0.45809119939804077, "0034_memory": 0.33770740032196045, "0035_memory": 0.4120296239852905, "0036_memory": 0.45544445514678955, "0037_memory": 0.3852301239967346, "0038_memory": 0.4572752118110657, "0039_memory": 0.3522750735282898, "0040_memory": 0.38576579093933105, "0041_memory": 0.39401447772979736, "0042_memory": 0.4054487943649292, "0043_memory": 0.34131431579589844, "0044_memory": 0.327727735042572, "0045_memory": 0.3560402989387512, "0046_memory": 0.3589829206466675, "0047_memory": 0.36584922671318054, "0048_memory": 0.3734694719314575, "0049_memory": 0.38056957721710205, "0050_memory": 0.4613218903541565, "0051_memory": 0.34244370460510254, "0052_memory": 0.385520875453949, "0053_memory": 0.48067790269851685, "0054_memory": 0.20523491501808167, "0055_memory": 0.29051265120506287, "0056_memory": 0.406830370426178, "0057_memory": 0.36438092589378357, "0058_memory": 0.46041667461395264, "0059_memory": 0.4616076946258545, "0060_memory": 0.3651174306869507, "0061_memory": 0.3173314929008484, "0062_memory": 0.3480631113052368, "0063_memory": 0.3351859152317047, "0064_memory": 0.3497040271759033, "0065_memory": 0.462224543094635, "0066_memory": 0.41268742084503174, "0067_memory": 0.42288392782211304, "0068_memory": 0.4590919017791748, "0069_memory": 0.4330606460571289, "0070_memory": 0.3467003405094147, "0071_memory": 0.33435648679733276, "0072_memory": 0.5159440040588379, "0073_memory": 0.3781127333641052, "0074_memory": 0.32238173484802246, "0075_memory": 0.3811509609222412, "0076_memory": 0.3757901191711426, "0077_memory": 0.3978913128376007, "0078_memory": 0.26812389492988586, "0079_memory": 0.3930506408214569, "0080_memory": 0.39694729447364807, "0081_memory": 0.34976911544799805, "0082_memory": 0.47730278968811035, "0083_memory": 0.4071553945541382, "0084_memory": 0.41282525658607483, "0085_memory": 0.3638606667518616, "0086_memory": 0.4115017056465149, "0087_memory": 0.48815178871154785, "0088_memory": 0.36480066180229187, "0089_memory": 0.359960675239563, "0090_memory": 0.45582491159439087, "0091_memory": 0.40561583638191223, "0092_memory": 0.43443137407302856, "0093_memory": 0.38493263721466064, "0094_memory": 0.33653363585472107, "0095_memory": 0.3810523748397827, "0096_memory": 0.3569120764732361, "0097_memory": 0.36666008830070496, "0098_memory": 0.3765426278114319, "0099_memory": 0.33643120527267456, "0100_memory": 0.324813574552536, "0101_memory": 0.30694013833999634, "0102_memory": 0.38372868299484253, "0103_memory": 0.3562075197696686, "0104_memory": 0.42325878143310547, "0105_memory": 0.45550376176834106, "0106_memory": 0.3879547119140625, "0107_memory": 0.40285781025886536, "0108_memory": 0.37531983852386475, "0109_memory": 0.33980870246887207, "0110_memory": 0.36489444971084595, "0111_memory": 0.36290377378463745, "0112_memory": 0.3693702220916748, "0113_memory": 0.37298959493637085, "0114_memory": 0.26049989461898804, "0115_memory": 0.34655100107192993, "0116_memory": 0.3509176969528198, "0117_memory": 0.38807085156440735, "0118_memory": 0.33747896552085876, "0119_memory": 0.34569525718688965, "0120_memory": 0.33500370383262634, "0121_memory": 0.2753490209579468, "0122_memory": 0.39724791049957275, "0123_memory": 0.3793357014656067, "0124_memory": 0.38304147124290466, "0125_memory": 0.36069363355636597, "0126_memory": 0.29172632098197937, "0127_memory": 0.37168049812316895, "0128_memory": 0.3607975244522095, "0129_memory": 0.3748548626899719, "0130_memory": 0.3690177798271179, "0131_memory": 0.395751953125, "0132_memory": 0.37813615798950195, "0133_memory": 0.03162278234958649, "0134_memory": 0.3556331992149353, "0135_memory": 0.39093801379203796, "0136_memory": 0.4295653700828552, "0137_memory": 0.33433306217193604, "0138_memory": 0.49676015973091125, "0139_memory": 0.39262187480926514, "0140_memory": 0.2967591881752014, "0141_memory": 0.4561249017715454, "0142_memory": 0.4597941040992737, "0143_memory": 0.47236400842666626, "0144_memory": 0.45672208070755005, "0145_memory": 0.5097533464431763}