{"0001_memory": 0.5011888742446899, "0002_memory": 0.43303489685058594, "0003_memory": 0.3627164363861084, "0004_memory": 0.4866306185722351, "0005_memory": 0.3698234558105469, "0006_memory": 0.4655664563179016, "0007_memory": 0.45445525646209717, "0008_memory": 0.4922330975532532, "0009_memory": 0.41359490156173706, "0010_memory": 0.47145888209342957, "0011_memory": 0.4870337247848511, "0012_memory": 0.3795648217201233, "0013_memory": 0.46075528860092163, "0014_memory": 0.4700359106063843, "0015_memory": 0.3607320785522461, "0016_memory": 0.5043699741363525, "0017_memory": 0.36240631341934204, "0018_memory": 0.44693055748939514, "0019_memory": 0.4368543028831482, "0020_memory": 0.44273996353149414, "0021_memory": 0.45047855377197266, "0022_memory": 0.44701021909713745, "0023_memory": 0.43304142355918884, "0024_memory": 0.4298657774925232, "0025_memory": 0.4354972243309021, "0026_memory": 0.4594431519508362, "0027_memory": 0.28766900300979614, "0028_memory": 0.48061054944992065, "0029_memory": 0.40722399950027466, "0030_memory": 0.03162278234958649, "0031_memory": 0.36100253462791443, "0032_memory": 0.42384782433509827, "0033_memory": 0.4917980432510376, "0034_memory": 0.44161564111709595, "0035_memory": 0.35397958755493164, "0036_memory": 0.4878361225128174, "0037_memory": 0.386191725730896, "0038_memory": 0.4891127347946167, "0039_memory": 0.42657309770584106, "0040_memory": 0.3863416314125061, "0041_memory": 0.3904672861099243, "0042_memory": 0.3643319606781006, "0043_memory": 0.442643404006958, "0044_memory": 0.4353206753730774, "0045_memory": 0.4140511453151703, "0046_memory": 0.40885400772094727, "0047_memory": 0.4331580400466919, "0048_memory": 0.4540317952632904, "0049_memory": 0.4736504554748535, "0050_memory": 0.29209956526756287, "0051_memory": 0.45414063334465027, "0052_memory": 0.3786957859992981, "0053_memory": 0.4987404942512512, "0054_memory": 0.46645742654800415, "0055_memory": 0.44809281826019287, "0056_memory": 0.3657594323158264, "0057_memory": 0.44606924057006836, "0058_memory": 0.32349997758865356, "0059_memory": 0.34915924072265625, "0060_memory": 0.4738640785217285, "0061_memory": 0.43757006525993347, "0062_memory": 0.4362630248069763, "0063_memory": 0.44405829906463623, "0064_memory": 0.4507111608982086, "0065_memory": 0.4891940951347351, "0066_memory": 0.45963770151138306, "0067_memory": 0.46383583545684814, "0068_memory": 0.33923032879829407, "0069_memory": 0.3294227123260498, "0070_memory": 0.4385772943496704, "0071_memory": 0.4354310929775238, "0072_memory": 0.5156496167182922, "0073_memory": 0.46177583932876587, "0074_memory": 0.43489235639572144, "0075_memory": 0.45628678798675537, "0076_memory": 0.4085339605808258, "0077_memory": 0.37794339656829834, "0078_memory": 0.4456847906112671, "0079_memory": 0.4581630229949951, "0080_memory": 0.45855259895324707, "0081_memory": 0.40977710485458374, "0082_memory": 0.4899398386478424, "0083_memory": 0.4635731279850006, "0084_memory": 0.35264694690704346, "0085_memory": 0.46012285351753235, "0086_memory": 0.455189049243927, "0087_memory": 0.49879616498947144, "0088_memory": 0.40597957372665405, "0089_memory": 0.45672667026519775, "0090_memory": 0.48914217948913574, "0091_memory": 0.35351675748825073, "0092_memory": 0.47759875655174255, "0093_memory": 0.3801763951778412, "0094_memory": 0.4449233412742615, "0095_memory": 0.4057976007461548, "0096_memory": 0.4319516718387604, "0097_memory": 0.4211934208869934, "0098_memory": 0.42258065938949585, "0099_memory": 0.43761515617370605, "0100_memory": 0.44896450638771057, "0101_memory": 0.44371891021728516, "0102_memory": 0.455471932888031, "0103_memory": 0.4353330433368683, "0104_memory": 0.3505568504333496, "0105_memory": 0.4901304244995117, "0106_memory": 0.45740601420402527, "0107_memory": 0.36993086338043213, "0108_memory": 0.4611774682998657, "0109_memory": 0.43974989652633667, "0110_memory": 0.41217929124832153, "0111_memory": 0.45154672861099243, "0112_memory": 0.4643271267414093, "0113_memory": 0.44908004999160767, "0114_memory": 0.453021764755249, "0115_memory": 0.43858423829078674, "0116_memory": 0.458449125289917, "0117_memory": 0.4718785881996155, "0118_memory": 0.4556835889816284, "0119_memory": 0.43081986904144287, "0120_memory": 0.43601545691490173, "0121_memory": 0.45118391513824463, "0122_memory": 0.4566236138343811, "0123_memory": 0.4768795967102051, "0124_memory": 0.4566967487335205, "0125_memory": 0.4397084712982178, "0126_memory": 0.44494006037712097, "0127_memory": 0.39510396122932434, "0128_memory": 0.4358634054660797, "0129_memory": 0.41556039452552795, "0130_memory": 0.42569097876548767, "0131_memory": 0.4726574420928955, "0132_memory": 0.4455164074897766, "0133_memory": 0.4546346366405487, "0134_memory": 0.457010954618454, "0135_memory": 0.4603477120399475, "0136_memory": 0.47137606143951416, "0137_memory": 0.44758370518684387, "0138_memory": 0.5002349615097046, "0139_memory": 0.46623384952545166, "0140_memory": 0.458208292722702, "0141_memory": 0.4811001420021057, "0142_memory": 0.48955434560775757, "0143_memory": 0.49250176548957825, "0144_memory": 0.48695069551467896, "0145_memory": 0.5065590739250183}