{"0001_memory": 0.4442117214202881, "0002_memory": 0.40409448742866516, "0003_memory": 0.4593566656112671, "0004_memory": 0.3397168517112732, "0005_memory": 0.4148902893066406, "0006_memory": 0.3575526475906372, "0007_memory": 0.37490272521972656, "0008_memory": 0.39537331461906433, "0009_memory": 0.4072282314300537, "0010_memory": 0.35301560163497925, "0011_memory": 0.39700090885162354, "0012_memory": 0.42198073863983154, "0013_memory": 0.35620370507240295, "0014_memory": 0.31181800365448, "0015_memory": 0.4551462233066559, "0016_memory": 0.4420849084854126, "0017_memory": 0.4653043746948242, "0018_memory": 0.3836778998374939, "0019_memory": 0.38328295946121216, "0020_memory": 0.387759804725647, "0021_memory": 0.2998790740966797, "0022_memory": 0.36925840377807617, "0023_memory": 0.39505141973495483, "0024_memory": 0.3807039260864258, "0025_memory": 0.3997252285480499, "0026_memory": 0.289532870054245, "0027_memory": 0.4546288549900055, "0028_memory": 0.37028229236602783, "0029_memory": 0.4164440929889679, "0030_memory": 0.45855259895324707, "0031_memory": 0.42374518513679504, "0032_memory": 0.41631782054901123, "0033_memory": 0.38995951414108276, "0034_memory": 0.4097000062465668, "0035_memory": 0.4298769235610962, "0036_memory": 0.36853668093681335, "0037_memory": 0.4198400378227234, "0038_memory": 0.3823118805885315, "0039_memory": 0.407038152217865, "0040_memory": 0.4235254228115082, "0041_memory": 0.42518502473831177, "0042_memory": 0.41666561365127563, "0043_memory": 0.38028502464294434, "0044_memory": 0.3816239833831787, "0045_memory": 0.4117271602153778, "0046_memory": 0.40687739849090576, "0047_memory": 0.41511163115501404, "0048_memory": 0.382013738155365, "0049_memory": 0.3371845483779907, "0050_memory": 0.4571019411087036, "0051_memory": 0.3761182427406311, "0052_memory": 0.40597429871559143, "0053_memory": 0.4176349639892578, "0054_memory": 0.4070643484592438, "0055_memory": 0.3814159631729126, "0056_memory": 0.42060133814811707, "0057_memory": 0.37721675634384155, "0058_memory": 0.45411616563796997, "0059_memory": 0.4533050060272217, "0060_memory": 0.36548078060150146, "0061_memory": 0.40078458189964294, "0062_memory": 0.4095526933670044, "0063_memory": 0.40575823187828064, "0064_memory": 0.3685417175292969, "0065_memory": 0.39126530289649963, "0066_memory": 0.2615242302417755, "0067_memory": 0.2812623977661133, "0068_memory": 0.4597156047821045, "0069_memory": 0.44763994216918945, "0070_memory": 0.416278213262558, "0071_memory": 0.4025428891181946, "0072_memory": 0.4608927369117737, "0073_memory": 0.3451438546180725, "0074_memory": 0.4018617272377014, "0075_memory": 0.31051206588745117, "0076_memory": 0.4223507344722748, "0077_memory": 0.4337640404701233, "0078_memory": 0.4024197459220886, "0079_memory": 0.2709316611289978, "0080_memory": 0.03162278234958649, "0081_memory": 0.4165000915527344, "0082_memory": 0.41976499557495117, "0083_memory": 0.24546165764331818, "0084_memory": 0.4326445162296295, "0085_memory": 0.37294161319732666, "0086_memory": 0.2408924698829651, "0087_memory": 0.4315427541732788, "0088_memory": 0.41408345103263855, "0089_memory": 0.3797929883003235, "0090_memory": 0.3980954587459564, "0091_memory": 0.4349098801612854, "0092_memory": 0.33191561698913574, "0093_memory": 0.41621696949005127, "0094_memory": 0.3984556794166565, "0095_memory": 0.4292548596858978, "0096_memory": 0.40517860651016235, "0097_memory": 0.41374826431274414, "0098_memory": 0.4094298481941223, "0099_memory": 0.4049750864505768, "0100_memory": 0.38945698738098145, "0101_memory": 0.40284526348114014, "0102_memory": 0.28378403186798096, "0103_memory": 0.41399189829826355, "0104_memory": 0.4358421564102173, "0105_memory": 0.36915701627731323, "0106_memory": 0.25354695320129395, "0107_memory": 0.409220814704895, "0108_memory": 0.38469815254211426, "0109_memory": 0.4002685546875, "0110_memory": 0.4077363610267639, "0111_memory": 0.37830522656440735, "0112_memory": 0.3203338384628296, "0113_memory": 0.3829704523086548, "0114_memory": 0.3899363875389099, "0115_memory": 0.3869015574455261, "0116_memory": 0.3862021863460541, "0117_memory": 0.34349602460861206, "0118_memory": 0.36094242334365845, "0119_memory": 0.4164370000362396, "0120_memory": 0.3969944715499878, "0121_memory": 0.3793560862541199, "0122_memory": 0.2120257169008255, "0123_memory": 0.3596411347389221, "0124_memory": 0.3879561126232147, "0125_memory": 0.4090976119041443, "0126_memory": 0.40363723039627075, "0127_memory": 0.41973328590393066, "0128_memory": 0.40637630224227905, "0129_memory": 0.4105489253997803, "0130_memory": 0.40621107816696167, "0131_memory": 0.337812215089798, "0132_memory": 0.3791142702102661, "0133_memory": 0.39694729447364807, "0134_memory": 0.37571007013320923, "0135_memory": 0.2695125937461853, "0136_memory": 0.316220760345459, "0137_memory": 0.38562268018722534, "0138_memory": 0.43693411350250244, "0139_memory": 0.30960512161254883, "0140_memory": 0.38351380825042725, "0141_memory": 0.37434372305870056, "0142_memory": 0.38553711771965027, "0143_memory": 0.4035576283931732, "0144_memory": 0.3877298831939697, "0145_memory": 0.44750112295150757}