{"0001_memory": 0.478059321641922, "0002_memory": 0.27974510192871094, "0003_memory": 0.4311576187610626, "0004_memory": 0.43307721614837646, "0005_memory": 0.3622424006462097, "0006_memory": 0.3898969292640686, "0007_memory": 0.3720543384552002, "0008_memory": 0.4625794291496277, "0009_memory": 0.2920835018157959, "0010_memory": 0.3870929479598999, "0011_memory": 0.4654839336872101, "0012_memory": 0.3639025390148163, "0013_memory": 0.379533052444458, "0014_memory": 0.4178401231765747, "0015_memory": 0.4259616434574127, "0016_memory": 0.4852215647697449, "0017_memory": 0.4329254627227783, "0018_memory": 0.35342931747436523, "0019_memory": 0.3317136764526367, "0020_memory": 0.3407856822013855, "0021_memory": 0.3863137364387512, "0022_memory": 0.3593182861804962, "0023_memory": 0.25177955627441406, "0024_memory": 0.03162278234958649, "0025_memory": 0.21381254494190216, "0026_memory": 0.40359407663345337, "0027_memory": 0.42171356081962585, "0028_memory": 0.4016152620315552, "0029_memory": 0.31497329473495483, "0030_memory": 0.4298657774925232, "0031_memory": 0.3635481894016266, "0032_memory": 0.3127301335334778, "0033_memory": 0.451089084148407, "0034_memory": 0.328696608543396, "0035_memory": 0.3748247027397156, "0036_memory": 0.43494248390197754, "0037_memory": 0.3291608691215515, "0038_memory": 0.44493189454078674, "0039_memory": 0.29073667526245117, "0040_memory": 0.3356022238731384, "0041_memory": 0.34284770488739014, "0042_memory": 0.3595116436481476, "0043_memory": 0.33591997623443604, "0044_memory": 0.32427144050598145, "0045_memory": 0.3123738169670105, "0046_memory": 0.32507234811782837, "0047_memory": 0.29647788405418396, "0048_memory": 0.37513023614883423, "0049_memory": 0.37204617261886597, "0050_memory": 0.4251594543457031, "0051_memory": 0.3632299304008484, "0052_memory": 0.3341696858406067, "0053_memory": 0.4663606286048889, "0054_memory": 0.3635522127151489, "0055_memory": 0.326172411441803, "0056_memory": 0.36738523840904236, "0057_memory": 0.35650280117988586, "0058_memory": 0.42177075147628784, "0059_memory": 0.42262977361679077, "0060_memory": 0.3920322060585022, "0061_memory": 0.33426886796951294, "0062_memory": 0.32043343782424927, "0063_memory": 0.32222780585289, "0064_memory": 0.35981500148773193, "0065_memory": 0.45046958327293396, "0066_memory": 0.39903467893600464, "0067_memory": 0.40488505363464355, "0068_memory": 0.4316251873970032, "0069_memory": 0.40550345182418823, "0070_memory": 0.31105953454971313, "0071_memory": 0.3290937840938568, "0072_memory": 0.4993830919265747, "0073_memory": 0.3677322268486023, "0074_memory": 0.2757328152656555, "0075_memory": 0.3800010085105896, "0076_memory": 0.3349633812904358, "0077_memory": 0.3740710914134979, "0078_memory": 0.34037286043167114, "0079_memory": 0.3997315764427185, "0080_memory": 0.3807039260864258, "0081_memory": 0.33846694231033325, "0082_memory": 0.46538078784942627, "0083_memory": 0.41251689195632935, "0084_memory": 0.3822603225708008, "0085_memory": 0.38336706161499023, "0086_memory": 0.3964235782623291, "0087_memory": 0.4690033793449402, "0088_memory": 0.31637346744537354, "0089_memory": 0.3728629946708679, "0090_memory": 0.46015000343322754, "0091_memory": 0.37574154138565063, "0092_memory": 0.43616628646850586, "0093_memory": 0.3563622236251831, "0094_memory": 0.32547810673713684, "0095_memory": 0.34181076288223267, "0096_memory": 0.24407035112380981, "0097_memory": 0.31991511583328247, "0098_memory": 0.3107532262802124, "0099_memory": 0.33373796939849854, "0100_memory": 0.33193594217300415, "0101_memory": 0.33857983350753784, "0102_memory": 0.3908490538597107, "0103_memory": 0.3144565224647522, "0104_memory": 0.38805288076400757, "0105_memory": 0.4415605664253235, "0106_memory": 0.4059605598449707, "0107_memory": 0.35624611377716064, "0108_memory": 0.3842254877090454, "0109_memory": 0.3100874423980713, "0110_memory": 0.3249984383583069, "0111_memory": 0.36033302545547485, "0112_memory": 0.3658984303474426, "0113_memory": 0.35962146520614624, "0114_memory": 0.3442820906639099, "0115_memory": 0.3480435013771057, "0116_memory": 0.37164151668548584, "0117_memory": 0.38449209928512573, "0118_memory": 0.3587944805622101, "0119_memory": 0.3215274512767792, "0120_memory": 0.32056498527526855, "0121_memory": 0.33481311798095703, "0122_memory": 0.39824146032333374, "0123_memory": 0.39225253462791443, "0124_memory": 0.3705136477947235, "0125_memory": 0.20694640278816223, "0126_memory": 0.34108299016952515, "0127_memory": 0.33755093812942505, "0128_memory": 0.2633257508277893, "0129_memory": 0.31456416845321655, "0130_memory": 0.3187948763370514, "0131_memory": 0.38746753334999084, "0132_memory": 0.36330264806747437, "0133_memory": 0.35042715072631836, "0134_memory": 0.36370375752449036, "0135_memory": 0.40634602308273315, "0136_memory": 0.4231647849082947, "0137_memory": 0.3355085253715515, "0138_memory": 0.48239558935165405, "0139_memory": 0.3778799772262573, "0140_memory": 0.34136754274368286, "0141_memory": 0.4371146559715271, "0142_memory": 0.4625871181488037, "0143_memory": 0.46054941415786743, "0144_memory": 0.4595366418361664, "0145_memory": 0.4886641204357147}