{"0001_memory": 0.4882991313934326, "0002_memory": 0.3383678197860718, "0003_memory": 0.4580378532409668, "0004_memory": 0.43766504526138306, "0005_memory": 0.40104928612709045, "0006_memory": 0.37231069803237915, "0007_memory": 0.3522361218929291, "0008_memory": 0.46612903475761414, "0009_memory": 0.3541164994239807, "0010_memory": 0.3780161142349243, "0011_memory": 0.46101558208465576, "0012_memory": 0.3867030739784241, "0013_memory": 0.36105209589004517, "0014_memory": 0.4162784814834595, "0015_memory": 0.4445432722568512, "0016_memory": 0.4924381375312805, "0017_memory": 0.4541604220867157, "0018_memory": 0.34482839703559875, "0019_memory": 0.3299626111984253, "0020_memory": 0.33728066086769104, "0021_memory": 0.37603455781936646, "0022_memory": 0.35810497403144836, "0023_memory": 0.3381199240684509, "0024_memory": 0.34037286043167114, "0025_memory": 0.3459364175796509, "0026_memory": 0.41229212284088135, "0027_memory": 0.4390597939491272, "0028_memory": 0.385796457529068, "0029_memory": 0.36016809940338135, "0030_memory": 0.4456847906112671, "0031_memory": 0.38566845655441284, "0032_memory": 0.33549463748931885, "0033_memory": 0.45028042793273926, "0034_memory": 0.3336639404296875, "0035_memory": 0.3958483934402466, "0036_memory": 0.44544556736946106, "0037_memory": 0.3654022216796875, "0038_memory": 0.4458656311035156, "0039_memory": 0.34457099437713623, "0040_memory": 0.36940672993659973, "0041_memory": 0.3802856206893921, "0042_memory": 0.3916369676589966, "0043_memory": 0.3251933455467224, "0044_memory": 0.3253261148929596, "0045_memory": 0.3403852581977844, "0046_memory": 0.3579612374305725, "0047_memory": 0.35333845019340515, "0048_memory": 0.35384267568588257, "0049_memory": 0.37681347131729126, "0050_memory": 0.4493526816368103, "0051_memory": 0.35197585821151733, "0052_memory": 0.38337066769599915, "0053_memory": 0.47391581535339355, "0054_memory": 0.29601597785949707, "0055_memory": 0.3147885799407959, "0056_memory": 0.3999127745628357, "0057_memory": 0.3586215376853943, "0058_memory": 0.45300203561782837, "0059_memory": 0.45077770948410034, "0060_memory": 0.36353421211242676, "0061_memory": 0.2859300971031189, "0062_memory": 0.33060410618782043, "0063_memory": 0.3390510082244873, "0064_memory": 0.34256547689437866, "0065_memory": 0.43651968240737915, "0066_memory": 0.39306801557540894, "0067_memory": 0.41329118609428406, "0068_memory": 0.4559354782104492, "0069_memory": 0.4286889433860779, "0070_memory": 0.34802818298339844, "0071_memory": 0.3135913610458374, "0072_memory": 0.507903516292572, "0073_memory": 0.3710620701313019, "0074_memory": 0.3465495705604553, "0075_memory": 0.3741871118545532, "0076_memory": 0.3545224666595459, "0077_memory": 0.3877156376838684, "0078_memory": 0.03162278234958649, "0079_memory": 0.38228318095207214, "0080_memory": 0.4024197459220886, "0081_memory": 0.3663697838783264, "0082_memory": 0.47403770685195923, "0083_memory": 0.4030721187591553, "0084_memory": 0.4064452648162842, "0085_memory": 0.3580792546272278, "0086_memory": 0.39941152930259705, "0087_memory": 0.4826316237449646, "0088_memory": 0.34808146953582764, "0089_memory": 0.3684372007846832, "0090_memory": 0.4577915072441101, "0091_memory": 0.40330833196640015, "0092_memory": 0.43145954608917236, "0093_memory": 0.38647687435150146, "0094_memory": 0.3240034580230713, "0095_memory": 0.37636610865592957, "0096_memory": 0.34944888949394226, "0097_memory": 0.34189099073410034, "0098_memory": 0.337158739566803, "0099_memory": 0.3075896203517914, "0100_memory": 0.32358232140541077, "0101_memory": 0.2632468342781067, "0102_memory": 0.383527934551239, "0103_memory": 0.33822357654571533, "0104_memory": 0.41066277027130127, "0105_memory": 0.4493478536605835, "0106_memory": 0.39919331669807434, "0107_memory": 0.3943820595741272, "0108_memory": 0.3642542362213135, "0109_memory": 0.33624130487442017, "0110_memory": 0.3692898154258728, "0111_memory": 0.3634223937988281, "0112_memory": 0.3765597939491272, "0113_memory": 0.35244661569595337, "0114_memory": 0.30075281858444214, "0115_memory": 0.3353579044342041, "0116_memory": 0.3634859323501587, "0117_memory": 0.385303795337677, "0118_memory": 0.3651469051837921, "0119_memory": 0.3530104458332062, "0120_memory": 0.33328843116760254, "0121_memory": 0.29456329345703125, "0122_memory": 0.4027084708213806, "0123_memory": 0.3809937834739685, "0124_memory": 0.3739270567893982, "0125_memory": 0.3511087894439697, "0126_memory": 0.2229716181755066, "0127_memory": 0.3670922517776489, "0128_memory": 0.349741667509079, "0129_memory": 0.37029945850372314, "0130_memory": 0.3729129433631897, "0131_memory": 0.3911559283733368, "0132_memory": 0.36423343420028687, "0133_memory": 0.26812389492988586, "0134_memory": 0.3623097240924835, "0135_memory": 0.3922448754310608, "0136_memory": 0.4250580072402954, "0137_memory": 0.3296723961830139, "0138_memory": 0.4895056486129761, "0139_memory": 0.38288480043411255, "0140_memory": 0.3251436948776245, "0141_memory": 0.44392991065979004, "0142_memory": 0.45698797702789307, "0143_memory": 0.46571412682533264, "0144_memory": 0.4576718509197235, "0145_memory": 0.49942851066589355}