{"0001_memory": 0.48476749658584595, "0002_memory": 0.29810839891433716, "0003_memory": 0.4527106285095215, "0004_memory": 0.4394984841346741, "0005_memory": 0.38930296897888184, "0006_memory": 0.37697452306747437, "0007_memory": 0.3545195460319519, "0008_memory": 0.46469220519065857, "0009_memory": 0.3297213613986969, "0010_memory": 0.37062323093414307, "0011_memory": 0.46200621128082275, "0012_memory": 0.38207268714904785, "0013_memory": 0.3697720468044281, "0014_memory": 0.42361465096473694, "0015_memory": 0.44440287351608276, "0016_memory": 0.4940325915813446, "0017_memory": 0.4530179500579834, "0018_memory": 0.3540555238723755, "0019_memory": 0.33369481563568115, "0020_memory": 0.3455619812011719, "0021_memory": 0.3841042220592499, "0022_memory": 0.33219796419143677, "0023_memory": 0.33288097381591797, "0024_memory": 0.3290937840938568, "0025_memory": 0.33337539434432983, "0026_memory": 0.4094730317592621, "0027_memory": 0.42875105142593384, "0028_memory": 0.38969558477401733, "0029_memory": 0.33119213581085205, "0030_memory": 0.4354310929775238, "0031_memory": 0.37418121099472046, "0032_memory": 0.3305346667766571, "0033_memory": 0.4537681043148041, "0034_memory": 0.2349587231874466, "0035_memory": 0.39526259899139404, "0036_memory": 0.4394623637199402, "0037_memory": 0.35526198148727417, "0038_memory": 0.44356513023376465, "0039_memory": 0.32585328817367554, "0040_memory": 0.36073094606399536, "0041_memory": 0.36320674419403076, "0042_memory": 0.3739515244960785, "0043_memory": 0.3435458838939667, "0044_memory": 0.32859140634536743, "0045_memory": 0.34156379103660583, "0046_memory": 0.36030930280685425, "0047_memory": 0.32657861709594727, "0048_memory": 0.35076969861984253, "0049_memory": 0.37645334005355835, "0050_memory": 0.43144118785858154, "0051_memory": 0.35511910915374756, "0052_memory": 0.36455589532852173, "0053_memory": 0.4729886054992676, "0054_memory": 0.3474271893501282, "0055_memory": 0.3185959458351135, "0056_memory": 0.3967045545578003, "0057_memory": 0.332295298576355, "0058_memory": 0.437799334526062, "0059_memory": 0.4399466812610626, "0060_memory": 0.3823931813240051, "0061_memory": 0.26753348112106323, "0062_memory": 0.32487624883651733, "0063_memory": 0.3134952485561371, "0064_memory": 0.3511130213737488, "0065_memory": 0.4498947858810425, "0066_memory": 0.40252870321273804, "0067_memory": 0.4158313572406769, "0068_memory": 0.4530659317970276, "0069_memory": 0.4194922149181366, "0070_memory": 0.35615694522857666, "0071_memory": 0.03162278234958649, "0072_memory": 0.5065947771072388, "0073_memory": 0.3692573606967926, "0074_memory": 0.34107476472854614, "0075_memory": 0.3775988817214966, "0076_memory": 0.3658612370491028, "0077_memory": 0.3821074366569519, "0078_memory": 0.3135913610458374, "0079_memory": 0.3920094966888428, "0080_memory": 0.4025428891181946, "0081_memory": 0.3694143295288086, "0082_memory": 0.4704211950302124, "0083_memory": 0.4049041271209717, "0084_memory": 0.39595019817352295, "0085_memory": 0.36282822489738464, "0086_memory": 0.3921926021575928, "0087_memory": 0.47959500551223755, "0088_memory": 0.3190354108810425, "0089_memory": 0.3692874610424042, "0090_memory": 0.46291476488113403, "0091_memory": 0.40490490198135376, "0092_memory": 0.4316449761390686, "0093_memory": 0.3722025752067566, "0094_memory": 0.2904013991355896, "0095_memory": 0.3655313551425934, "0096_memory": 0.319083571434021, "0097_memory": 0.34074240922927856, "0098_memory": 0.33607378602027893, "0099_memory": 0.20953695476055145, "0100_memory": 0.32353919744491577, "0101_memory": 0.2891753613948822, "0102_memory": 0.38909298181533813, "0103_memory": 0.3157307803630829, "0104_memory": 0.40078315138816833, "0105_memory": 0.43194490671157837, "0106_memory": 0.4063701033592224, "0107_memory": 0.3803786039352417, "0108_memory": 0.3636847138404846, "0109_memory": 0.32437199354171753, "0110_memory": 0.35418781638145447, "0111_memory": 0.3487858474254608, "0112_memory": 0.37208497524261475, "0113_memory": 0.3516896367073059, "0114_memory": 0.3301740288734436, "0115_memory": 0.3499849736690521, "0116_memory": 0.36465734243392944, "0117_memory": 0.3810572922229767, "0118_memory": 0.3605765104293823, "0119_memory": 0.35570448637008667, "0120_memory": 0.2628163695335388, "0121_memory": 0.3271315097808838, "0122_memory": 0.3958735764026642, "0123_memory": 0.38187822699546814, "0124_memory": 0.35921546816825867, "0125_memory": 0.3317331373691559, "0126_memory": 0.29217207431793213, "0127_memory": 0.354442298412323, "0128_memory": 0.3192169666290283, "0129_memory": 0.3371511399745941, "0130_memory": 0.3509499430656433, "0131_memory": 0.3850550949573517, "0132_memory": 0.3485034108161926, "0133_memory": 0.33435648679733276, "0134_memory": 0.35328495502471924, "0135_memory": 0.4020918011665344, "0136_memory": 0.4155150055885315, "0137_memory": 0.33731383085250854, "0138_memory": 0.4824596047401428, "0139_memory": 0.388750284910202, "0140_memory": 0.33971381187438965, "0141_memory": 0.43940964341163635, "0142_memory": 0.4662086069583893, "0143_memory": 0.4666628837585449, "0144_memory": 0.46246302127838135, "0145_memory": 0.49842894077301025}