{"0001_memory": 0.48580947518348694, "0002_memory": 0.3195532560348511, "0003_memory": 0.43817734718322754, "0004_memory": 0.4446895718574524, "0005_memory": 0.37447816133499146, "0006_memory": 0.3952564597129822, "0007_memory": 0.37257811427116394, "0008_memory": 0.4730325937271118, "0009_memory": 0.28113263845443726, "0010_memory": 0.4060055911540985, "0011_memory": 0.4663102626800537, "0012_memory": 0.34160858392715454, "0013_memory": 0.3718184530735016, "0014_memory": 0.4235445559024811, "0015_memory": 0.4214857220649719, "0016_memory": 0.494062602519989, "0017_memory": 0.43653905391693115, "0018_memory": 0.36432206630706787, "0019_memory": 0.33939117193222046, "0020_memory": 0.3569762706756592, "0021_memory": 0.3865545392036438, "0022_memory": 0.3800737261772156, "0023_memory": 0.3084269165992737, "0024_memory": 0.3123738169670105, "0025_memory": 0.31363290548324585, "0026_memory": 0.4223299026489258, "0027_memory": 0.409060001373291, "0028_memory": 0.41087567806243896, "0029_memory": 0.2896435260772705, "0030_memory": 0.4140511453151703, "0031_memory": 0.3303932547569275, "0032_memory": 0.20797359943389893, "0033_memory": 0.45489442348480225, "0034_memory": 0.3535563051700592, "0035_memory": 0.3718360662460327, "0036_memory": 0.45045900344848633, "0037_memory": 0.330424964427948, "0038_memory": 0.4523495137691498, "0039_memory": 0.315347820520401, "0040_memory": 0.30677682161331177, "0041_memory": 0.3443460464477539, "0042_memory": 0.34880518913269043, "0043_memory": 0.3503568172454834, "0044_memory": 0.33773428201675415, "0045_memory": 0.03162278234958649, "0046_memory": 0.3263722062110901, "0047_memory": 0.31477808952331543, "0048_memory": 0.3873092532157898, "0049_memory": 0.40567266941070557, "0050_memory": 0.4172823429107666, "0051_memory": 0.37064290046691895, "0052_memory": 0.33827292919158936, "0053_memory": 0.4804326295852661, "0054_memory": 0.36559414863586426, "0055_memory": 0.35522371530532837, "0056_memory": 0.383328914642334, "0057_memory": 0.3771229386329651, "0058_memory": 0.42511945962905884, "0059_memory": 0.4276059567928314, "0060_memory": 0.39398616552352905, "0061_memory": 0.33014875650405884, "0062_memory": 0.3326323628425598, "0063_memory": 0.3444812297821045, "0064_memory": 0.3741132318973541, "0065_memory": 0.45664942264556885, "0066_memory": 0.41191524267196655, "0067_memory": 0.4195743799209595, "0068_memory": 0.44032302498817444, "0069_memory": 0.40711820125579834, "0070_memory": 0.29548245668411255, "0071_memory": 0.34156379103660583, "0072_memory": 0.5035781264305115, "0073_memory": 0.3926558196544647, "0074_memory": 0.3037254512310028, "0075_memory": 0.3760438561439514, "0076_memory": 0.3147013783454895, "0077_memory": 0.3501652479171753, "0078_memory": 0.3403852581977844, "0079_memory": 0.3967452049255371, "0080_memory": 0.4117271602153778, "0081_memory": 0.3255836069583893, "0082_memory": 0.47724366188049316, "0083_memory": 0.4244946241378784, "0084_memory": 0.37651652097702026, "0085_memory": 0.38358229398727417, "0086_memory": 0.4107600450515747, "0087_memory": 0.4838060140609741, "0088_memory": 0.2625293731689453, "0089_memory": 0.3773135542869568, "0090_memory": 0.46027863025665283, "0091_memory": 0.38083332777023315, "0092_memory": 0.44049498438835144, "0093_memory": 0.34965968132019043, "0094_memory": 0.34943687915802, "0095_memory": 0.3324908912181854, "0096_memory": 0.319396048784256, "0097_memory": 0.23594316840171814, "0098_memory": 0.3097429871559143, "0099_memory": 0.3434315323829651, "0100_memory": 0.3599584400653839, "0101_memory": 0.33799296617507935, "0102_memory": 0.3933635950088501, "0103_memory": 0.3242879807949066, "0104_memory": 0.38315320014953613, "0105_memory": 0.4542198181152344, "0106_memory": 0.41536521911621094, "0107_memory": 0.3627726435661316, "0108_memory": 0.3851306438446045, "0109_memory": 0.33508455753326416, "0110_memory": 0.3235092759132385, "0111_memory": 0.37622201442718506, "0112_memory": 0.3995755910873413, "0113_memory": 0.3764991760253906, "0114_memory": 0.36079561710357666, "0115_memory": 0.34495195746421814, "0116_memory": 0.3825600743293762, "0117_memory": 0.40653884410858154, "0118_memory": 0.3812284767627716, "0119_memory": 0.2821216285228729, "0120_memory": 0.34355705976486206, "0121_memory": 0.3573954105377197, "0122_memory": 0.41110265254974365, "0123_memory": 0.40453091263771057, "0124_memory": 0.3782258927822113, "0125_memory": 0.32748156785964966, "0126_memory": 0.3355196714401245, "0127_memory": 0.3225856423377991, "0128_memory": 0.3235659599304199, "0129_memory": 0.31981161236763, "0130_memory": 0.32768258452415466, "0131_memory": 0.41009998321533203, "0132_memory": 0.38388705253601074, "0133_memory": 0.3560402989387512, "0134_memory": 0.3771168291568756, "0135_memory": 0.40169429779052734, "0136_memory": 0.4318922758102417, "0137_memory": 0.36177119612693787, "0138_memory": 0.4903407096862793, "0139_memory": 0.40326058864593506, "0140_memory": 0.35259944200515747, "0141_memory": 0.45198869705200195, "0142_memory": 0.4670966565608978, "0143_memory": 0.474916011095047, "0144_memory": 0.4629000425338745, "0145_memory": 0.4988148808479309}