{"0001_memory": 0.47777360677719116, "0002_memory": 0.3297106623649597, "0003_memory": 0.4539549946784973, "0004_memory": 0.4356153905391693, "0005_memory": 0.39683079719543457, "0006_memory": 0.36614328622817993, "0007_memory": 0.3362540006637573, "0008_memory": 0.45855802297592163, "0009_memory": 0.35149791836738586, "0010_memory": 0.3705350458621979, "0011_memory": 0.45882612466812134, "0012_memory": 0.386970579624176, "0013_memory": 0.3601393699645996, "0014_memory": 0.40988218784332275, "0015_memory": 0.4427119493484497, "0016_memory": 0.48595255613327026, "0017_memory": 0.4487784504890442, "0018_memory": 0.2894918918609619, "0019_memory": 0.03162278234958649, "0020_memory": 0.22687920928001404, "0021_memory": 0.3521265983581543, "0022_memory": 0.3221125602722168, "0023_memory": 0.33505767583847046, "0024_memory": 0.3317136764526367, "0025_memory": 0.3391767144203186, "0026_memory": 0.3868878483772278, "0027_memory": 0.438574880361557, "0028_memory": 0.3693011999130249, "0029_memory": 0.35534924268722534, "0030_memory": 0.4368543028831482, "0031_memory": 0.3774416148662567, "0032_memory": 0.3542308807373047, "0033_memory": 0.4465850591659546, "0034_memory": 0.343502938747406, "0035_memory": 0.3937668800354004, "0036_memory": 0.43962496519088745, "0037_memory": 0.3618844151496887, "0038_memory": 0.441230446100235, "0039_memory": 0.3337145745754242, "0040_memory": 0.3586949408054352, "0041_memory": 0.37282460927963257, "0042_memory": 0.3750266134738922, "0043_memory": 0.25129234790802, "0044_memory": 0.22440606355667114, "0045_memory": 0.33939117193222046, "0046_memory": 0.37188905477523804, "0047_memory": 0.33918115496635437, "0048_memory": 0.334513396024704, "0049_memory": 0.374500572681427, "0050_memory": 0.43434223532676697, "0051_memory": 0.3137882947921753, "0052_memory": 0.3772132694721222, "0053_memory": 0.4674779176712036, "0054_memory": 0.3390035629272461, "0055_memory": 0.2917119860649109, "0056_memory": 0.4059133529663086, "0057_memory": 0.3246625065803528, "0058_memory": 0.4375454783439636, "0059_memory": 0.43567806482315063, "0060_memory": 0.3742695450782776, "0061_memory": 0.32288694381713867, "0062_memory": 0.34925955533981323, "0063_memory": 0.35262298583984375, "0064_memory": 0.31830739974975586, "0065_memory": 0.44672733545303345, "0066_memory": 0.3801642060279846, "0067_memory": 0.3936786353588104, "0068_memory": 0.4516814351081848, "0069_memory": 0.4287731647491455, "0070_memory": 0.3659660220146179, "0071_memory": 0.33369481563568115, "0072_memory": 0.4981159269809723, "0073_memory": 0.3630875051021576, "0074_memory": 0.34893596172332764, "0075_memory": 0.3479465842247009, "0076_memory": 0.3655197322368622, "0077_memory": 0.39590781927108765, "0078_memory": 0.3299626111984253, "0079_memory": 0.3714039921760559, "0080_memory": 0.38328295946121216, "0081_memory": 0.36763936281204224, "0082_memory": 0.4628610610961914, "0083_memory": 0.39316800236701965, "0084_memory": 0.39977186918258667, "0085_memory": 0.35406792163848877, "0086_memory": 0.37602001428604126, "0087_memory": 0.4717196822166443, "0088_memory": 0.3446773290634155, "0089_memory": 0.32868319749832153, "0090_memory": 0.45425665378570557, "0091_memory": 0.39834511280059814, "0092_memory": 0.42358630895614624, "0093_memory": 0.3838115930557251, "0094_memory": 0.35096901655197144, "0095_memory": 0.36721378564834595, "0096_memory": 0.3187069296836853, "0097_memory": 0.3561840057373047, "0098_memory": 0.35719919204711914, "0099_memory": 0.3394109308719635, "0100_memory": 0.2835127115249634, "0101_memory": 0.3143593370914459, "0102_memory": 0.3622830808162689, "0103_memory": 0.3402230739593506, "0104_memory": 0.4098856449127197, "0105_memory": 0.4390239715576172, "0106_memory": 0.3883429765701294, "0107_memory": 0.3907875418663025, "0108_memory": 0.3475635051727295, "0109_memory": 0.3554796278476715, "0110_memory": 0.36885589361190796, "0111_memory": 0.32181650400161743, "0112_memory": 0.3619208037853241, "0113_memory": 0.3268158733844757, "0114_memory": 0.3241647481918335, "0115_memory": 0.27128416299819946, "0116_memory": 0.31514301896095276, "0117_memory": 0.35238638520240784, "0118_memory": 0.321713387966156, "0119_memory": 0.3682963252067566, "0120_memory": 0.3422784209251404, "0121_memory": 0.3116357922554016, "0122_memory": 0.3820263147354126, "0123_memory": 0.3721504211425781, "0124_memory": 0.3372732102870941, "0125_memory": 0.342287540435791, "0126_memory": 0.3277907371520996, "0127_memory": 0.3657441735267639, "0128_memory": 0.33091509342193604, "0129_memory": 0.3635018765926361, "0130_memory": 0.37027740478515625, "0131_memory": 0.3666951656341553, "0132_memory": 0.32149824500083923, "0133_memory": 0.33635520935058594, "0134_memory": 0.3039098381996155, "0135_memory": 0.38551729917526245, "0136_memory": 0.40384942293167114, "0137_memory": 0.2674869894981384, "0138_memory": 0.47803550958633423, "0139_memory": 0.3626543879508972, "0140_memory": 0.30631595849990845, "0141_memory": 0.43795838952064514, "0142_memory": 0.4598446786403656, "0143_memory": 0.46002131700515747, "0144_memory": 0.45580923557281494, "0145_memory": 0.4920649826526642}