{"0001_memory": 0.48434656858444214, "0002_memory": 0.3181672692298889, "0003_memory": 0.43438953161239624, "0004_memory": 0.4437448978424072, "0005_memory": 0.3497331142425537, "0006_memory": 0.41209882497787476, "0007_memory": 0.3870404064655304, "0008_memory": 0.47114455699920654, "0009_memory": 0.2639222741127014, "0010_memory": 0.41170990467071533, "0011_memory": 0.4755711257457733, "0012_memory": 0.3606030344963074, "0013_memory": 0.40419599413871765, "0014_memory": 0.430245578289032, "0015_memory": 0.4349299669265747, "0016_memory": 0.49305522441864014, "0017_memory": 0.4449794888496399, "0018_memory": 0.3782491087913513, "0019_memory": 0.35719919204711914, "0020_memory": 0.3686196804046631, "0021_memory": 0.400296151638031, "0022_memory": 0.38018959760665894, "0023_memory": 0.3003854751586914, "0024_memory": 0.3107532262802124, "0025_memory": 0.318575918674469, "0026_memory": 0.4184233546257019, "0027_memory": 0.42045915126800537, "0028_memory": 0.42512187361717224, "0029_memory": 0.2299499213695526, "0030_memory": 0.42258065938949585, "0031_memory": 0.3551816940307617, "0032_memory": 0.3177812695503235, "0033_memory": 0.46486610174179077, "0034_memory": 0.34390363097190857, "0035_memory": 0.37478700280189514, "0036_memory": 0.44420289993286133, "0037_memory": 0.31744128465652466, "0038_memory": 0.4506310820579529, "0039_memory": 0.33978530764579773, "0040_memory": 0.3339725434780121, "0041_memory": 0.3353394865989685, "0042_memory": 0.34204989671707153, "0043_memory": 0.36550837755203247, "0044_memory": 0.3565168082714081, "0045_memory": 0.3097429871559143, "0046_memory": 0.30841031670570374, "0047_memory": 0.33562323451042175, "0048_memory": 0.3756570816040039, "0049_memory": 0.40782856941223145, "0050_memory": 0.41380059719085693, "0051_memory": 0.38403189182281494, "0052_memory": 0.33844608068466187, "0053_memory": 0.4727974534034729, "0054_memory": 0.38796722888946533, "0055_memory": 0.35615360736846924, "0056_memory": 0.3679315447807312, "0057_memory": 0.3787885904312134, "0058_memory": 0.4154953956604004, "0059_memory": 0.4192504584789276, "0060_memory": 0.41115036606788635, "0061_memory": 0.3433965742588043, "0062_memory": 0.3418479263782501, "0063_memory": 0.34577476978302, "0064_memory": 0.3744426369667053, "0065_memory": 0.46091389656066895, "0066_memory": 0.3946385979652405, "0067_memory": 0.4206792414188385, "0068_memory": 0.43886953592300415, "0069_memory": 0.3963196277618408, "0070_memory": 0.3337945342063904, "0071_memory": 0.33607378602027893, "0072_memory": 0.509605884552002, "0073_memory": 0.3962101340293884, "0074_memory": 0.3279000520706177, "0075_memory": 0.3947466015815735, "0076_memory": 0.32342684268951416, "0077_memory": 0.36385485529899597, "0078_memory": 0.337158739566803, "0079_memory": 0.41244620084762573, "0080_memory": 0.4094298481941223, "0081_memory": 0.33519458770751953, "0082_memory": 0.47215086221694946, "0083_memory": 0.4164086580276489, "0084_memory": 0.38300174474716187, "0085_memory": 0.4003754258155823, "0086_memory": 0.4081050753593445, "0087_memory": 0.48113614320755005, "0088_memory": 0.2844095230102539, "0089_memory": 0.3934362530708313, "0090_memory": 0.4716787338256836, "0091_memory": 0.384942889213562, "0092_memory": 0.4401421844959259, "0093_memory": 0.35415011644363403, "0094_memory": 0.3272971510887146, "0095_memory": 0.339566707611084, "0096_memory": 0.31803080439567566, "0097_memory": 0.2959190607070923, "0098_memory": 0.03162278234958649, "0099_memory": 0.34080153703689575, "0100_memory": 0.36258363723754883, "0101_memory": 0.35742098093032837, "0102_memory": 0.4072788655757904, "0103_memory": 0.3470495939254761, "0104_memory": 0.38520047068595886, "0105_memory": 0.4508435130119324, "0106_memory": 0.4257488548755646, "0107_memory": 0.3381374478340149, "0108_memory": 0.3920668959617615, "0109_memory": 0.35373613238334656, "0110_memory": 0.30085259675979614, "0111_memory": 0.38347047567367554, "0112_memory": 0.38930559158325195, "0113_memory": 0.3725897967815399, "0114_memory": 0.37426185607910156, "0115_memory": 0.37395375967025757, "0116_memory": 0.3911406993865967, "0117_memory": 0.3945186734199524, "0118_memory": 0.385373592376709, "0119_memory": 0.3423203229904175, "0120_memory": 0.33924227952957153, "0121_memory": 0.3588290214538574, "0122_memory": 0.4106487035751343, "0123_memory": 0.41528141498565674, "0124_memory": 0.39362549781799316, "0125_memory": 0.3164367079734802, "0126_memory": 0.3600505292415619, "0127_memory": 0.33959338068962097, "0128_memory": 0.3230089545249939, "0129_memory": 0.23439732193946838, "0130_memory": 0.2713635563850403, "0131_memory": 0.3953545391559601, "0132_memory": 0.3829432725906372, "0133_memory": 0.3765426278114319, "0134_memory": 0.3832190930843353, "0135_memory": 0.41957247257232666, "0136_memory": 0.43423449993133545, "0137_memory": 0.3607063293457031, "0138_memory": 0.4926619529724121, "0139_memory": 0.4021810293197632, "0140_memory": 0.37359893321990967, "0141_memory": 0.4418724477291107, "0142_memory": 0.4700101613998413, "0143_memory": 0.4651775658130646, "0144_memory": 0.46667981147766113, "0145_memory": 0.5004026293754578}