{"0001_memory": 0.3307737708091736, "0002_memory": 0.4951125681400299, "0003_memory": 0.5082882046699524, "0004_memory": 0.40503042936325073, "0005_memory": 0.48958253860473633, "0006_memory": 0.4935939311981201, "0007_memory": 0.4884088635444641, "0008_memory": 0.31071487069129944, "0009_memory": 0.49783656001091003, "0010_memory": 0.4918878972530365, "0011_memory": 0.3548395335674286, "0012_memory": 0.4968823194503784, "0013_memory": 0.488182008266449, "0014_memory": 0.4063658118247986, "0015_memory": 0.48632535338401794, "0016_memory": 0.1646324247121811, "0017_memory": 0.5037795305252075, "0018_memory": 0.5010464787483215, "0019_memory": 0.4920649826526642, "0020_memory": 0.4969092607498169, "0021_memory": 0.45970553159713745, "0022_memory": 0.4920688271522522, "0023_memory": 0.4984445869922638, "0024_memory": 0.4886641204357147, "0025_memory": 0.498887836933136, "0026_memory": 0.42827385663986206, "0027_memory": 0.5143006443977356, "0028_memory": 0.49845200777053833, "0029_memory": 0.5011231303215027, "0030_memory": 0.5065590739250183, "0031_memory": 0.4821307063102722, "0032_memory": 0.5040963888168335, "0033_memory": 0.3782835006713867, "0034_memory": 0.5005834102630615, "0035_memory": 0.48063036799430847, "0036_memory": 0.39878419041633606, "0037_memory": 0.4832332134246826, "0038_memory": 0.3939989507198334, "0039_memory": 0.5022693872451782, "0040_memory": 0.48257479071617126, "0041_memory": 0.4857935905456543, "0042_memory": 0.4845849871635437, "0043_memory": 0.4963761568069458, "0044_memory": 0.48766717314720154, "0045_memory": 0.4988148808479309, "0046_memory": 0.5038816928863525, "0047_memory": 0.49873843789100647, "0048_memory": 0.49411988258361816, "0049_memory": 0.48321497440338135, "0050_memory": 0.504091739654541, "0051_memory": 0.5055996775627136, "0052_memory": 0.48598799109458923, "0053_memory": 0.3039351999759674, "0054_memory": 0.5123693943023682, "0055_memory": 0.4942171573638916, "0056_memory": 0.49229538440704346, "0057_memory": 0.4937556982040405, "0058_memory": 0.5009843707084656, "0059_memory": 0.5025054216384888, "0060_memory": 0.493145614862442, "0061_memory": 0.4984026253223419, "0062_memory": 0.5109057426452637, "0063_memory": 0.512839674949646, "0064_memory": 0.5039101243019104, "0065_memory": 0.38618922233581543, "0066_memory": 0.4368511140346527, "0067_memory": 0.4348978102207184, "0068_memory": 0.5085674524307251, "0069_memory": 0.5030307769775391, "0070_memory": 0.5145137310028076, "0071_memory": 0.49842894077301025, "0072_memory": 0.1753578633069992, "0073_memory": 0.4793398976325989, "0074_memory": 0.5035309791564941, "0075_memory": 0.4623551368713379, "0076_memory": 0.49191153049468994, "0077_memory": 0.4928814172744751, "0078_memory": 0.49942851066589355, "0079_memory": 0.4602195620536804, "0080_memory": 0.44750112295150757, "0081_memory": 0.49800437688827515, "0082_memory": 0.2552439272403717, "0083_memory": 0.4690782427787781, "0084_memory": 0.4764862358570099, "0085_memory": 0.4931335151195526, "0086_memory": 0.44139862060546875, "0087_memory": 0.31100142002105713, "0088_memory": 0.4952516257762909, "0089_memory": 0.5081257224082947, "0090_memory": 0.3686530292034149, "0091_memory": 0.48796379566192627, "0092_memory": 0.4145703911781311, "0093_memory": 0.49731647968292236, "0094_memory": 0.5063608288764954, "0095_memory": 0.49108582735061646, "0096_memory": 0.4952390193939209, "0097_memory": 0.4973008632659912, "0098_memory": 0.5004026293754578, "0099_memory": 0.4981516897678375, "0100_memory": 0.4899955987930298, "0101_memory": 0.4997842311859131, "0102_memory": 0.45957252383232117, "0103_memory": 0.5051054358482361, "0104_memory": 0.4853328466415405, "0105_memory": 0.4039907157421112, "0106_memory": 0.4658207893371582, "0107_memory": 0.485931396484375, "0108_memory": 0.4921576976776123, "0109_memory": 0.5074448585510254, "0110_memory": 0.5036120414733887, "0111_memory": 0.4995945990085602, "0112_memory": 0.47719430923461914, "0113_memory": 0.4969239830970764, "0114_memory": 0.503820538520813, "0115_memory": 0.4974922239780426, "0116_memory": 0.507243275642395, "0117_memory": 0.4826841354370117, "0118_memory": 0.5048536062240601, "0119_memory": 0.5134707689285278, "0120_memory": 0.49882054328918457, "0121_memory": 0.4977211356163025, "0122_memory": 0.446291983127594, "0123_memory": 0.49547433853149414, "0124_memory": 0.4971221387386322, "0125_memory": 0.4943440556526184, "0126_memory": 0.5020298957824707, "0127_memory": 0.4872250556945801, "0128_memory": 0.4971004128456116, "0129_memory": 0.5004809498786926, "0130_memory": 0.5057230591773987, "0131_memory": 0.48337921500205994, "0132_memory": 0.49658578634262085, "0133_memory": 0.5097533464431763, "0134_memory": 0.5030660033226013, "0135_memory": 0.4648345708847046, "0136_memory": 0.4286688566207886, "0137_memory": 0.4882028102874756, "0138_memory": 0.22419309616088867, "0139_memory": 0.46694567799568176, "0140_memory": 0.49958330392837524, "0141_memory": 0.4026593863964081, "0142_memory": 0.33479607105255127, "0143_memory": 0.29231101274490356, "0144_memory": 0.32338443398475647, "0145_memory": 0.03162278234958649}