{"0001_memory": 0.4897646903991699, "0002_memory": 0.36020582914352417, "0003_memory": 0.45047563314437866, "0004_memory": 0.42900335788726807, "0005_memory": 0.3975008726119995, "0006_memory": 0.35879841446876526, "0007_memory": 0.3651508390903473, "0008_memory": 0.4604383409023285, "0009_memory": 0.3675116300582886, "0010_memory": 0.3626691699028015, "0011_memory": 0.4562285840511322, "0012_memory": 0.38231462240219116, "0013_memory": 0.35543328523635864, "0014_memory": 0.42464733123779297, "0015_memory": 0.4460807740688324, "0016_memory": 0.49896949529647827, "0017_memory": 0.453574538230896, "0018_memory": 0.3367571234703064, "0019_memory": 0.3241647481918335, "0020_memory": 0.3276287317276001, "0021_memory": 0.3783266544342041, "0022_memory": 0.36006277799606323, "0023_memory": 0.33195948600769043, "0024_memory": 0.3442820906639099, "0025_memory": 0.3257809579372406, "0026_memory": 0.4180426597595215, "0027_memory": 0.4387087821960449, "0028_memory": 0.36913663148880005, "0029_memory": 0.3731834292411804, "0030_memory": 0.453021764755249, "0031_memory": 0.3975013196468353, "0032_memory": 0.3574671745300293, "0033_memory": 0.46431124210357666, "0034_memory": 0.3410758376121521, "0035_memory": 0.40741828083992004, "0036_memory": 0.454387903213501, "0037_memory": 0.3788340389728546, "0038_memory": 0.45364910364151, "0039_memory": 0.3572348356246948, "0040_memory": 0.38246065378189087, "0041_memory": 0.38946104049682617, "0042_memory": 0.39788818359375, "0043_memory": 0.3360133171081543, "0044_memory": 0.31603407859802246, "0045_memory": 0.36079561710357666, "0046_memory": 0.3450874090194702, "0047_memory": 0.3654135465621948, "0048_memory": 0.37049466371536255, "0049_memory": 0.3723527789115906, "0050_memory": 0.45301246643066406, "0051_memory": 0.3176085650920868, "0052_memory": 0.37463217973709106, "0053_memory": 0.470009446144104, "0054_memory": 0.2483353614807129, "0055_memory": 0.27014386653900146, "0056_memory": 0.392675518989563, "0057_memory": 0.3599962592124939, "0058_memory": 0.4513702094554901, "0059_memory": 0.4501497149467468, "0060_memory": 0.36942505836486816, "0061_memory": 0.32814735174179077, "0062_memory": 0.345643013715744, "0063_memory": 0.33337903022766113, "0064_memory": 0.33514729142189026, "0065_memory": 0.4583815038204193, "0066_memory": 0.4048880934715271, "0067_memory": 0.41468673944473267, "0068_memory": 0.45122262835502625, "0069_memory": 0.43043217062950134, "0070_memory": 0.34263676404953003, "0071_memory": 0.3301740288734436, "0072_memory": 0.5092392563819885, "0073_memory": 0.3712345063686371, "0074_memory": 0.3300642967224121, "0075_memory": 0.3815135061740875, "0076_memory": 0.37329554557800293, "0077_memory": 0.39167898893356323, "0078_memory": 0.30075281858444214, "0079_memory": 0.38385725021362305, "0080_memory": 0.3899363875389099, "0081_memory": 0.3649585247039795, "0082_memory": 0.4743027985095978, "0083_memory": 0.39319369196891785, "0084_memory": 0.4128033518791199, "0085_memory": 0.354669451713562, "0086_memory": 0.40279150009155273, "0087_memory": 0.4817066192626953, "0088_memory": 0.36148467659950256, "0089_memory": 0.3447803258895874, "0090_memory": 0.46258077025413513, "0091_memory": 0.4028626084327698, "0092_memory": 0.428159236907959, "0093_memory": 0.3790699243545532, "0094_memory": 0.33494433760643005, "0095_memory": 0.3860887289047241, "0096_memory": 0.35327643156051636, "0097_memory": 0.3670620620250702, "0098_memory": 0.37426185607910156, "0099_memory": 0.3316831588745117, "0100_memory": 0.29750949144363403, "0101_memory": 0.32027554512023926, "0102_memory": 0.38019970059394836, "0103_memory": 0.35274380445480347, "0104_memory": 0.415271520614624, "0105_memory": 0.45172178745269775, "0106_memory": 0.3850269019603729, "0107_memory": 0.3993965983390808, "0108_memory": 0.37418314814567566, "0109_memory": 0.3405899405479431, "0110_memory": 0.356415718793869, "0111_memory": 0.32774582505226135, "0112_memory": 0.37313106656074524, "0113_memory": 0.3616279363632202, "0114_memory": 0.03162278234958649, "0115_memory": 0.34004122018814087, "0116_memory": 0.3453770875930786, "0117_memory": 0.3818908929824829, "0118_memory": 0.3471503257751465, "0119_memory": 0.3493438959121704, "0120_memory": 0.3378497362136841, "0121_memory": 0.20619502663612366, "0122_memory": 0.39502352476119995, "0123_memory": 0.3650103509426117, "0124_memory": 0.3751539885997772, "0125_memory": 0.3564113974571228, "0126_memory": 0.30692699551582336, "0127_memory": 0.37640702724456787, "0128_memory": 0.34989994764328003, "0129_memory": 0.3665122091770172, "0130_memory": 0.34822502732276917, "0131_memory": 0.38388746976852417, "0132_memory": 0.36891990900039673, "0133_memory": 0.26049989461898804, "0134_memory": 0.3462689518928528, "0135_memory": 0.38453924655914307, "0136_memory": 0.4235615134239197, "0137_memory": 0.32442325353622437, "0138_memory": 0.48450154066085815, "0139_memory": 0.3904893100261688, "0140_memory": 0.258269339799881, "0141_memory": 0.45291778445243835, "0142_memory": 0.457035630941391, "0143_memory": 0.463021457195282, "0144_memory": 0.45292380452156067, "0145_memory": 0.503820538520813}