{"0001_memory": 0.4693993926048279, "0002_memory": 0.3826122283935547, "0003_memory": 0.3813930153846741, "0004_memory": 0.4560345411300659, "0005_memory": 0.31533828377723694, "0006_memory": 0.43273600935935974, "0007_memory": 0.4179787039756775, "0008_memory": 0.4652835428714752, "0009_memory": 0.37796688079833984, "0010_memory": 0.4335552155971527, "0011_memory": 0.46192097663879395, "0012_memory": 0.33756962418556213, "0013_memory": 0.4274328947067261, "0014_memory": 0.435202956199646, "0015_memory": 0.3661532998085022, "0016_memory": 0.47341078519821167, "0017_memory": 0.37782955169677734, "0018_memory": 0.416578471660614, "0019_memory": 0.3937668800354004, "0020_memory": 0.39840245246887207, "0021_memory": 0.41065388917922974, "0022_memory": 0.4126020669937134, "0023_memory": 0.37650200724601746, "0024_memory": 0.3748247027397156, "0025_memory": 0.3750045895576477, "0026_memory": 0.4294227957725525, "0027_memory": 0.3590574264526367, "0028_memory": 0.4399831295013428, "0029_memory": 0.36806124448776245, "0030_memory": 0.35397958755493164, "0031_memory": 0.31098729372024536, "0032_memory": 0.3811751902103424, "0033_memory": 0.4569047689437866, "0034_memory": 0.4078744053840637, "0035_memory": 0.03162278234958649, "0036_memory": 0.4524990916252136, "0037_memory": 0.31868523359298706, "0038_memory": 0.4487982392311096, "0039_memory": 0.38987550139427185, "0040_memory": 0.32652103900909424, "0041_memory": 0.33547306060791016, "0042_memory": 0.31231796741485596, "0043_memory": 0.40207886695861816, "0044_memory": 0.39140254259109497, "0045_memory": 0.3718360662460327, "0046_memory": 0.34562239050865173, "0047_memory": 0.38988184928894043, "0048_memory": 0.4138738512992859, "0049_memory": 0.42941784858703613, "0050_memory": 0.35592547059059143, "0051_memory": 0.41933971643447876, "0052_memory": 0.3359970450401306, "0053_memory": 0.4669482111930847, "0054_memory": 0.4213622808456421, "0055_memory": 0.40174245834350586, "0056_memory": 0.30055922269821167, "0057_memory": 0.40990880131721497, "0058_memory": 0.36201250553131104, "0059_memory": 0.3621416687965393, "0060_memory": 0.4348567724227905, "0061_memory": 0.3954600691795349, "0062_memory": 0.3864806294441223, "0063_memory": 0.40771567821502686, "0064_memory": 0.41840678453445435, "0065_memory": 0.45626765489578247, "0066_memory": 0.41974666714668274, "0067_memory": 0.433171808719635, "0068_memory": 0.3756628632545471, "0069_memory": 0.34587883949279785, "0070_memory": 0.3896201252937317, "0071_memory": 0.39526259899139404, "0072_memory": 0.48887568712234497, "0073_memory": 0.4124711751937866, "0074_memory": 0.38155245780944824, "0075_memory": 0.41059356927871704, "0076_memory": 0.326166570186615, "0077_memory": 0.32658857107162476, "0078_memory": 0.3958483934402466, "0079_memory": 0.4232933521270752, "0080_memory": 0.4298769235610962, "0081_memory": 0.3411738872528076, "0082_memory": 0.46029162406921387, "0083_memory": 0.4397748112678528, "0084_memory": 0.26336270570755005, "0085_memory": 0.428756445646286, "0086_memory": 0.42408138513565063, "0087_memory": 0.4688698649406433, "0088_memory": 0.36953091621398926, "0089_memory": 0.42992037534713745, "0090_memory": 0.45952242612838745, "0091_memory": 0.26773205399513245, "0092_memory": 0.44284361600875854, "0093_memory": 0.34295737743377686, "0094_memory": 0.4026322364807129, "0095_memory": 0.33565467596054077, "0096_memory": 0.38100913166999817, "0097_memory": 0.3725127875804901, "0098_memory": 0.37478700280189514, "0099_memory": 0.3899194300174713, "0100_memory": 0.40007448196411133, "0101_memory": 0.3876349925994873, "0102_memory": 0.42156046628952026, "0103_memory": 0.395118772983551, "0104_memory": 0.30386781692504883, "0105_memory": 0.4588008522987366, "0106_memory": 0.4315687417984009, "0107_memory": 0.31653690338134766, "0108_memory": 0.4256146550178528, "0109_memory": 0.4027104675769806, "0110_memory": 0.3650568127632141, "0111_memory": 0.4077470898628235, "0112_memory": 0.4208289384841919, "0113_memory": 0.40339165925979614, "0114_memory": 0.40741828083992004, "0115_memory": 0.4091530442237854, "0116_memory": 0.42938247323036194, "0117_memory": 0.42458727955818176, "0118_memory": 0.42044442892074585, "0119_memory": 0.3893311023712158, "0120_memory": 0.4013817310333252, "0121_memory": 0.40296071767807007, "0122_memory": 0.4260317385196686, "0123_memory": 0.43245333433151245, "0124_memory": 0.4185795187950134, "0125_memory": 0.39124685525894165, "0126_memory": 0.39477378129959106, "0127_memory": 0.321402907371521, "0128_memory": 0.38683122396469116, "0129_memory": 0.37061065435409546, "0130_memory": 0.3807358145713806, "0131_memory": 0.4282509982585907, "0132_memory": 0.41104334592819214, "0133_memory": 0.4120296239852905, "0134_memory": 0.41454893350601196, "0135_memory": 0.43555259704589844, "0136_memory": 0.44179368019104004, "0137_memory": 0.4001377820968628, "0138_memory": 0.47234201431274414, "0139_memory": 0.42171555757522583, "0140_memory": 0.41297680139541626, "0141_memory": 0.44261011481285095, "0142_memory": 0.4593467116355896, "0143_memory": 0.45959389209747314, "0144_memory": 0.46210551261901855, "0145_memory": 0.48063036799430847}