{"0001_memory": 0.4961104989051819, "0002_memory": 0.4240264296531677, "0003_memory": 0.34889477491378784, "0004_memory": 0.4848223328590393, "0005_memory": 0.3715335428714752, "0006_memory": 0.4720739722251892, "0007_memory": 0.45241740345954895, "0008_memory": 0.49292296171188354, "0009_memory": 0.4112403392791748, "0010_memory": 0.4685765206813812, "0011_memory": 0.49163272976875305, "0012_memory": 0.38443517684936523, "0013_memory": 0.4683579206466675, "0014_memory": 0.46828049421310425, "0015_memory": 0.35239535570144653, "0016_memory": 0.4990413784980774, "0017_memory": 0.3296331763267517, "0018_memory": 0.44697627425193787, "0019_memory": 0.43434223532676697, "0020_memory": 0.43761008977890015, "0021_memory": 0.4502018392086029, "0022_memory": 0.4459953308105469, "0023_memory": 0.42993515729904175, "0024_memory": 0.4251594543457031, "0025_memory": 0.4327870011329651, "0026_memory": 0.4596973955631256, "0027_memory": 0.33024078607559204, "0028_memory": 0.4837258458137512, "0029_memory": 0.40849122405052185, "0030_memory": 0.29209956526756287, "0031_memory": 0.36307090520858765, "0032_memory": 0.42978739738464355, "0033_memory": 0.49219703674316406, "0034_memory": 0.43927913904190063, "0035_memory": 0.35592547059059143, "0036_memory": 0.4852200150489807, "0037_memory": 0.3914991021156311, "0038_memory": 0.48677271604537964, "0039_memory": 0.43104609847068787, "0040_memory": 0.3892672657966614, "0041_memory": 0.3905048966407776, "0042_memory": 0.3698427975177765, "0043_memory": 0.43850022554397583, "0044_memory": 0.43673408031463623, "0045_memory": 0.4172823429107666, "0046_memory": 0.41463279724121094, "0047_memory": 0.43412959575653076, "0048_memory": 0.45637598633766174, "0049_memory": 0.4708039164543152, "0050_memory": 0.03162278234958649, "0051_memory": 0.4532209038734436, "0052_memory": 0.38352441787719727, "0053_memory": 0.49515318870544434, "0054_memory": 0.4711858332157135, "0055_memory": 0.44229233264923096, "0056_memory": 0.3697173595428467, "0057_memory": 0.4464106559753418, "0058_memory": 0.28175675868988037, "0059_memory": 0.31572139263153076, "0060_memory": 0.47682273387908936, "0061_memory": 0.43775707483291626, "0062_memory": 0.43994438648223877, "0063_memory": 0.44447749853134155, "0064_memory": 0.45670050382614136, "0065_memory": 0.48958122730255127, "0066_memory": 0.44967466592788696, "0067_memory": 0.4604453444480896, "0068_memory": 0.35622638463974, "0069_memory": 0.3458186388015747, "0070_memory": 0.43924659490585327, "0071_memory": 0.43144118785858154, "0072_memory": 0.5107322931289673, "0073_memory": 0.46195900440216064, "0074_memory": 0.43202632665634155, "0075_memory": 0.4494032859802246, "0076_memory": 0.4098539352416992, "0077_memory": 0.3831598162651062, "0078_memory": 0.4493526816368103, "0079_memory": 0.4540652632713318, "0080_memory": 0.4571019411087036, "0081_memory": 0.4098535478115082, "0082_memory": 0.4771934747695923, "0083_memory": 0.46100324392318726, "0084_memory": 0.3520798087120056, "0085_memory": 0.464106023311615, "0086_memory": 0.4488336145877838, "0087_memory": 0.4954834580421448, "0088_memory": 0.40571749210357666, "0089_memory": 0.4670413136482239, "0090_memory": 0.4923545718193054, "0091_memory": 0.36417147517204285, "0092_memory": 0.48190903663635254, "0093_memory": 0.38253194093704224, "0094_memory": 0.43958181142807007, "0095_memory": 0.4032420516014099, "0096_memory": 0.42496055364608765, "0097_memory": 0.42376965284347534, "0098_memory": 0.41380059719085693, "0099_memory": 0.44023042917251587, "0100_memory": 0.44185763597488403, "0101_memory": 0.4431189298629761, "0102_memory": 0.4504488706588745, "0103_memory": 0.4355873465538025, "0104_memory": 0.35653120279312134, "0105_memory": 0.4879542589187622, "0106_memory": 0.459105521440506, "0107_memory": 0.35477155447006226, "0108_memory": 0.46029025316238403, "0109_memory": 0.4461647868156433, "0110_memory": 0.4093581438064575, "0111_memory": 0.44498854875564575, "0112_memory": 0.4594443440437317, "0113_memory": 0.44402751326560974, "0114_memory": 0.45301246643066406, "0115_memory": 0.4423239529132843, "0116_memory": 0.4555683135986328, "0117_memory": 0.465695321559906, "0118_memory": 0.4556291699409485, "0119_memory": 0.4361741244792938, "0120_memory": 0.433843731880188, "0121_memory": 0.44559577107429504, "0122_memory": 0.45287197828292847, "0123_memory": 0.47692859172821045, "0124_memory": 0.4570956528186798, "0125_memory": 0.43261486291885376, "0126_memory": 0.44454655051231384, "0127_memory": 0.3893764913082123, "0128_memory": 0.4245784878730774, "0129_memory": 0.4059436321258545, "0130_memory": 0.4198387861251831, "0131_memory": 0.4640899896621704, "0132_memory": 0.4514026939868927, "0133_memory": 0.4613218903541565, "0134_memory": 0.45216143131256104, "0135_memory": 0.46454310417175293, "0136_memory": 0.47010791301727295, "0137_memory": 0.44268375635147095, "0138_memory": 0.4971148371696472, "0139_memory": 0.4559818208217621, "0140_memory": 0.4576950669288635, "0141_memory": 0.4846530556678772, "0142_memory": 0.48232024908065796, "0143_memory": 0.48955345153808594, "0144_memory": 0.49135375022888184, "0145_memory": 0.504091739654541}