{"0001_memory": 0.4525725841522217, "0002_memory": 0.3970192074775696, "0003_memory": 0.45855337381362915, "0004_memory": 0.38086453080177307, "0005_memory": 0.4194185137748718, "0006_memory": 0.3511926233768463, "0007_memory": 0.3464457094669342, "0008_memory": 0.41623371839523315, "0009_memory": 0.4013502895832062, "0010_memory": 0.33897000551223755, "0011_memory": 0.40456607937812805, "0012_memory": 0.4216853082180023, "0013_memory": 0.3470956087112427, "0014_memory": 0.34111255407333374, "0015_memory": 0.4540248513221741, "0016_memory": 0.45491981506347656, "0017_memory": 0.4546211063861847, "0018_memory": 0.372086763381958, "0019_memory": 0.3622830808162689, "0020_memory": 0.366237998008728, "0021_memory": 0.21912100911140442, "0022_memory": 0.34687820076942444, "0023_memory": 0.4038291573524475, "0024_memory": 0.3908490538597107, "0025_memory": 0.4007362723350525, "0026_memory": 0.3297092616558075, "0027_memory": 0.4568210244178772, "0028_memory": 0.3616129159927368, "0029_memory": 0.4094322919845581, "0030_memory": 0.455471932888031, "0031_memory": 0.4140511751174927, "0032_memory": 0.3966740667819977, "0033_memory": 0.40449827909469604, "0034_memory": 0.396514356136322, "0035_memory": 0.42156046628952026, "0036_memory": 0.3882240056991577, "0037_memory": 0.4154220223426819, "0038_memory": 0.39640623331069946, "0039_memory": 0.394722580909729, "0040_memory": 0.4142710864543915, "0041_memory": 0.41845083236694336, "0042_memory": 0.41133546829223633, "0043_memory": 0.36759403347969055, "0044_memory": 0.36506304144859314, "0045_memory": 0.3933635950088501, "0046_memory": 0.41040533781051636, "0047_memory": 0.4024985432624817, "0048_memory": 0.35956329107284546, "0049_memory": 0.33126145601272583, "0050_memory": 0.4504488706588745, "0051_memory": 0.37725430727005005, "0052_memory": 0.42014962434768677, "0053_memory": 0.4337429404258728, "0054_memory": 0.3955455422401428, "0055_memory": 0.38332730531692505, "0056_memory": 0.4247989058494568, "0057_memory": 0.37104132771492004, "0058_memory": 0.4527444541454315, "0059_memory": 0.4508332908153534, "0060_memory": 0.3537949323654175, "0061_memory": 0.3910742402076721, "0062_memory": 0.396417498588562, "0063_memory": 0.4024580121040344, "0064_memory": 0.3813779354095459, "0065_memory": 0.3997083902359009, "0066_memory": 0.31270405650138855, "0067_memory": 0.3253869116306305, "0068_memory": 0.457208514213562, "0069_memory": 0.45286133885383606, "0070_memory": 0.41394490003585815, "0071_memory": 0.38909298181533813, "0072_memory": 0.4657537043094635, "0073_memory": 0.32240623235702515, "0074_memory": 0.40593773126602173, "0075_memory": 0.2614578604698181, "0076_memory": 0.40272092819213867, "0077_memory": 0.4120931029319763, "0078_memory": 0.383527934551239, "0079_memory": 0.23335207998752594, "0080_memory": 0.28378403186798096, "0081_memory": 0.40770870447158813, "0082_memory": 0.42907166481018066, "0083_memory": 0.2876667082309723, "0084_memory": 0.4297533631324768, "0085_memory": 0.3484630584716797, "0086_memory": 0.3035832643508911, "0087_memory": 0.4430912137031555, "0088_memory": 0.3937106132507324, "0089_memory": 0.39110225439071655, "0090_memory": 0.4005879759788513, "0091_memory": 0.42213064432144165, "0092_memory": 0.3654668927192688, "0093_memory": 0.42012810707092285, "0094_memory": 0.40628182888031006, "0095_memory": 0.4144802689552307, "0096_memory": 0.39781653881073, "0097_memory": 0.39648041129112244, "0098_memory": 0.4072788655757904, "0099_memory": 0.3986494243144989, "0100_memory": 0.3805190324783325, "0101_memory": 0.38607239723205566, "0102_memory": 0.03162278234958649, "0103_memory": 0.3902563452720642, "0104_memory": 0.4428727626800537, "0105_memory": 0.3846505582332611, "0106_memory": 0.2724568843841553, "0107_memory": 0.4187828004360199, "0108_memory": 0.35595065355300903, "0109_memory": 0.4004164934158325, "0110_memory": 0.415722131729126, "0111_memory": 0.37473875284194946, "0112_memory": 0.3002709150314331, "0113_memory": 0.3782534897327423, "0114_memory": 0.38019970059394836, "0115_memory": 0.36892563104629517, "0116_memory": 0.3822738230228424, "0117_memory": 0.31518006324768066, "0118_memory": 0.37642329931259155, "0119_memory": 0.40779829025268555, "0120_memory": 0.394816130399704, "0121_memory": 0.3846919536590576, "0122_memory": 0.30034738779067993, "0123_memory": 0.34876030683517456, "0124_memory": 0.38025081157684326, "0125_memory": 0.3986092805862427, "0126_memory": 0.3751072287559509, "0127_memory": 0.3977665305137634, "0128_memory": 0.3909059762954712, "0129_memory": 0.4019251763820648, "0130_memory": 0.4131072163581848, "0131_memory": 0.2916373014450073, "0132_memory": 0.3674207627773285, "0133_memory": 0.38372868299484253, "0134_memory": 0.38308095932006836, "0135_memory": 0.2589799761772156, "0136_memory": 0.3336753249168396, "0137_memory": 0.37823402881622314, "0138_memory": 0.43863236904144287, "0139_memory": 0.2759774625301361, "0140_memory": 0.38914063572883606, "0141_memory": 0.39237499237060547, "0142_memory": 0.4072379469871521, "0143_memory": 0.42257195711135864, "0144_memory": 0.40770256519317627, "0145_memory": 0.45957252383232117}