{"0001_memory": 0.38874322175979614, "0002_memory": 0.45555853843688965, "0003_memory": 0.49815529584884644, "0004_memory": 0.2915257215499878, "0005_memory": 0.4655338525772095, "0006_memory": 0.4378764033317566, "0007_memory": 0.4288818836212158, "0008_memory": 0.31334617733955383, "0009_memory": 0.4552546739578247, "0010_memory": 0.4293944239616394, "0011_memory": 0.2660861015319824, "0012_memory": 0.46938198804855347, "0013_memory": 0.43458986282348633, "0014_memory": 0.31349509954452515, "0015_memory": 0.48257988691329956, "0016_memory": 0.3800259232521057, "0017_memory": 0.492083340883255, "0018_memory": 0.45893120765686035, "0019_memory": 0.44672733545303345, "0020_memory": 0.44951409101486206, "0021_memory": 0.3961274027824402, "0022_memory": 0.4297267198562622, "0023_memory": 0.45781445503234863, "0024_memory": 0.45046958327293396, "0025_memory": 0.4504539966583252, "0026_memory": 0.3429298996925354, "0027_memory": 0.49073320627212524, "0028_memory": 0.4466477036476135, "0029_memory": 0.45873403549194336, "0030_memory": 0.4891940951347351, "0031_memory": 0.45756763219833374, "0032_memory": 0.4591185450553894, "0033_memory": 0.20637422800064087, "0034_memory": 0.4551442861557007, "0035_memory": 0.45626765489578247, "0036_memory": 0.24008280038833618, "0037_memory": 0.45229601860046387, "0038_memory": 0.2058560848236084, "0039_memory": 0.4610505700111389, "0040_memory": 0.4528617858886719, "0041_memory": 0.4600337743759155, "0042_memory": 0.46030211448669434, "0043_memory": 0.4526272416114807, "0044_memory": 0.44169294834136963, "0045_memory": 0.45664942264556885, "0046_memory": 0.4652859568595886, "0047_memory": 0.46101075410842896, "0048_memory": 0.4365577697753906, "0049_memory": 0.4231090545654297, "0050_memory": 0.48958122730255127, "0051_memory": 0.4565236270427704, "0052_memory": 0.45998120307922363, "0053_memory": 0.3461712598800659, "0054_memory": 0.46985214948654175, "0055_memory": 0.4516661763191223, "0056_memory": 0.4722854495048523, "0057_memory": 0.4362949728965759, "0058_memory": 0.48891592025756836, "0059_memory": 0.4932861328125, "0060_memory": 0.44105467200279236, "0061_memory": 0.4501744210720062, "0062_memory": 0.4683259129524231, "0063_memory": 0.4707694947719574, "0064_memory": 0.46402740478515625, "0065_memory": 0.03162278234958649, "0066_memory": 0.3628969192504883, "0067_memory": 0.3604075312614441, "0068_memory": 0.49647706747055054, "0069_memory": 0.4829108417034149, "0070_memory": 0.46983468532562256, "0071_memory": 0.4498947858810425, "0072_memory": 0.3984702527523041, "0073_memory": 0.41575759649276733, "0074_memory": 0.4615938663482666, "0075_memory": 0.39961105585098267, "0076_memory": 0.45677128434181213, "0077_memory": 0.46627944707870483, "0078_memory": 0.43651968240737915, "0079_memory": 0.4074849486351013, "0080_memory": 0.39126530289649963, "0081_memory": 0.4638962149620056, "0082_memory": 0.3421597480773926, "0083_memory": 0.4069620668888092, "0084_memory": 0.45995768904685974, "0085_memory": 0.42997315526008606, "0086_memory": 0.37127548456192017, "0087_memory": 0.36822381615638733, "0088_memory": 0.44986045360565186, "0089_memory": 0.4712520241737366, "0090_memory": 0.24295774102210999, "0091_memory": 0.46616607904434204, "0092_memory": 0.3082919418811798, "0093_memory": 0.4662972092628479, "0094_memory": 0.46379148960113525, "0095_memory": 0.45733481645584106, "0096_memory": 0.4524962306022644, "0097_memory": 0.45505183935165405, "0098_memory": 0.46091389656066895, "0099_memory": 0.4515598714351654, "0100_memory": 0.4505627751350403, "0101_memory": 0.4514099955558777, "0102_memory": 0.3997083902359009, "0103_memory": 0.46525710821151733, "0104_memory": 0.46356838941574097, "0105_memory": 0.2608930468559265, "0106_memory": 0.4021342694759369, "0107_memory": 0.4642641246318817, "0108_memory": 0.436855673789978, "0109_memory": 0.46940934658050537, "0110_memory": 0.4661024510860443, "0111_memory": 0.44254225492477417, "0112_memory": 0.41005057096481323, "0113_memory": 0.44548118114471436, "0114_memory": 0.4583815038204193, "0115_memory": 0.4526190161705017, "0116_memory": 0.4712231159210205, "0117_memory": 0.41519802808761597, "0118_memory": 0.45975813269615173, "0119_memory": 0.47276246547698975, "0120_memory": 0.45701926946640015, "0121_memory": 0.46077513694763184, "0122_memory": 0.3822649121284485, "0123_memory": 0.4309805631637573, "0124_memory": 0.44626104831695557, "0125_memory": 0.45461153984069824, "0126_memory": 0.44620248675346375, "0127_memory": 0.4527808725833893, "0128_memory": 0.4482382535934448, "0129_memory": 0.45657771825790405, "0130_memory": 0.4658833146095276, "0131_memory": 0.41149407625198364, "0132_memory": 0.4370047450065613, "0133_memory": 0.462224543094635, "0134_memory": 0.45504629611968994, "0135_memory": 0.41239669919013977, "0136_memory": 0.33998122811317444, "0137_memory": 0.45089590549468994, "0138_memory": 0.3609299063682556, "0139_memory": 0.40671607851982117, "0140_memory": 0.45837679505348206, "0141_memory": 0.24477523565292358, "0142_memory": 0.28093260526657104, "0143_memory": 0.3253635764122009, "0144_memory": 0.2910193204879761, "0145_memory": 0.38618922233581543}