{"0001_memory": 0.41930878162384033, "0002_memory": 0.4149794280529022, "0003_memory": 0.46688157320022583, "0004_memory": 0.30129504203796387, "0005_memory": 0.4138229787349701, "0006_memory": 0.3873558044433594, "0007_memory": 0.3737788796424866, "0008_memory": 0.38606783747673035, "0009_memory": 0.40274474024772644, "0010_memory": 0.38541626930236816, "0011_memory": 0.3703121542930603, "0012_memory": 0.43943464756011963, "0013_memory": 0.3872271180152893, "0014_memory": 0.2325424700975418, "0015_memory": 0.45500558614730835, "0016_memory": 0.42311570048332214, "0017_memory": 0.467319130897522, "0018_memory": 0.39901596307754517, "0019_memory": 0.3868878483772278, "0020_memory": 0.39548200368881226, "0021_memory": 0.32534754276275635, "0022_memory": 0.37795963883399963, "0023_memory": 0.41991183161735535, "0024_memory": 0.40359407663345337, "0025_memory": 0.4168264865875244, "0026_memory": 0.03162278234958649, "0027_memory": 0.46343404054641724, "0028_memory": 0.3999384045600891, "0029_memory": 0.41970258951187134, "0030_memory": 0.4594431519508362, "0031_memory": 0.42778411507606506, "0032_memory": 0.42247867584228516, "0033_memory": 0.35402917861938477, "0034_memory": 0.40886396169662476, "0035_memory": 0.4294227957725525, "0036_memory": 0.3256415128707886, "0037_memory": 0.42298075556755066, "0038_memory": 0.3260458707809448, "0039_memory": 0.3991581201553345, "0040_memory": 0.423689603805542, "0041_memory": 0.4334914982318878, "0042_memory": 0.41889506578445435, "0043_memory": 0.3970932364463806, "0044_memory": 0.39220836758613586, "0045_memory": 0.4223299026489258, "0046_memory": 0.4321165680885315, "0047_memory": 0.4208980202674866, "0048_memory": 0.38437601923942566, "0049_memory": 0.37593647837638855, "0050_memory": 0.4596973955631256, "0051_memory": 0.403229296207428, "0052_memory": 0.42973482608795166, "0053_memory": 0.40213334560394287, "0054_memory": 0.42766550183296204, "0055_memory": 0.4032730460166931, "0056_memory": 0.44012022018432617, "0057_memory": 0.37983906269073486, "0058_memory": 0.4528124928474426, "0059_memory": 0.46305394172668457, "0060_memory": 0.3998183608055115, "0061_memory": 0.4085959196090698, "0062_memory": 0.4225882887840271, "0063_memory": 0.41807323694229126, "0064_memory": 0.4032413959503174, "0065_memory": 0.3429298996925354, "0066_memory": 0.23216858506202698, "0067_memory": 0.21432238817214966, "0068_memory": 0.467202365398407, "0069_memory": 0.4523811340332031, "0070_memory": 0.4332174062728882, "0071_memory": 0.4094730317592621, "0072_memory": 0.4386429488658905, "0073_memory": 0.3641122579574585, "0074_memory": 0.42147138714790344, "0075_memory": 0.3361201286315918, "0076_memory": 0.42667508125305176, "0077_memory": 0.4379245638847351, "0078_memory": 0.41229212284088135, "0079_memory": 0.3268832266330719, "0080_memory": 0.289532870054245, "0081_memory": 0.4315950870513916, "0082_memory": 0.39208370447158813, "0083_memory": 0.3202013075351715, "0084_memory": 0.43265464901924133, "0085_memory": 0.39121249318122864, "0086_memory": 0.25275951623916626, "0087_memory": 0.41308337450027466, "0088_memory": 0.4161348044872284, "0089_memory": 0.409503698348999, "0090_memory": 0.35740917921066284, "0091_memory": 0.43422916531562805, "0092_memory": 0.26873886585235596, "0093_memory": 0.4386864900588989, "0094_memory": 0.42050135135650635, "0095_memory": 0.42648565769195557, "0096_memory": 0.4077671766281128, "0097_memory": 0.4191208481788635, "0098_memory": 0.4184233546257019, "0099_memory": 0.41512948274612427, "0100_memory": 0.4069480001926422, "0101_memory": 0.40733933448791504, "0102_memory": 0.3297092616558075, "0103_memory": 0.41988226771354675, "0104_memory": 0.4357078969478607, "0105_memory": 0.3246369957923889, "0106_memory": 0.31706833839416504, "0107_memory": 0.43023210763931274, "0108_memory": 0.38642656803131104, "0109_memory": 0.4249170422554016, "0110_memory": 0.4332517981529236, "0111_memory": 0.3909967541694641, "0112_memory": 0.35013729333877563, "0113_memory": 0.3896656036376953, "0114_memory": 0.4180426597595215, "0115_memory": 0.39821338653564453, "0116_memory": 0.40921467542648315, "0117_memory": 0.3624066710472107, "0118_memory": 0.3948505222797394, "0119_memory": 0.4353218674659729, "0120_memory": 0.4139823019504547, "0121_memory": 0.41212669014930725, "0122_memory": 0.26997077465057373, "0123_memory": 0.3912968039512634, "0124_memory": 0.3915535807609558, "0125_memory": 0.4135884642601013, "0126_memory": 0.4111349880695343, "0127_memory": 0.42742031812667847, "0128_memory": 0.41328108310699463, "0129_memory": 0.42358291149139404, "0130_memory": 0.4207909405231476, "0131_memory": 0.3609970808029175, "0132_memory": 0.3801146149635315, "0133_memory": 0.4183152914047241, "0134_memory": 0.3945997953414917, "0135_memory": 0.3310277462005615, "0136_memory": 0.20553401112556458, "0137_memory": 0.4037938117980957, "0138_memory": 0.41509437561035156, "0139_memory": 0.34665486216545105, "0140_memory": 0.41554558277130127, "0141_memory": 0.3219038248062134, "0142_memory": 0.3690187931060791, "0143_memory": 0.38895276188850403, "0144_memory": 0.3730308711528778, "0145_memory": 0.42827385663986206}