{"0001_memory": 0.38699933886528015, "0002_memory": 0.4512576460838318, "0003_memory": 0.4963611960411072, "0004_memory": 0.2995530366897583, "0005_memory": 0.4701359272003174, "0006_memory": 0.44001439213752747, "0007_memory": 0.4358510971069336, "0008_memory": 0.30136337876319885, "0009_memory": 0.46037206053733826, "0010_memory": 0.43838226795196533, "0011_memory": 0.24721355736255646, "0012_memory": 0.467476487159729, "0013_memory": 0.42402011156082153, "0014_memory": 0.3191676735877991, "0015_memory": 0.484351247549057, "0016_memory": 0.3698728084564209, "0017_memory": 0.49039286375045776, "0018_memory": 0.4598954916000366, "0019_memory": 0.4465850591659546, "0020_memory": 0.4533253610134125, "0021_memory": 0.400371789932251, "0022_memory": 0.43641120195388794, "0023_memory": 0.46187108755111694, "0024_memory": 0.451089084148407, "0025_memory": 0.46066027879714966, "0026_memory": 0.35402917861938477, "0027_memory": 0.4912382960319519, "0028_memory": 0.4508286714553833, "0029_memory": 0.4642384648323059, "0030_memory": 0.4917980432510376, "0031_memory": 0.4587843418121338, "0032_memory": 0.45940348505973816, "0033_memory": 0.03162278234958649, "0034_memory": 0.46342259645462036, "0035_memory": 0.4569047689437866, "0036_memory": 0.2545988857746124, "0037_memory": 0.45410826802253723, "0038_memory": 0.2341286540031433, "0039_memory": 0.46434256434440613, "0040_memory": 0.456875741481781, "0041_memory": 0.4635102152824402, "0042_memory": 0.46210426092147827, "0043_memory": 0.4494675099849701, "0044_memory": 0.44383275508880615, "0045_memory": 0.45489442348480225, "0046_memory": 0.46824270486831665, "0047_memory": 0.46156442165374756, "0048_memory": 0.4396371841430664, "0049_memory": 0.4195094108581543, "0050_memory": 0.49219703674316406, "0051_memory": 0.466070294380188, "0052_memory": 0.46158528327941895, "0053_memory": 0.3358543813228607, "0054_memory": 0.46667492389678955, "0055_memory": 0.45281967520713806, "0056_memory": 0.4635351300239563, "0057_memory": 0.4403853118419647, "0058_memory": 0.4941216707229614, "0059_memory": 0.4924565255641937, "0060_memory": 0.43882107734680176, "0061_memory": 0.4545881748199463, "0062_memory": 0.47059547901153564, "0063_memory": 0.47330090403556824, "0064_memory": 0.4601232409477234, "0065_memory": 0.20637422800064087, "0066_memory": 0.3715895712375641, "0067_memory": 0.3669378161430359, "0068_memory": 0.49637120962142944, "0069_memory": 0.4855755567550659, "0070_memory": 0.4743603467941284, "0071_memory": 0.4537681043148041, "0072_memory": 0.39079636335372925, "0073_memory": 0.4202425479888916, "0074_memory": 0.4674241542816162, "0075_memory": 0.401787668466568, "0076_memory": 0.45541995763778687, "0077_memory": 0.4620518088340759, "0078_memory": 0.45028042793273926, "0079_memory": 0.4031333923339844, "0080_memory": 0.38995951414108276, "0081_memory": 0.4643440246582031, "0082_memory": 0.33467257022857666, "0083_memory": 0.4091450572013855, "0084_memory": 0.4614472985267639, "0085_memory": 0.4398813545703888, "0086_memory": 0.37586116790771484, "0087_memory": 0.3597071170806885, "0088_memory": 0.45592254400253296, "0089_memory": 0.47212427854537964, "0090_memory": 0.21307606995105743, "0091_memory": 0.46047770977020264, "0092_memory": 0.3196815550327301, "0093_memory": 0.46833673119544983, "0094_memory": 0.4665488004684448, "0095_memory": 0.4591095447540283, "0096_memory": 0.4550870656967163, "0097_memory": 0.45920661091804504, "0098_memory": 0.46486610174179077, "0099_memory": 0.4577290415763855, "0100_memory": 0.4517192244529724, "0101_memory": 0.45205891132354736, "0102_memory": 0.40449827909469604, "0103_memory": 0.46803563833236694, "0104_memory": 0.4651646912097931, "0105_memory": 0.27130192518234253, "0106_memory": 0.4120509624481201, "0107_memory": 0.4636848568916321, "0108_memory": 0.44138020277023315, "0109_memory": 0.47136539220809937, "0110_memory": 0.4704711437225342, "0111_memory": 0.4533580243587494, "0112_memory": 0.41487300395965576, "0113_memory": 0.4487612843513489, "0114_memory": 0.46431124210357666, "0115_memory": 0.45565080642700195, "0116_memory": 0.47320830821990967, "0117_memory": 0.4204496741294861, "0118_memory": 0.46331465244293213, "0119_memory": 0.47316259145736694, "0120_memory": 0.46227186918258667, "0121_memory": 0.45816195011138916, "0122_memory": 0.3869468569755554, "0123_memory": 0.44234317541122437, "0124_memory": 0.45073825120925903, "0125_memory": 0.45964890718460083, "0126_memory": 0.45373833179473877, "0127_memory": 0.4538942575454712, "0128_memory": 0.45807990431785583, "0129_memory": 0.4662227928638458, "0130_memory": 0.4713629484176636, "0131_memory": 0.41612833738327026, "0132_memory": 0.4429447650909424, "0133_memory": 0.45809119939804077, "0134_memory": 0.4600967764854431, "0135_memory": 0.41320115327835083, "0136_memory": 0.34436988830566406, "0137_memory": 0.4492865800857544, "0138_memory": 0.34661900997161865, "0139_memory": 0.40375614166259766, "0140_memory": 0.4603841304779053, "0141_memory": 0.27105116844177246, "0142_memory": 0.25849276781082153, "0143_memory": 0.3135302662849426, "0144_memory": 0.27645039558410645, "0145_memory": 0.3782835006713867}