{"0001_memory": 0.47592344880104065, "0002_memory": 0.34421902894973755, "0003_memory": 0.4192858338356018, "0004_memory": 0.4558752179145813, "0005_memory": 0.34344279766082764, "0006_memory": 0.4069337546825409, "0007_memory": 0.38848382234573364, "0008_memory": 0.47089388966560364, "0009_memory": 0.326878160238266, "0010_memory": 0.4206624925136566, "0011_memory": 0.4670538604259491, "0012_memory": 0.32825300097465515, "0013_memory": 0.4086771309375763, "0014_memory": 0.4358924925327301, "0015_memory": 0.4095105528831482, "0016_memory": 0.4866969883441925, "0017_memory": 0.42006006836891174, "0018_memory": 0.37131547927856445, "0019_memory": 0.36721378564834595, "0020_memory": 0.37624591588974, "0021_memory": 0.4040890336036682, "0022_memory": 0.3881092369556427, "0023_memory": 0.3464275598526001, "0024_memory": 0.34181076288223267, "0025_memory": 0.3477170467376709, "0026_memory": 0.42648565769195557, "0027_memory": 0.39768704771995544, "0028_memory": 0.4183053970336914, "0029_memory": 0.3304500877857208, "0030_memory": 0.4057976007461548, "0031_memory": 0.31831634044647217, "0032_memory": 0.338905930519104, "0033_memory": 0.4591095447540283, "0034_memory": 0.36632558703422546, "0035_memory": 0.33565467596054077, "0036_memory": 0.45640528202056885, "0037_memory": 0.2532585859298706, "0038_memory": 0.45152562856674194, "0039_memory": 0.34608012437820435, "0040_memory": 0.21273839473724365, "0041_memory": 0.2761963903903961, "0042_memory": 0.3214848041534424, "0043_memory": 0.37857580184936523, "0044_memory": 0.37032440304756165, "0045_memory": 0.3324908912181854, "0046_memory": 0.32398492097854614, "0047_memory": 0.3496382236480713, "0048_memory": 0.39390480518341064, "0049_memory": 0.40793848037719727, "0050_memory": 0.4032420516014099, "0051_memory": 0.3951472043991089, "0052_memory": 0.30047380924224854, "0053_memory": 0.47161364555358887, "0054_memory": 0.39398443698883057, "0055_memory": 0.3574165403842926, "0056_memory": 0.3545844554901123, "0057_memory": 0.3871528208255768, "0058_memory": 0.4111008644104004, "0059_memory": 0.41160082817077637, "0060_memory": 0.4117994010448456, "0061_memory": 0.3659508228302002, "0062_memory": 0.36863023042678833, "0063_memory": 0.3753372132778168, "0064_memory": 0.39586251974105835, "0065_memory": 0.45733481645584106, "0066_memory": 0.42514628171920776, "0067_memory": 0.4301689863204956, "0068_memory": 0.41850191354751587, "0069_memory": 0.3808366060256958, "0070_memory": 0.3593870997428894, "0071_memory": 0.3655313551425934, "0072_memory": 0.49422183632850647, "0073_memory": 0.40853798389434814, "0074_memory": 0.3461046814918518, "0075_memory": 0.40410736203193665, "0076_memory": 0.2606799602508545, "0077_memory": 0.3156799376010895, "0078_memory": 0.37636610865592957, "0079_memory": 0.42427098751068115, "0080_memory": 0.4292548596858978, "0081_memory": 0.29010656476020813, "0082_memory": 0.4638952612876892, "0083_memory": 0.4424917697906494, "0084_memory": 0.3290401101112366, "0085_memory": 0.3924378752708435, "0086_memory": 0.4219787120819092, "0087_memory": 0.4732624292373657, "0088_memory": 0.3186303973197937, "0089_memory": 0.4021884799003601, "0090_memory": 0.46130096912384033, "0091_memory": 0.3472810387611389, "0092_memory": 0.44733041524887085, "0093_memory": 0.31980615854263306, "0094_memory": 0.378072053194046, "0095_memory": 0.03162278234958649, "0096_memory": 0.3404609262943268, "0097_memory": 0.3355563282966614, "0098_memory": 0.339566707611084, "0099_memory": 0.37129539251327515, "0100_memory": 0.37900713086128235, "0101_memory": 0.3697858154773712, "0102_memory": 0.4144802689552307, "0103_memory": 0.35909348726272583, "0104_memory": 0.3517509698867798, "0105_memory": 0.458154559135437, "0106_memory": 0.4319421648979187, "0107_memory": 0.33580338954925537, "0108_memory": 0.3967694044113159, "0109_memory": 0.3725031614303589, "0110_memory": 0.3256832957267761, "0111_memory": 0.39287593960762024, "0112_memory": 0.4033952057361603, "0113_memory": 0.3910914659500122, "0114_memory": 0.3860887289047241, "0115_memory": 0.38024622201919556, "0116_memory": 0.3958897590637207, "0117_memory": 0.41141030192375183, "0118_memory": 0.3888051211833954, "0119_memory": 0.3518175780773163, "0120_memory": 0.37479060888290405, "0121_memory": 0.38189971446990967, "0122_memory": 0.42394745349884033, "0123_memory": 0.4204186797142029, "0124_memory": 0.4006863236427307, "0125_memory": 0.3472135365009308, "0126_memory": 0.3719882071018219, "0127_memory": 0.22037099301815033, "0128_memory": 0.3454502820968628, "0129_memory": 0.3263486325740814, "0130_memory": 0.337314248085022, "0131_memory": 0.41548317670822144, "0132_memory": 0.39106395840644836, "0133_memory": 0.3810523748397827, "0134_memory": 0.395153671503067, "0135_memory": 0.4301108121871948, "0136_memory": 0.432574063539505, "0137_memory": 0.38055986166000366, "0138_memory": 0.4803324043750763, "0139_memory": 0.4121516942977905, "0140_memory": 0.391733318567276, "0141_memory": 0.4565621018409729, "0142_memory": 0.46803706884384155, "0143_memory": 0.46615302562713623, "0144_memory": 0.4672595262527466, "0145_memory": 0.49108582735061646}