{"0001_memory": 0.49930673837661743, "0002_memory": 0.341266393661499, "0003_memory": 0.45096611976623535, "0004_memory": 0.44744813442230225, "0005_memory": 0.3866129517555237, "0006_memory": 0.3988635241985321, "0007_memory": 0.39609676599502563, "0008_memory": 0.47020602226257324, "0009_memory": 0.3223879933357239, "0010_memory": 0.399253249168396, "0011_memory": 0.4666171967983246, "0012_memory": 0.3573012351989746, "0013_memory": 0.39541149139404297, "0014_memory": 0.43978577852249146, "0015_memory": 0.44406944513320923, "0016_memory": 0.5078837871551514, "0017_memory": 0.44858890771865845, "0018_memory": 0.37104731798171997, "0019_memory": 0.3682963252067566, "0020_memory": 0.37424957752227783, "0021_memory": 0.4062373638153076, "0022_memory": 0.38892483711242676, "0023_memory": 0.2964385449886322, "0024_memory": 0.3215274512767792, "0025_memory": 0.31248098611831665, "0026_memory": 0.4353218674659729, "0027_memory": 0.42497938871383667, "0028_memory": 0.4065610468387604, "0029_memory": 0.3344278335571289, "0030_memory": 0.43081986904144287, "0031_memory": 0.36773252487182617, "0032_memory": 0.2552422285079956, "0033_memory": 0.47316259145736694, "0034_memory": 0.37068265676498413, "0035_memory": 0.3893311023712158, "0036_memory": 0.4612995982170105, "0037_memory": 0.3586452603340149, "0038_memory": 0.46795567870140076, "0039_memory": 0.33805859088897705, "0040_memory": 0.3583919405937195, "0041_memory": 0.35906150937080383, "0042_memory": 0.3781154751777649, "0043_memory": 0.35370633006095886, "0044_memory": 0.3685600757598877, "0045_memory": 0.2821216285228729, "0046_memory": 0.3292793929576874, "0047_memory": 0.3440214991569519, "0048_memory": 0.41097551584243774, "0049_memory": 0.4169697165489197, "0050_memory": 0.4361741244792938, "0051_memory": 0.37617260217666626, "0052_memory": 0.35572150349617004, "0053_memory": 0.4869135916233063, "0054_memory": 0.36315426230430603, "0055_memory": 0.3577636480331421, "0056_memory": 0.3889662027359009, "0057_memory": 0.3931936025619507, "0058_memory": 0.44179055094718933, "0059_memory": 0.4424915611743927, "0060_memory": 0.3878380060195923, "0061_memory": 0.360443115234375, "0062_memory": 0.33221399784088135, "0063_memory": 0.34697097539901733, "0064_memory": 0.3814812898635864, "0065_memory": 0.47276246547698975, "0066_memory": 0.42793595790863037, "0067_memory": 0.4371911585330963, "0068_memory": 0.4435123801231384, "0069_memory": 0.41957369446754456, "0070_memory": 0.23994281888008118, "0071_memory": 0.35570448637008667, "0072_memory": 0.5185399055480957, "0073_memory": 0.4112342596054077, "0074_memory": 0.2859269976615906, "0075_memory": 0.40656575560569763, "0076_memory": 0.3375047445297241, "0077_memory": 0.36004602909088135, "0078_memory": 0.3530104458332062, "0079_memory": 0.4097210466861725, "0080_memory": 0.4164370000362396, "0081_memory": 0.32696694135665894, "0082_memory": 0.48777005076408386, "0083_memory": 0.4203011691570282, "0084_memory": 0.3950726091861725, "0085_memory": 0.3893933892250061, "0086_memory": 0.4201720654964447, "0087_memory": 0.49372580647468567, "0088_memory": 0.3056061565876007, "0089_memory": 0.3910908102989197, "0090_memory": 0.4714837074279785, "0091_memory": 0.39442959427833557, "0092_memory": 0.4373948574066162, "0093_memory": 0.35164856910705566, "0094_memory": 0.3594791293144226, "0095_memory": 0.3518175780773163, "0096_memory": 0.33468717336654663, "0097_memory": 0.30463898181915283, "0098_memory": 0.3423203229904175, "0099_memory": 0.3696899712085724, "0100_memory": 0.36243629455566406, "0101_memory": 0.3553839921951294, "0102_memory": 0.40779829025268555, "0103_memory": 0.3278663158416748, "0104_memory": 0.41098514199256897, "0105_memory": 0.4595406949520111, "0106_memory": 0.39722639322280884, "0107_memory": 0.38261231780052185, "0108_memory": 0.40815621614456177, "0109_memory": 0.33816367387771606, "0110_memory": 0.3396715521812439, "0111_memory": 0.39147070050239563, "0112_memory": 0.4121606945991516, "0113_memory": 0.39639347791671753, "0114_memory": 0.3493438959121704, "0115_memory": 0.37110912799835205, "0116_memory": 0.37773245573043823, "0117_memory": 0.4156576991081238, "0118_memory": 0.3822419345378876, "0119_memory": 0.03162278234958649, "0120_memory": 0.3628580570220947, "0121_memory": 0.35199296474456787, "0122_memory": 0.41976845264434814, "0123_memory": 0.41131600737571716, "0124_memory": 0.4023251533508301, "0125_memory": 0.33926790952682495, "0126_memory": 0.3491837680339813, "0127_memory": 0.33798500895500183, "0128_memory": 0.3393101394176483, "0129_memory": 0.342856764793396, "0130_memory": 0.33875027298927307, "0131_memory": 0.42092418670654297, "0132_memory": 0.39985889196395874, "0133_memory": 0.34569525718688965, "0134_memory": 0.38585174083709717, "0135_memory": 0.413245290517807, "0136_memory": 0.44200074672698975, "0137_memory": 0.37249964475631714, "0138_memory": 0.4969203472137451, "0139_memory": 0.4215165972709656, "0140_memory": 0.36409372091293335, "0141_memory": 0.4625181555747986, "0142_memory": 0.46855974197387695, "0143_memory": 0.4808898866176605, "0144_memory": 0.4680221676826477, "0145_memory": 0.5134707689285278}