{"0001_memory": 0.3339851498603821, "0002_memory": 0.46526038646698, "0003_memory": 0.48025670647621155, "0004_memory": 0.3176027536392212, "0005_memory": 0.4420069456100464, "0006_memory": 0.43720734119415283, "0007_memory": 0.4468115270137787, "0008_memory": 0.16448010504245758, "0009_memory": 0.4685840606689453, "0010_memory": 0.44067472219467163, "0011_memory": 0.21570813655853271, "0012_memory": 0.4427226185798645, "0013_memory": 0.4341164231300354, "0014_memory": 0.3450610339641571, "0015_memory": 0.4800865650177002, "0016_memory": 0.3105277419090271, "0017_memory": 0.4833410978317261, "0018_memory": 0.4575689435005188, "0019_memory": 0.45580923557281494, "0020_memory": 0.4619336724281311, "0021_memory": 0.409665584564209, "0022_memory": 0.4542040228843689, "0023_memory": 0.45309919118881226, "0024_memory": 0.4595366418361664, "0025_memory": 0.45720183849334717, "0026_memory": 0.3730308711528778, "0027_memory": 0.48144757747650146, "0028_memory": 0.45067161321640015, "0029_memory": 0.46634405851364136, "0030_memory": 0.48695069551467896, "0031_memory": 0.4611503481864929, "0032_memory": 0.46214574575424194, "0033_memory": 0.27645039558410645, "0034_memory": 0.46608269214630127, "0035_memory": 0.46210551261901855, "0036_memory": 0.3175385594367981, "0037_memory": 0.45956507325172424, "0038_memory": 0.3027263283729553, "0039_memory": 0.4684572219848633, "0040_memory": 0.45811358094215393, "0041_memory": 0.46427762508392334, "0042_memory": 0.46173161268234253, "0043_memory": 0.4605932831764221, "0044_memory": 0.4503505825996399, "0045_memory": 0.4629000425338745, "0046_memory": 0.4502991735935211, "0047_memory": 0.46667206287384033, "0048_memory": 0.4562586545944214, "0049_memory": 0.43771788477897644, "0050_memory": 0.49135375022888184, "0051_memory": 0.4595187306404114, "0052_memory": 0.44436389207839966, "0053_memory": 0.2393907904624939, "0054_memory": 0.46306514739990234, "0055_memory": 0.45007598400115967, "0056_memory": 0.44664567708969116, "0057_memory": 0.45328426361083984, "0058_memory": 0.485390841960907, "0059_memory": 0.4745282530784607, "0060_memory": 0.44544702768325806, "0061_memory": 0.4586014747619629, "0062_memory": 0.46751680970191956, "0063_memory": 0.46549534797668457, "0064_memory": 0.45695680379867554, "0065_memory": 0.2910193204879761, "0066_memory": 0.3787999153137207, "0067_memory": 0.3823493719100952, "0068_memory": 0.476695716381073, "0069_memory": 0.464067280292511, "0070_memory": 0.46729519963264465, "0071_memory": 0.46246302127838135, "0072_memory": 0.3318219780921936, "0073_memory": 0.4322817325592041, "0074_memory": 0.4535587430000305, "0075_memory": 0.41074639558792114, "0076_memory": 0.4597638249397278, "0077_memory": 0.462791383266449, "0078_memory": 0.4576718509197235, "0079_memory": 0.4002115726470947, "0080_memory": 0.3877298831939697, "0081_memory": 0.45017731189727783, "0082_memory": 0.2448686957359314, "0083_memory": 0.39403724670410156, "0084_memory": 0.4650900959968567, "0085_memory": 0.4448748230934143, "0086_memory": 0.3860127031803131, "0087_memory": 0.295559823513031, "0088_memory": 0.46504318714141846, "0089_memory": 0.464729368686676, "0090_memory": 0.2455805540084839, "0091_memory": 0.46237605810165405, "0092_memory": 0.32432109117507935, "0093_memory": 0.44251537322998047, "0094_memory": 0.4624839425086975, "0095_memory": 0.4672595262527466, "0096_memory": 0.462671160697937, "0097_memory": 0.46851009130477905, "0098_memory": 0.46667981147766113, "0099_memory": 0.4645387530326843, "0100_memory": 0.45216894149780273, "0101_memory": 0.4650016725063324, "0102_memory": 0.40770256519317627, "0103_memory": 0.46997499465942383, "0104_memory": 0.46684154868125916, "0105_memory": 0.3178565502166748, "0106_memory": 0.39748644828796387, "0107_memory": 0.4510595202445984, "0108_memory": 0.45095688104629517, "0109_memory": 0.46590083837509155, "0110_memory": 0.45037686824798584, "0111_memory": 0.4617268443107605, "0112_memory": 0.4323055148124695, "0113_memory": 0.46235769987106323, "0114_memory": 0.45292380452156067, "0115_memory": 0.454323410987854, "0116_memory": 0.46440446376800537, "0117_memory": 0.43813061714172363, "0118_memory": 0.4600076675415039, "0119_memory": 0.4680221676826477, "0120_memory": 0.4570090174674988, "0121_memory": 0.4524981677532196, "0122_memory": 0.38574492931365967, "0123_memory": 0.4465688467025757, "0124_memory": 0.4640551805496216, "0125_memory": 0.4598875641822815, "0126_memory": 0.46194082498550415, "0127_memory": 0.4602394700050354, "0128_memory": 0.46449416875839233, "0129_memory": 0.4653957486152649, "0130_memory": 0.46399760246276855, "0131_memory": 0.43507298827171326, "0132_memory": 0.45915067195892334, "0133_memory": 0.45672208070755005, "0134_memory": 0.46118199825286865, "0135_memory": 0.40113312005996704, "0136_memory": 0.37076830863952637, "0137_memory": 0.4557299017906189, "0138_memory": 0.29036736488342285, "0139_memory": 0.42372405529022217, "0140_memory": 0.4502844512462616, "0141_memory": 0.31953638792037964, "0142_memory": 0.16489753127098083, "0143_memory": 0.192073792219162, "0144_memory": 0.03162278234958649, "0145_memory": 0.32338443398475647}